REGIAO;SG_UF;CD_MUNICIPIO;NM_MUNICIPIO;QT_APTOS;QT_ABSTENCOES;PCT_ABST
Exterior;ZZ;29564;CIUDAD GUAYANA;72;72;100.0
Exterior;ZZ;30686;TRÍPOLI;30;28;93.33
Exterior;ZZ;30805;WELLINGTON;3118;2779;89.13
Exterior;ZZ;30295;PASO LOS LIBRES;41;36;87.8
Exterior;ZZ;30333;PORTO PRÍNCIPE;33;28;84.85
Exterior;ZZ;29637;DAMASCO;775;657;84.77
Exterior;ZZ;99503;EDIMBURGO;4447;3753;84.39
Exterior;ZZ;29840;JACARTA;172;141;81.98
Exterior;ZZ;99430;KINGSTON-JAMAICA;103;84;81.55
Exterior;ZZ;30171;MUMBAI;55;44;80.0
Exterior;ZZ;30619;TEL AVIV;3442;2712;78.79
Exterior;ZZ;30902;HARTFORD;9181;7230;78.75
Exterior;ZZ;30325;PORT OF SPAIN;87;68;78.16
Exterior;ZZ;29513;CHICAGO;12452;9673;77.68
Exterior;ZZ;30651;CANTÃO;419;320;76.37
Exterior;ZZ;30503;SÃO FRANCISCO;15492;11596;74.85
Exterior;ZZ;29980;LOS ANGELES;18262;13653;74.76
Exterior;ZZ;30228;NOVA YORK;38953;28819;73.98
Exterior;ZZ;29505;CARACAS;994;730;73.44
Exterior;ZZ;30783;WASHINGTON;18146;13310;73.35
Exterior;ZZ;30848;XANGAI;739;542;73.34
Exterior;ZZ;30422;RIADE;311;227;72.99
Exterior;ZZ;29807;HOUSTON;16438;11938;72.62
Exterior;ZZ;30082;MANILA;229;166;72.49
Exterior;ZZ;99180;NASSAU;69;50;72.46
Exterior;ZZ;30066;MADRI;23464;16631;70.88
Exterior;ZZ;29718;GEORGETOWN;178;125;70.22
Exterior;ZZ;29351;BARCELONA;17254;12069;69.95
Exterior;ZZ;29270;ACCRA;43;30;69.77
Exterior;ZZ;30120;MILÃO;24594;17139;69.69
Exterior;ZZ;30112;MIAMI;40053;27775;69.35
Exterior;ZZ;29416;BOSTON;53358;36968;69.28
Exterior;ZZ;39080;ATLANTA;16301;11279;69.19
Exterior;ZZ;30449;ROMA;14153;9537;67.39
Exterior;ZZ;99511;MARSELHA;2660;1785;67.11
Exterior;ZZ;29343;BANGKOK;310;208;67.1
Exterior;ZZ;30104;MEXICO;3958;2643;66.78
Exterior;ZZ;30961;FARO;8271;5510;66.62
Exterior;ZZ;30163;MOSCOU;252;167;66.27
Exterior;ZZ;29483;CAIRO;203;134;66.01
Exterior;ZZ;99490;ORLANDO;26386;17392;65.91
Exterior;ZZ;30392;QUITO;993;650;65.46
Exterior;ZZ;30821;WINDHOEK;37;24;64.86
Exterior;ZZ;29858;KIEV;65;42;64.62
Exterior;ZZ;30210;NOVA DELHI;141;91;64.54
Exterior;ZZ;99155;PUERTO IGUAZÚ;62;40;64.52
Exterior;ZZ;29955;LISBOA;78607;49964;63.56
Exterior;ZZ;30198;NAGÓIA;44536;28219;63.36
Exterior;ZZ;29475;CAIENA;3117;1965;63.04
Exterior;ZZ;29408;BOGOTÁ;1499;943;62.91
Exterior;ZZ;30570;TAIPÉ;622;391;62.86
Exterior;ZZ;29998;LUANDA;716;446;62.29
Exterior;ZZ;39020;ZAGREB;136;84;61.76
Exterior;ZZ;30600;TEGUCIGALPA;152;93;61.18
Exterior;ZZ;30740;VARSÓVIA;748;457;61.1
Exterior;ZZ;29750;HANÓI;82;50;60.98
Exterior;ZZ;30287;PARIS;26957;16417;60.9
Exterior;ZZ;30279;PARAMARIBO;1430;870;60.84
Exterior;ZZ;39102;MASCATE;97;59;60.82
Exterior;ZZ;39306;ISTAMBUL;327;198;60.55
Exterior;ZZ;29971;LONDRES;37448;22651;60.49
Exterior;ZZ;29793;HONG KONG;668;404;60.48
Exterior;ZZ;30430;RIO BRANCO;58;35;60.34
Exterior;ZZ;30864;ZURIQUE;15099;9098;60.26
Exterior;ZZ;30317;PEQUIM;342;206;60.23
Exterior;ZZ;30406;RABAT;117;70;59.83
Exterior;ZZ;29912;LAGOS;82;49;59.76
Exterior;ZZ;30376;PRETÓRIA;657;392;59.67
Exterior;ZZ;30180;MUNIQUE;13374;7951;59.45
Exterior;ZZ;30562;SYDNEY;14031;8337;59.42
Exterior;ZZ;29173;KATMANDU;32;19;59.38
Exterior;ZZ;30090;MAPUTO;557;329;59.07
Exterior;ZZ;29602;CÓRDOBA;918;542;59.04
Exterior;ZZ;30244;OSLO;2185;1276;58.4
Exterior;ZZ;29378;BELGRADO;115;67;58.26
Exterior;ZZ;29335;ATENAS;1211;703;58.05
Exterior;ZZ;30201;NAIRÓBI;112;65;58.04
Exterior;ZZ;29394;BISSAU;88;51;57.95
Exterior;ZZ;29548;SINGAPURA;864;500;57.87
Exterior;ZZ;98000;GUATEMALA;284;164;57.75
Exterior;ZZ;39322;NICOSIA;137;79;57.66
Exterior;ZZ;30341;PORTO;47496;27217;57.3
Exterior;ZZ;30635;TORONTO;20953;11954;57.05
Exterior;ZZ;29491;CAMBERRA;6243;3538;56.67
Exterior;ZZ;29696;FRANKFURT;12961;7342;56.65
Exterior;ZZ;29777;HAVANA;92;52;56.52
Exterior;ZZ;29700;GENEBRA;11883;6646;55.93
Exterior;ZZ;30627;TÓQUIO;30028;16636;55.4
Exterior;ZZ;29572;COCHABAMBA;412;225;54.61
Exterior;ZZ;29360;BEIRUTE;8919;4822;54.06
Exterior;ZZ;29580;CONCEPCIÓN;78;42;53.85
Exterior;ZZ;29467;BUENOS AIRES;11748;6313;53.74
Exterior;ZZ;30538;SEUL;485;259;53.4
Exterior;ZZ;29262;ABU DHABI;2988;1592;53.28
Exterior;ZZ;30708;TUNIS;47;25;53.19
Exterior;ZZ;29947;LIMA;1616;856;52.97
Exterior;ZZ;38962;DAR ES SALAAM;34;18;52.94
Exterior;ZZ;39209;BRATISLAVA;129;68;52.71
Exterior;ZZ;30490;SÃO DOMINGOS;415;218;52.53
Exterior;ZZ;29440;BUCARESTE;130;68;52.31
Exterior;ZZ;29530;CIDADE DO CABO;355;185;52.11
Exterior;ZZ;29653;DOHA;758;394;51.98
Exterior;ZZ;29297;ANCARA;77;40;51.95
Exterior;ZZ;29254;ABIDJÃ;91;47;51.65
Exterior;ZZ;30260;PANAMA;1399;722;51.61
Exterior;ZZ;30767;VIENA;3134;1612;51.44
Exterior;ZZ;29890;KUALA LUMPUR;170;87;51.18
Exterior;ZZ;39063;VANCOUVER;12082;6170;51.07
Exterior;ZZ;39004;MENDOZA;235;119;50.64
Exterior;ZZ;30309;PEDRO JUAN CABALLERO;650;327;50.31
Exterior;ZZ;30546;SÓFIA;98;49;50.0
Exterior;ZZ;29661;DUBLIN;16720;8303;49.66
Exterior;ZZ;29742;HAMAMATSU;13729;6811;49.61
Exterior;ZZ;29432;BRUXELAS;10073;4982;49.46
Exterior;ZZ;30457;AMSTERDÃ;12752;6302;49.42
Exterior;ZZ;30368;PRAIA;146;72;49.32
Exterior;ZZ;29556;CIUDAD DEL ESTE;5094;2508;49.23
Exterior;ZZ;30520;SÃO SALVADOR;161;77;47.83
Exterior;ZZ;29327;ASSUNÇÃO;2205;1054;47.8
Exterior;ZZ;30511;SÃO JOSÉ;714;338;47.34
Exterior;ZZ;29645;DÍLI;89;42;47.19
Exterior;ZZ;29670;ENCARNACIÓN;281;132;46.98
Exterior;ZZ;30473;SANTA CRUZ DE LA SIERRA;2765;1292;46.73
Exterior;ZZ;29599;COPENHAGUE;2856;1334;46.71
Exterior;ZZ;29688;ESTOCOLMO;4866;2259;46.42
Exterior;ZZ;29386;BERLIM;15066;6862;45.55
Exterior;ZZ;30147;MONTEVIDÉU;2448;1105;45.14
Exterior;ZZ;30597;TEERÃ;45;20;44.44
Exterior;ZZ;30155;MONTREAL;10953;4852;44.3
Exterior;ZZ;29882;KUAITE;138;61;44.2
Exterior;ZZ;29289;AMÃ;1489;656;44.06
Exterior;ZZ;30074;MANÁGUA;134;59;44.03
Exterior;ZZ;29785;HELSINQUE;1278;560;43.82
Exterior;ZZ;30414;RAMALLAH;2135;933;43.7
Exterior;ZZ;29459;BUDAPESTE;810;339;41.85
Exterior;ZZ;30481;SANTIAGO;3551;1482;41.73
Exterior;ZZ;30350;PRAGA;690;279;40.43
Exterior;ZZ;30465;SALTO DEL GUAIRÁ;899;362;40.27
Sudeste;MG;51195;RIO VERMELHO;10175;4079;40.09
Exterior;ZZ;29904;LA PAZ;418;167;39.95
Sudeste;MG;52035;SANTO ANTÔNIO DO ITAMBÉ;3863;1528;39.55
Exterior;ZZ;29610;DACAR;132;52;39.39
Exterior;ZZ;30252;OTTAWA;2357;923;39.16
Sudeste;MG;53295;SERRA AZUL DE MINAS;3725;1442;38.71
Exterior;ZZ;99317;TALIN;320;123;38.44
Sudeste;MG;51632;SANTA MARIA DO SUAÇUÍ;12134;4577;37.72
Sudeste;MG;43214;CHAPADA DO NORTE;9254;3447;37.25
Centro-Oeste;GO;92231;ANHANGÜERA;1738;645;37.11
Sudeste;MG;42285;JENIPAPO DE MINAS;6076;2253;37.08
Exterior;ZZ;29319;ARTIGAS;611;226;36.99
Norte;AM;2097;BARCELOS;12648;4642;36.7
Sudeste;MG;49050;NOVO CRUZEIRO;24963;9102;36.46
Exterior;ZZ;39160;LIUBLIANA;162;59;36.42
Sudeste;MG;48119;MATERLÂNDIA;4509;1638;36.33
Sudeste;MG;41831;BUENÓPOLIS;8547;3088;36.13
Sudeste;MG;45292;FRANCISCO BADARÓ;7239;2615;36.12
Sudeste;MG;42080;FRUTA DE LEITE;5143;1857;36.11
Sudeste;MG;52892;SÃO SEBASTIÃO DO MARANHÃO;8934;3200;35.82
Sudeste;MG;41262;PADRE CARVALHO;5095;1819;35.7
Sudeste;MG;48496;MONJOLOS;2627;932;35.48
Centro-Oeste;MS;90875;INOCÊNCIA;7251;2570;35.44
Exterior;ZZ;29300;ARGEL;48;17;35.42
Sudeste;MG;48356;MINAS NOVAS;22788;8015;35.17
Sudeste;MG;51357;SABINÓPOLIS;12417;4298;34.61
Sudeste;MG;52116;SANTO HIPÓLITO;3387;1171;34.57
Centro-Oeste;MS;55000;NOVA ALVORADA DO SUL;16244;5589;34.41
Sudeste;MG;45071;FELÍCIO DOS SANTOS;5047;1729;34.26
Sudeste;MG;40096;AÇUCENA;8227;2815;34.22
Sudeste;MG;53171;SENADOR MODESTINO GONÇALVES;4784;1636;34.2
Sudeste;MG;41068;MIRAVÂNIA;4128;1400;33.91
Sudeste;MG;47392;LADAINHA;12287;4163;33.88
Centro-Oeste;MS;91863;SANTA RITA DO PARDO;5541;1870;33.75
Sudeste;MG;40509;NOVO ORIENTE DE MINAS;9100;3068;33.71
Sudeste;MG;51519;SANTA FÉ DE MINAS;3706;1249;33.7
Centro-Oeste;MS;91847;PARANHOS;9433;3176;33.67
Sudeste;MG;52833;SÃO ROMÃO;7275;2449;33.66
Centro-Oeste;MS;90034;ÁGUA CLARA;13465;4509;33.49
Sudeste;MG;51292;RUBELITA;7524;2517;33.45
Centro-Oeste;MS;98159;TACURU;7003;2340;33.41
Sudeste;MG;53414;SERRO;17103;5707;33.37
Sudeste;MG;40924;JOSENÓPOLIS;3576;1193;33.36
Sudeste;MG;41084;MONTE FORMOSO;4603;1534;33.33
Centro-Oeste;MS;91375;PORTO MURTINHO;8647;2879;33.29
Sudeste;MG;42323;JOSÉ RAYDAN;4368;1449;33.17
Sudeste;MG;42404;SETUBINHA;9306;3087;33.17
Sudeste;MG;41297;BERILO;8995;2975;33.07
Nordeste;PB;19488;MATO GROSSO;3319;1090;32.84
Sudeste;SP;62006;ILHA COMPRIDA;13297;4355;32.75
Nordeste;PE;30015;FERNANDO DE NORONHA;3657;1194;32.65
Sudeste;MG;50636;PRESIDENTE JUSCELINO;4089;1335;32.65
Sudeste;MG;48836;NACIP RAYDAN;2825;922;32.64
Sudeste;MG;50156;PIRANGA;14052;4576;32.56
Sudeste;MG;52094;SANTO ANTÔNIO DO RIO ABAIXO;2393;779;32.55
Sudeste;MG;40479;ALVORADA DE MINAS;4946;1610;32.55
Sudeste;MG;49670;PAULISTAS;4222;1368;32.4
Sudeste;MG;43257;CIPOTÂNEA;5815;1883;32.38
Centro-Oeste;GO;96113;SÍTIO D ABADIA;3498;1128;32.25
Sudeste;MG;54330;VIRGEM DA LAPA;10159;3276;32.25
Sudeste;MG;48330;MESQUITA;5447;1755;32.22
Sudeste;MG;47112;JEQUITAÍ;6548;2100;32.07
Sudeste;MG;49735;PEDRA AZUL;18355;5883;32.05
Sudeste;MG;51616;SANTA MARIA DO SALTO;4598;1472;32.01
Sudeste;MG;40118;ÁGUA BOA;11836;3786;31.99
Sudeste;MG;45594;GUANHÃES;25045;8013;31.99
Sudeste;MG;47155;JEQUITINHONHA;18092;5773;31.91
Sudeste;MG;46531;ITAMBACURI;18385;5865;31.9
Sudeste;MG;40223;FRANCISCÓPOLIS;5005;1591;31.79
Sudeste;MG;52957;SÃO SEBASTIÃO DO RIO PRETO;2043;649;31.77
Norte;AM;2291;EIRUNEPÉ;22838;7244;31.72
Sudeste;MG;53210;SENHORA DO PORTO;3323;1054;31.72
Centro-Oeste;MS;90450;BRASILÂNDIA;9576;3037;31.71
Sul;RS;85804;CIDREIRA;12724;4035;31.71
Centro-Oeste;MT;90964;NOVA NAZARÉ;3521;1116;31.7
Sudeste;MG;52051;SANTO ANTÔNIO DO JACINTO;9461;2999;31.7
Sudeste;SP;62073;BARRA DO TURVO;6314;1993;31.56
Sudeste;MG;42595;CARAÍ;15521;4882;31.45
Centro-Oeste;MT;90921;SERRA NOVA DOURADA;1725;542;31.42
Sudeste;MG;47830;MALACACHETA;15507;4871;31.41
Sudeste;MG;45110;FELISBURGO;5960;1872;31.41
Norte;AM;2453;JAPURÁ;5709;1793;31.41
Sudeste;MG;41750;BRAÚNAS;4386;1377;31.4
Sudeste;SP;61166;ROSANA;14263;4475;31.37
Sudeste;MG;47198;JOAÍMA;11145;3495;31.36
Sudeste;MG;42730;CARLOS CHAGAS;16296;5106;31.33
Sudeste;MG;45551;GRÃO MOGOL;12003;3761;31.33
Sudeste;MG;40525;PALMÓPOLIS;6338;1981;31.26
Sudeste;MG;41807;CAMPO AZUL;4494;1404;31.24
Sudeste;MG;49255;PADRE PARAÍSO;14207;4433;31.2
Sudeste;MG;47279;JOAQUIM FELÍCIO;3756;1172;31.2
Centro-Oeste;MT;90271;ARIPUANÃ;17103;5335;31.19
Sudeste;MG;46930;JACINTO;9221;2871;31.14
Centro-Oeste;MS;91413;RIBAS DO RIO PARDO;16370;5087;31.08
Sudeste;MG;44350;DIONÍSIO;6910;2138;30.94
Norte;AM;2496;JUTAÍ;15903;4919;30.93
Centro-Oeste;MT;90247;SÃO JOSÉ DO XINGU;5340;1649;30.88
Sudeste;MG;49999;PESCADOR;3581;1104;30.83
Sudeste;MG;41408;PONTO CHIQUE;3901;1201;30.79
Sudeste;MG;46450;ITAIPÉ;9564;2945;30.79
Sudeste;MG;40584;PONTO DOS VOLANTES;9457;2912;30.79
Centro-Oeste;MS;98078;ITAQUIRAÍ;14628;4499;30.76
Sudeste;SP;67237;MONGAGUÁ;50491;15501;30.7
Sudeste;MG;41386;PINTÓPOLIS;6546;2009;30.69
Nordeste;BA;38393;RIO DO PIRES;11178;3424;30.63
Sudeste;MG;52477;SÃO JOÃO DA PONTE;22992;7037;30.61
Centro-Oeste;MS;90115;AMAMBAI;27203;8323;30.6
Sudeste;MG;40932;ATALÉIA;11033;3375;30.59
Sudeste;MG;40959;AUGUSTO DE LIMA;4467;1366;30.58
Sudeste;MG;44679;DORESÓPOLIS;2217;678;30.58
Nordeste;BA;39772;MANSIDÃO;10491;3203;30.53
Nordeste;BA;35297;GONGOGI;5380;1638;30.45
Centro-Oeste;MT;90867;NOVA LACERDA;4972;1514;30.45
Sudeste;MG;40193;ÁGUAS VERMELHAS;10868;3309;30.45
Sudeste;MG;42293;CAMPOS ALTOS;10084;3068;30.42
Sudeste;MG;41963;CRISÓLITA;4714;1432;30.38
Centro-Oeste;MT;98671;COCALINHO;5454;1657;30.38
Sudeste;MG;43354;COLUNA;6936;2102;30.31
Sul;RS;88927;BALNEÁRIO PINHAL;11040;3342;30.27
Sudeste;MG;40673;ARAÇUAÍ;28297;8562;30.26
Sudeste;MG;46418;ITACARAMBI;14164;4286;30.26
Sudeste;MG;45179;FERROS;8590;2596;30.22
Sudeste;MG;54372;VIRGINÓPOLIS;8530;2577;30.21
Sudeste;MG;45918;IBIAÍ;6806;2056;30.21
Centro-Oeste;MT;91839;SÃO FÉLIX DO ARAGUAIA;8490;2562;30.18
Sudeste;SP;61085;IARAS;4414;1328;30.09
Sudeste;MG;41823;CANTAGALO;3858;1159;30.04
Sudeste;MG;45098;SÃO GONÇALO DO RIO PRETO;3128;938;29.99
Sudeste;MG;43397;COMERCINHO;6685;2004;29.98
Sudeste;MG;43818;CORINTO;19765;5923;29.97
Sudeste;MG;43613;CONGONHAS DO NORTE;4429;1327;29.96
Sudeste;SP;61450;ANHEMBI;5471;1638;29.94
Centro-Oeste;GO;92860;GUARINOS;3062;916;29.92
Sudeste;MG;48852;NANUQUE;29314;8768;29.91
Sudeste;MG;42200;IBIRACATU;5860;1752;29.9
Centro-Oeste;GO;95354;PILAR DE GOIÁS;3938;1177;29.89
Centro-Oeste;MS;91731;ELDORADO;8988;2686;29.88
Sudeste;SP;61204;ILHA SOLTEIRA;20245;6048;29.87
Nordeste;BA;36277;ITAPEBI;8383;2502;29.85
Norte;AM;2372;SANTA ISABEL DO RIO NEGRO;9379;2799;29.84
Sudeste;MG;49697;PAVÃO;6314;1884;29.84
Sudeste;SP;70114;SANDOVALINA;4876;1455;29.84
Sudeste;MG;54178;VARZELÂNDIA;17159;5119;29.83
Sudeste;MG;41483;SANTA CRUZ DE SALINAS;4496;1341;29.83
Sudeste;SP;61395;ANALÂNDIA;4681;1396;29.82
Sudeste;SP;68454;PEDRO DE TOLEDO;7891;2349;29.77
Sudeste;MG;45314;FRANCISCO DUMONT;4726;1406;29.75
Sudeste;MG;41734;BRÁS PIRES;4684;1393;29.74
Sudeste;MG;52213;SÃO FRANCISCO;41950;12471;29.73
Sudeste;MG;52310;SÃO GERALDO DA PIEDADE;3667;1090;29.72
Sudeste;MG;40967;LEME DO PRADO;4360;1295;29.7
Sudeste;MG;41742;BONITO DE MINAS;8624;2561;29.7
Norte;AM;2593;MARAÃ;9995;2967;29.68
Sudeste;MG;41033;BANDEIRA;4576;1358;29.68
Sudeste;MG;50610;PRESIDENTE BERNARDES;5729;1700;29.67
Sudeste;MG;43010;CÁSSIA;13923;4131;29.67
Centro-Oeste;GO;92495;ARUANÃ;7391;2187;29.59
Sudeste;SP;72273;VALPARAÍSO;15952;4712;29.54
Sudeste;MG;40827;SEM PEIXE;3765;1112;29.54
Sul;RS;88455;SANT ANA DO LIVRAMENTO;72220;21324;29.53
Sudeste;MG;50474;POTÉ;12644;3733;29.52
Sudeste;SP;66753;MARABÁ PAULISTA;3188;940;29.49
Centro-Oeste;MS;90859;IGUATEMI;10722;3161;29.48
Sudeste;MG;40940;JUVENÍLIA;5569;1642;29.48
Sudeste;MG;46655;ITAOBIM;16895;4977;29.46
Sudeste;MG;47210;JOANÉSIA;5118;1505;29.41
Sudeste;MG;47619;LASSANCE;6216;1827;29.39
Sudeste;MG;48739;MORRO DO PILAR;3968;1166;29.39
Centro-Oeste;MT;90948;NOVO SANTO ANTÔNIO;2039;599;29.38
Sudeste;MG;46272;IPIAÇU;3926;1153;29.37
Sul;PR;79634;MATINHOS;35293;10358;29.35
Sudeste;MG;44610;DORES DE GUANHÃES;5278;1548;29.33
Sudeste;MG;42153;CAMPANÁRIO;3378;990;29.31
Sudeste;MG;47295;JORDÂNIA;7734;2266;29.3
Sudeste;MG;40541;PEDRAS DE MARIA DA CRUZ;8112;2377;29.3
Centro-Oeste;MS;91235;NOVA ANDRADINA;35629;10432;29.28
Sudeste;MG;43494;CONCEIÇÃO DO MATO DENTRO;19793;5793;29.27
Sudeste;MG;45497;GONZAGA;4583;1341;29.26
Centro-Oeste;GO;92762;TERESINA DE GOIÁS;3252;950;29.21
Nordeste;PE;23930;CORRENTES;14583;4255;29.18
Sul;RS;88846;CHUÍ;4888;1424;29.13
Centro-Oeste;MS;90212;AQUIDAUANA;36393;10580;29.07
Sudeste;MG;54437;VOLTA GRANDE;4431;1288;29.07
Sudeste;MG;44016;COUTO DE MAGALHÃES DE MINAS;3916;1137;29.03
Sul;RS;88498;SANTA VITÓRIA DO PALMAR;23324;6771;29.03
Nordeste;PE;25453;SALOÁ;13660;3964;29.02
Sudeste;MG;50970;RIO CASCA;10834;3144;29.02
Sudeste;MG;43958;CÓRREGO DANTA;3391;984;29.02
Nordeste;PE;24295;IATI;16331;4738;29.01
Sudeste;MG;48534;MONTALVÂNIA;13202;3829;29.0
Exterior;ZZ;99473;BAREIN;69;20;28.99
Sudeste;MG;40533;CACHOEIRA DE PAJEÚ;6975;2021;28.97
Sudeste;MG;54399;VIRGOLÂNDIA;4613;1336;28.96
Sudeste;MG;42242;INDAIABIRA;6438;1864;28.95
Nordeste;PE;25011;PALMEIRINA;6511;1884;28.94
Sudeste;ES;56316;CONCEIÇÃO DA BARRA;25964;7493;28.86
Centro-Oeste;GO;93394;DAVINÓPOLIS;4145;1196;28.85
Sudeste;MG;52558;SÃO JOÃO EVANGELISTA;12840;3704;28.85
Centro-Oeste;MT;91006;CONQUISTA D OESTE;3426;988;28.84
Sudeste;SP;64416;GETULINA;7043;2031;28.84
Nordeste;PI;12106;ASSUNÇÃO DO PIAUÍ;7632;2200;28.83
Centro-Oeste;GO;92061;CAMPOS VERDES;4498;1295;28.79
Sudeste;MG;42307;JOSÉ GONÇALVES DE MINAS;3806;1095;28.77
Sudeste;MG;54119;VARGEM BONITA;2601;748;28.76
Sudeste;MG;43095;CAXAMBU;17661;5076;28.74
Sudeste;SP;63150;CARDOSO;9593;2757;28.74
Sudeste;MG;47031;JANUÁRIA;51291;14736;28.73
Sudeste;MG;44512;DOM JOAQUIM;4274;1228;28.73
Norte;AM;2216;CARAUARI;20927;6009;28.71
Sudeste;MG;52590;SÃO JOSÉ DA SAFIRA;4189;1202;28.69
Centro-Oeste;GO;93050;CAVALCANTE;7953;2281;28.68
Sudeste;MG;40410;ALTO RIO DOCE;10053;2882;28.67
Sudeste;ES;57150;PEDRO CANÁRIO;18937;5429;28.67
Nordeste;AL;27499;DOIS RIACHOS;9497;2719;28.63
Sudeste;MG;40894;ARINOS;14460;4138;28.62
Sudeste;MG;41696;BOTUMIRIM;5656;1618;28.61
Sudeste;MG;41122;NINHEIRA;8803;2517;28.59
Sudeste;SP;61000;EUCLIDES DA CUNHA PAULISTA;6336;1811;28.58
Sul;RS;87130;ITAQUI;26152;7472;28.57
Sudeste;MG;50857;RESPLENDOR;12729;3636;28.56
Centro-Oeste;GO;92770;BURITI ALEGRE;8690;2482;28.56
Sudeste;MG;46795;ITINGA;11490;3282;28.56
Norte;RO;809;CHUPINGUAIA;7696;2197;28.55
Sul;PR;74926;ALTO PARAÍSO;3269;933;28.54
Sudeste;MG;45454;GALILÉIA;5434;1551;28.54
Sudeste;MG;51411;SALTO DA DIVISA;4987;1423;28.53
Sudeste;SP;70912;SÃO JOSÉ DA BELA VISTA;6916;1971;28.5
Sudeste;MG;47856;MANGA;16127;4594;28.49
Centro-Oeste;GO;95877;SANTA TEREZA DE GOIÁS;3838;1093;28.48
Sudeste;MG;53899;TUMIRITINGA;5517;1570;28.46
Sudeste;MG;44059;CRISTÁLIA;5202;1480;28.45
Sudeste;MG;44431;DIVINOLÂNDIA DE MINAS;6375;1813;28.44
Sudeste;MG;41009;LUISLÂNDIA;6783;1927;28.41
Nordeste;AL;27014;ÁGUA BRANCA;16513;4689;28.4
Sul;RS;89516;URUGUAIANA;84488;23965;28.36
Sudeste;MG;42757;CARMÉSIA;2716;770;28.35
Norte;PA;5274;SANTA CRUZ DO ARARI;7042;1996;28.34
Centro-Oeste;GO;93297;CRIXÁS;13017;3688;28.33
Sudeste;MG;51314;RUBIM;7158;2028;28.33
Sudeste;MG;48631;MONTE SANTO DE MINAS;17062;4819;28.24
Centro-Oeste;GO;93424;PORTEIRÃO;3963;1118;28.21
Sudeste;MG;54054;UMBURATIBA;2736;771;28.18
Norte;AM;98418;PRESIDENTE FIGUEIREDO;28343;7980;28.16
Norte;AP;6084;PEDRA BRANCA DO AMAPARI;9909;2790;28.16
Centro-Oeste;MS;98035;COSTA RICA;22355;6294;28.15
Sudeste;SP;63975;ELDORADO;10787;3029;28.08
Sudeste;SP;63479;CONCHAS;12626;3545;28.08
Nordeste;PB;21059;NOVA OLINDA;5895;1654;28.06
Norte;PA;4499;CHAVES;15966;4479;28.05
Sul;RS;85596;CACHOEIRA DO SUL;64488;18059;28.0
Sudeste;SP;65439;ITANHAÉM;85052;23812;28.0
Centro-Oeste;GO;94773;MOZARLÂNDIA;12318;3449;28.0
Sudeste;MG;40339;ALMENARA;31120;8709;27.99
Nordeste;PI;10251;BARREIRAS DO PIAUÍ;3633;1016;27.97
Sudeste;MG;41955;CACHOEIRA DOURADA;2798;782;27.95
Sudeste;SP;66230;JUQUIÁ;15229;4254;27.93
Sul;RS;89354;TRAMANDAÍ;39076;10910;27.92
Norte;AM;2313;ENVIRA;10870;3030;27.87
Centro-Oeste;MS;90379;BATAGUASSU;19771;5508;27.86
Sudeste;MG;51497;SANTA EFIGÊNIA DE MINAS;3985;1110;27.85
Sudeste;SP;68535;PERUÍBE;59840;16666;27.85
Nordeste;BA;38555;SANTA CRUZ CABRÁLIA;25527;7097;27.8
Centro-Oeste;GO;93289;VILA BOA;4021;1118;27.8
Sudeste;MG;41688;ANGELÂNDIA;6879;1912;27.79
Sudeste;MG;40100;CATUJI;8492;2360;27.79
Sudeste;MG;40886;URUCUIA;7988;2220;27.79
Sudeste;MG;46230;IPANEMA;16009;4449;27.79
Nordeste;MA;7145;BACURITUBA;5647;1569;27.78
Centro-Oeste;GO;93602;LAGOA SANTA;1783;495;27.76
Sudeste;MG;40762;SÃO JOÃO DO PACUÍ;4046;1123;27.76
Sudeste;MG;43117;CEDRO DO ABAETÉ;1420;394;27.75
Sudeste;MG;52817;SÃO PEDRO DO SUAÇUÍ;4666;1295;27.75
Sudeste;MG;51934;SANTA ROSA DA SERRA;3513;975;27.75
Centro-Oeste;MS;91111;MIRANDA;20066;5563;27.72
Norte;AP;6092;OIAPOQUE;24220;6704;27.68
Nordeste;PE;23558;BUÍQUE;42576;11784;27.68
Sudeste;MG;48712;MORRO DA GARÇA;3045;843;27.68
Centro-Oeste;MS;91820;JUTI;5982;1655;27.67
Sudeste;MG;43753;CORAÇÃO DE JESUS;21928;6068;27.67
Sudeste;MG;52795;SÃO PEDRO DOS FERROS;6402;1770;27.65
Centro-Oeste;MT;90123;NOVA MARINGÁ;4626;1279;27.65
Nordeste;PB;21873;SÃO JOSÉ DE CAIANA;5643;1560;27.64
Sudeste;MG;51039;RIO ESPERA;5784;1598;27.63
Sul;PR;75850;GUARAQUEÇABA;7430;2053;27.63
Centro-Oeste;MT;90085;CANABRAVA DO NORTE;4167;1151;27.62
Sudeste;SP;67059;MIRANTE DO PARANAPANEMA;12713;3511;27.62
Nordeste;BA;38571;SANTA CRUZ DA VITÓRIA;4922;1359;27.61
Centro-Oeste;MS;98116;SELVÍRIA;7236;1995;27.57
Sudeste;MG;53716;TEÓFILO OTONI;106567;29344;27.54
Sudeste;SP;68497;PEREIRA BARRETO;19125;5263;27.52
Nordeste;PE;23094;ÁGUAS BELAS;35255;9687;27.48
Sudeste;MG;47090;JEQUERI;10390;2855;27.48
Sudeste;MG;48550;MONTE ALEGRE DE MINAS;15409;4233;27.47
Sudeste;MG;53996;UBAÍ;9797;2691;27.47
Sudeste;MG;41718;BRASÍLIA DE MINAS;27089;7438;27.46
Centro-Oeste;GO;93408;BONÓPOLIS;3730;1024;27.45
Sudeste;MG;49352;FRONTEIRA DOS VALES;4372;1200;27.45
Centro-Oeste;MS;91570;SIDROLÂNDIA;35153;9645;27.44
Sudeste;MG;41637;BONFINÓPOLIS DE MINAS;5046;1383;27.41
Sudeste;MG;51012;RIO DO PRADO;4338;1189;27.41
Sudeste;MG;49719;PEÇANHA;11993;3287;27.41
Sudeste;MG;47457;LAGOA DOS PATOS;3774;1034;27.4
Norte;TO;73393;SÃO SALVADOR DO TOCANTINS;2701;740;27.4
Sudeste;MG;46639;ITANHOMI;9623;2636;27.39
Centro-Oeste;MT;90778;GENERAL CARNEIRO;4719;1292;27.38
Sudeste;MG;41157;TRÊS MARIAS;24921;6820;27.37
Sudeste;MG;44393;DIVINO;16044;4392;27.37
Centro-Oeste;MS;90999;JARDIM;18633;5095;27.34
Nordeste;BA;35173;FIRMINO ALVES;5527;1510;27.32
Nordeste;AL;27235;CACIMBINHAS;8774;2396;27.31
Sudeste;SP;69337;PROMISSÃO;26512;7237;27.3
Sul;RS;88153;RIO GRANDE;150202;41012;27.3
Sudeste;MG;41564;SÃO FÉLIX DE MINAS;3799;1037;27.3
Centro-Oeste;MS;90190;APARECIDA DO TABOADO;19558;5338;27.29
Centro-Oeste;MT;90468;BRASNORTE;12659;3454;27.28
Sudeste;SP;62839;CAIUÁ;3755;1024;27.27
Sudeste;MG;49239;OURO VERDE DE MINAS;7237;1973;27.26
Sul;RS;86290;DOM PEDRITO;29233;7966;27.25
Sudeste;MG;47759;LUZ;14672;3993;27.22
Centro-Oeste;GO;92967;CASTELÂNDIA;3999;1088;27.21
Centro-Oeste;MT;98655;CAMPINÁPOLIS;11507;3130;27.2
Centro-Oeste;MS;91693;ANGÉLICA;8695;2365;27.2
Sudeste;SP;65617;ITAPURA;3647;992;27.2
Centro-Oeste;MT;90980;SANTA CRUZ DO XINGU;2268;617;27.2
Nordeste;AL;27049;ESTRELA DE ALAGOAS;13040;3544;27.18
Sudeste;MG;50318;PLANURA;8677;2358;27.18
Sudeste;SP;69213;PRAIA GRANDE;265311;72099;27.18
Sudeste;ES;56790;PANCAS;15876;4313;27.17
Sudeste;SP;69930;SABINO;4352;1182;27.16
Centro-Oeste;MT;89788;COLNIZA;19479;5289;27.15
Centro-Oeste;MS;90395;BATAYPORÃ;8414;2284;27.15
Nordeste;MA;9350;TIMBIRAS;21254;5771;27.15
Sul;RS;89672;PALMARES DO SUL;10969;2977;27.14
Sudeste;SP;62162;QUADRA;4032;1094;27.13
Centro-Oeste;MS;90417;BELA VISTA;16420;4453;27.12
Centro-Oeste;GO;92126;COLINAS DO SUL;3848;1042;27.08
Centro-Oeste;MS;90816;GUIA LOPES DA LAGUNA;7950;2153;27.08
Sudeste;MG;50890;RIACHO DOS MACHADOS;8031;2174;27.07
Nordeste;BA;33731;BOA NOVA;13066;3535;27.05
Centro-Oeste;GO;92118;ALTO PARAÍSO DE GOIÁS;7682;2078;27.05
Centro-Oeste;MS;90573;CASSILÂNDIA;15301;4136;27.03
Sudeste;SP;62375;BOFETE;8935;2415;27.03
Sudeste;MG;42692;CARBONITA;8159;2204;27.01
Norte;PA;4383;NOVO PROGRESSO;24783;6694;27.01
Sudeste;MG;40550;ANDRELÂNDIA;9886;2670;27.01
Centro-Oeste;MT;98710;MARCELÂNDIA;9499;2565;27.0
Sudeste;MG;44199;DATAS;5139;1387;26.99
Sul;RS;85073;ALEGRETE;55756;15036;26.97
Sudeste;SP;66990;MIRACATU;15311;4129;26.97
Centro-Oeste;MT;90581;JURUENA;7692;2074;26.96
Sul;RS;88315;ROSÁRIO DO SUL;31276;8430;26.95
Norte;AM;2399;IPIXUNA;11575;3120;26.95
Sudeste;MG;50555;PRATA;22334;6019;26.95
Sudeste;SP;68330;PAULO DE FARIA;6111;1646;26.94
Nordeste;AL;27650;INHAPI;14561;3920;26.92
Centro-Oeste;GO;93246;UIRAPURU;3080;829;26.92
Sul;RS;88692;SÃO GABRIEL;43890;11812;26.91
Sudeste;MG;41700;ARICANDUVA;5172;1390;26.88
Centro-Oeste;GO;95915;SÃO DOMINGOS;7284;1958;26.88
Centro-Oeste;MS;90131;ANASTÁCIO;18203;4891;26.87
Centro-Oeste;MS;90654;COXIM;26464;7110;26.87
Sudeste;SP;63290;CERQUEIRA CÉSAR;14958;4019;26.87
Centro-Oeste;MT;91979;SANTA TEREZINHA;5358;1439;26.86
Sudeste;MG;48275;MEDINA;16321;4381;26.84
Centro-Oeste;GO;93009;APARECIDA DO RIO DOCE;3439;923;26.84
Sul;RS;88447;MAÇAMBARÁ;3970;1065;26.83
Sudeste;MG;40487;NAQUE;5485;1471;26.82
Sudeste;SP;65676;ITARIRI;9789;2625;26.82
Sudeste;MG;46213;INIMUTABA;6575;1763;26.81
Centro-Oeste;MS;91790;MUNDO NOVO;14988;4018;26.81
Norte;AM;2011;NOVO AIRÃO;13332;3574;26.81
Norte;TO;73164;TAIPAS DO TOCANTINS;2033;545;26.81
Sul;RS;84778;PIRAPÓ;2336;626;26.8
Sudeste;ES;56189;SOORETAMA;20980;5621;26.79
Sudeste;SP;69590;RIBEIRÃO BONITO;8616;2308;26.79
Norte;AM;2003;APUÍ;11540;3090;26.78
Centro-Oeste;GO;96873;CAMPINAÇU;3775;1011;26.78
Sudeste;MG;40304;JAMPRUCA;4243;1136;26.77
Centro-Oeste;MT;98310;JUÍNA;34218;9157;26.76
Sul;RS;85588;SÃO JOSÉ DO HERVAL;2231;597;26.76
Sudeste;MG;42528;VERDELÂNDIA;6974;1866;26.76
Centro-Oeste;GO;94676;MONTE ALEGRE DE GOIÁS;5622;1504;26.75
Centro-Oeste;MT;90727;SAPEZAL;20539;5495;26.75
Sudeste;SP;71870;TEODORO SAMPAIO;17020;4553;26.75
Norte;AM;2054;ATALAIA DO NORTE;9508;2543;26.75
Sudeste;MG;40380;LONTRA;8567;2291;26.74
Sudeste;MG;52396;SÃO GONÇALO DO SAPUCAÍ;19134;5117;26.74
Sudeste;MG;41599;BOM SUCESSO;15102;4039;26.74
Nordeste;BA;34258;CANAVIEIRAS;25424;6796;26.73
Sudeste;SP;61425;NOVA CANAÃ PAULISTA;2275;608;26.73
Sudeste;MG;42099;CAMANDUCAIA;18995;5077;26.73
Nordeste;BA;36072;ITAGIMIRIM;6636;1773;26.72
Nordeste;AL;28932;TEOTÔNIO VILELA;31106;8312;26.72
Sudeste;RJ;58513;MANGARATIBA;46501;12421;26.71
Nordeste;BA;38156;PRESIDENTE JÂNIO QUADROS;10674;2851;26.71
Sul;RS;87939;PINHEIRO MACHADO;9524;2544;26.71
Sudeste;MG;45519;GOUVEIA;10625;2837;26.7
Sul;RS;85685;IMBÉ;24070;6427;26.7
Sul;RS;85316;BAGÉ;87802;23443;26.7
Nordeste;BA;36218;ITANHÉM;14916;3982;26.7
Sudeste;MG;45039;FAMA;3353;895;26.69
Sudeste;ES;56146;BREJETUBA;10987;2931;26.68
Sudeste;MG;44318;DIAMANTINA;38586;10290;26.67
Centro-Oeste;MT;99015;COMODORO;14317;3818;26.67
Centro-Oeste;MS;55050;PARAÍSO DAS ÁGUAS;4335;1156;26.67
Centro-Oeste;MS;90557;CAARAPÓ;22152;5907;26.67
Nordeste;MA;8303;SÃO JOÃO DO CARÚ;10141;2704;26.66
Centro-Oeste;GO;93092;DIVINÓPOLIS DE GOIÁS;5110;1362;26.65
Sudeste;MG;42137;CAMBUQUIRA;10157;2705;26.63
Centro-Oeste;GO;92940;ALTO HORIZONTE;6397;1703;26.62
Nordeste;MA;8605;TURILÂNDIA;15977;4252;26.61
Centro-Oeste;GO;93599;FLORES DE GOIÁS;8526;2268;26.6
Centro-Oeste;MT;90743;CAMPOS DE JÚLIO;6787;1805;26.59
Nordeste;BA;33618;BARRA DO ROCHA;4427;1177;26.59
Nordeste;PB;19364;CACIMBAS;6623;1761;26.59
Sul;PR;78158;RIBEIRÃO DO PINHAL;10165;2702;26.58
Nordeste;AL;27219;BRANQUINHA;9119;2424;26.58
Sudeste;SP;69779;RINÓPOLIS;7452;1980;26.57
Sudeste;MG;53333;SERRA DOS AIMORÉS;6251;1661;26.57
Centro-Oeste;GO;95893;SANTA TEREZINHA DE GOIÁS;8524;2264;26.56
Sudeste;MG;50458;PORTO FIRME;9025;2397;26.56
Norte;AC;1031;SANTA ROSA DO PURUS;3927;1043;26.56
Centro-Oeste;GO;94951;NOVA ROMA;3006;798;26.55
Sudeste;SP;61280;BERTIOGA;52928;14048;26.54
Sudeste;MG;50350;POÇOS DE CALDAS;122866;32602;26.53
Sul;RS;88510;SANTIAGO;39884;10582;26.53
Centro-Oeste;MT;90905;BOM JESUS DO ARAGUAIA;5661;1501;26.51
Sudeste;MG;46876;ITURAMA;30000;7951;26.5
Sul;RS;88625;BARRA DO QUARAÍ;3355;888;26.47
Nordeste;MA;9270;SÃO VICENTE FERRER;16729;4429;26.47
Centro-Oeste;GO;94897;NIQUELÂNDIA;28256;7476;26.46
Norte;AM;2798;TAPAUÁ;14621;3867;26.45
Sudeste;SP;62995;CANANÉIA;10410;2753;26.45
Nordeste;BA;36196;ITANAGRA;6668;1764;26.45
Sudeste;MG;42471;CAPETINGA;5621;1486;26.44
Centro-Oeste;MS;91650;TRÊS LAGOAS;88506;23379;26.42
Sul;PR;77330;PALMAS;32266;8523;26.41
Sudeste;MG;54313;MATHIAS LOBATO;3363;888;26.4
Sudeste;MG;40215;AIMORÉS;19149;5053;26.39
Norte;AM;2232;CAREIRO;27452;7236;26.36
Sudeste;MG;47252;JOÃO PINHEIRO;38832;10231;26.35
Centro-Oeste;MS;90433;BONITO;19254;5073;26.35
Sudeste;MG;45810;GURINHATÃ;5083;1339;26.34
Centro-Oeste;MT;90220;TABAPORÃ;8039;2116;26.32
Sudeste;MG;46833;ITUIUTABA;77491;20386;26.31
Sul;PR;78697;SÃO JERÔNIMO DA SERRA;8538;2246;26.31
Norte;AM;2470;JURUÁ;7620;2004;26.3
Sudeste;SP;66494;LUCÉLIA;13549;3563;26.3
Sudeste;SP;64491;GUAÍRA;28555;7511;26.3
Sudeste;MG;42005;CURRAL DE DENTRO;6816;1792;26.29
Sudeste;SP;65757;ITIRAPUÃ;5150;1353;26.27
Sudeste;ES;56014;AFONSO CLÁUDIO;26254;6896;26.27
Centro-Oeste;MS;90930;IVINHEMA;21196;5566;26.26
Sul;PR;75370;CURIÚVA;10807;2836;26.24
Sudeste;MG;51799;SANTANA DO RIACHO;6031;1582;26.23
Sudeste;RJ;59218;VALENÇA;56821;14897;26.22
Centro-Oeste;MS;91138;NAVIRAÍ;37528;9839;26.22
Sudeste;SP;61930;BALBINOS;1423;373;26.21
Sudeste;SP;69272;PRESIDENTE EPITÁCIO;29804;7810;26.2
Sudeste;MG;42358;CANÁPOLIS;8776;2299;26.2
Sudeste;SP;71714;TAPIRAÍ;6269;1642;26.19
Centro-Oeste;GO;96075;SERRANÓPOLIS;6621;1734;26.19
Centro-Oeste;MT;98876;PORTO ESPERIDIÃO;8053;2109;26.19
Sudeste;MG;46710;ITAPEVA;9518;2492;26.18
Sudeste;MG;42463;URUANA DE MINAS;3686;965;26.18
Sudeste;SP;71218;SÃO VICENTE;256025;67020;26.18
Sudeste;MG;53090;SARDOÁ;4955;1296;26.16
Norte;PA;4286;TRAIRÃO;12441;3254;26.16
Sudeste;MG;50814;RECREIO;7959;2081;26.15
Norte;AM;2194;CANUTAMA;10740;2808;26.15
Nordeste;MA;7307;BREJO DE AREIA;8475;2215;26.14
Centro-Oeste;MT;90840;UNIÃO DO SUL;3630;949;26.14
Sudeste;SP;62065;ARCO-ÍRIS;2331;609;26.13
Sudeste;MG;45250;FORTALEZA DE MINAS;3215;840;26.13
Norte;TO;73431;RIO DA CONCEIÇÃO;2139;559;26.13
Nordeste;MA;9075;SÃO BENTO;29322;7662;26.13
Sudeste;SP;68233;PARDINHO;6139;1604;26.13
Nordeste;MA;7692;COROATÁ;46886;12249;26.13
Sudeste;RJ;60011;RIO DE JANEIRO;4952612;1293714;26.12
Centro-Oeste;GO;96474;MINAÇU;22408;5854;26.12
Nordeste;AL;28150;OLHO D ÁGUA DO CASADO;7631;1993;26.12
Nordeste;BA;35718;IGUAÍ;17709;4626;26.12
Nordeste;MA;8958;SANTA HELENA;24651;6433;26.1
Sudeste;SP;69736;RIFAINA;5127;1338;26.1
Sul;PR;75523;PONTAL DO PARANÁ;24938;6507;26.09
Sudeste;MG;41874;BURITIZEIRO;20491;5344;26.08
Sudeste;MG;40568;PERIQUITO;6318;1648;26.08
Sudeste;MG;45136;FELIXLÂNDIA;12556;3274;26.08
Nordeste;MA;8389;SÃO PEDRO DA ÁGUA BRANCA;9693;2527;26.07
Nordeste;MA;8141;PRESIDENTE SARNEY;15655;4081;26.07
Sudeste;SP;61140;ESPÍRITO SANTO DO TURVO;3546;924;26.06
Nordeste;BA;37958;PIRIPÁ;8923;2325;26.06
Nordeste;MA;7889;MARACAÇUMÉ;15698;4091;26.06
Norte;AP;6106;SERRA DO NAVIO;4111;1071;26.05
Nordeste;MA;8109;PORTO RICO DO MARANHÃO;7200;1875;26.04
Centro-Oeste;MS;98132;SETE QUEDAS;7773;2023;26.03
Sudeste;MG;48135;MATEUS LEME;29334;7636;26.03
Nordeste;PI;10405;PASSAGEM FRANCA DO PIAUÍ;4164;1084;26.03
Centro-Oeste;GO;93637;FORMOSO;4706;1225;26.03
Sudeste;MG;42773;CARMO DA CACHOEIRA;9450;2459;26.02
Sudeste;MG;52191;SÃO DOMINGOS DO PRATA;14284;3716;26.02
Sudeste;MG;41017;BAMBUÍ;19001;4942;26.01
Sul;PR;77275;ORTIGUEIRA;20079;5220;26.0
Centro-Oeste;MS;91251;PARANAÍBA;31506;8190;26.0
Sul;RS;87211;JAGUARÃO;20370;5295;25.99
Sudeste;MG;42420;TAPARUBA;4088;1062;25.98
Sudeste;SP;62081;BREJO ALEGRE;2875;747;25.98
Sudeste;SP;67032;MIRANDÓPOLIS;17999;4676;25.98
Nordeste;MA;8737;PIRAPEMAS;12904;3351;25.97
Sudeste;MG;42064;FREI LAGONEGRO;3669;953;25.97
Nordeste;AL;27995;MATA GRANDE;18418;4784;25.97
Sudeste;MG;48291;MENDES PIMENTEL;4977;1292;25.96
Norte;RO;396;MACHADINHO D OESTE;25008;6491;25.96
Centro-Oeste;GO;92290;APORÉ;3455;897;25.96
Sudeste;MG;52930;SÃO SEBASTIÃO DO PARAÍSO;51162;13277;25.95
Sudeste;MG;54151;VÁRZEA DA PALMA;27190;7053;25.94
Norte;AM;2712;PAUINI;11565;3000;25.94
Sudeste;RJ;58289;SÃO FRANCISCO DE ITABAPOANA;39905;10352;25.94
Sudeste;MG;40126;DIVISA ALEGRE;5228;1356;25.94
Sudeste;SP;63754;DESCALVADO;24907;6459;25.93
Sudeste;SP;64297;FRANCO DA ROCHA;107865;27958;25.92
Sudeste;SP;66133;JOÃO RAMALHO;3518;912;25.92
Centro-Oeste;MT;91952;NOVA XAVANTINA;16249;4210;25.91
Norte;AM;2259;COARI;51479;13338;25.91
Sudeste;SP;64173;FLORA RICA;1428;370;25.91
Sudeste;MG;40061;CAPITÃO ANDRADE;4057;1051;25.91
Sudeste;SP;61263;ARAÇARIGUAMA;17829;4617;25.9
Sudeste;MG;40142;DIVISÓPOLIS;7088;1836;25.9
Centro-Oeste;GO;95834;SANTA RITA DO ARAGUAIA;4460;1155;25.9
Sudeste;MG;45012;EXTREMA;43712;11317;25.89
Sudeste;MG;42269;JAPONVAR;8549;2213;25.89
Sudeste;MG;41351;BIAS FORTES;3816;988;25.89
Sudeste;MG;48917;NEPOMUCENO;20890;5408;25.89
Sudeste;MG;45411;FRUTAL;42351;10962;25.88
Sudeste;MG;45357;FREI GASPAR;5965;1544;25.88
Sudeste;ES;56170;BARRA DE SÃO FRANCISCO;34548;8941;25.88
Sudeste;SP;71374;SETE BARRAS;10260;2654;25.87
Sudeste;MG;44415;DIVINO DAS LARANJEIRAS;4710;1218;25.86
Nordeste;MA;7420;CENTRAL DO MARANHÃO;7808;2018;25.85
Sudeste;MG;45713;GUARDA-MOR;6295;1627;25.85
Sudeste;SP;62014;BARÃO DE ANTONINA;2926;756;25.84
Nordeste;BA;39837;PINTADAS;8931;2308;25.84
Nordeste;BA;39756;MAETINGA;6722;1736;25.83
Centro-Oeste;GO;96059;SÃO SIMÃO;13332;3444;25.83
Sul;PR;74691;CAMBARÁ;17864;4612;25.82
Nordeste;MA;8516;PALMEIRÂNDIA;17179;4435;25.82
Nordeste;AL;28673;SÃO JOSÉ DA TAPERA;23495;6061;25.8
Sudeste;MG;52671;SÃO JOSÉ DO GOIABAL;4897;1263;25.79
Sudeste;ES;56910;SANTA TERESA;20737;5348;25.79
Sul;PR;75876;GUARATUBA;32489;8380;25.79
Sudeste;MG;41858;BURITIS;20584;5306;25.78
Sudeste;MG;41254;BELO ORIENTE;20697;5336;25.78
Sudeste;MG;43990;CÓRREGO NOVO;3921;1011;25.78
Nordeste;MA;8630;PENALVA;26013;6706;25.78
Norte;PA;4200;JACAREACANGA;13777;3551;25.77
Sul;PR;76317;JAGUAPITÃ;11056;2849;25.77
Centro-Oeste;GO;92975;CAMPOS BELOS;14899;3838;25.76
Sudeste;MG;41882;CHAPADA GAÚCHA;9589;2470;25.76
Centro-Oeste;MT;90824;GAÚCHA DO NORTE;6795;1750;25.75
Centro-Oeste;GO;93262;BURITINÓPOLIS;3507;903;25.75
Norte;PA;4685;QUATIPURU;10484;2700;25.75
Sudeste;MG;54232;VERÍSSIMO;3223;830;25.75
Norte;PA;4529;CUMARU DO NORTE;8216;2116;25.75
Sudeste;MG;47317;NOVA UNIÃO;5802;1494;25.75
Centro-Oeste;GO;96512;MUNDO NOVO;5366;1381;25.74
Centro-Oeste;MT;89843;SANTO ANTÔNIO DO LESTE;2731;703;25.74
Sudeste;MG;53856;TRÊS CORAÇÕES;56588;14560;25.73
Centro-Oeste;MT;89915;JAURU;7115;1831;25.73
Sudeste;SP;71250;SARUTAIÁ;3202;824;25.73
Sul;RS;88633;SÃO BORJA;46604;11991;25.73
Sudeste;MG;42234;CAMPO BELO;39354;10126;25.73
Sul;PR;74217;ANTONINA;15653;4027;25.73
Centro-Oeste;MT;91090;VILA BELA DA SANTÍSSIMA TRINDADE;11198;2880;25.72
Centro-Oeste;MT;98817;PEIXOTO DE AZEVEDO;23802;6123;25.72
Centro-Oeste;GO;92819;CACHOEIRA ALTA;7723;1986;25.72
Norte;AM;2836;SÃO GABRIEL DA CACHOEIRA;32420;8328;25.69
Sudeste;SP;61107;GUATAPARÁ;5765;1481;25.69
Sudeste;MG;50075;PIEDADE DOS GERAIS;5270;1353;25.67
Sudeste;MG;44237;DELFINÓPOLIS;6314;1621;25.67
Centro-Oeste;MS;90298;BANDEIRANTES;6799;1745;25.67
Centro-Oeste;MS;91499;ROCHEDO;4984;1279;25.66
Sudeste;MG;53651;TAQUARAÇU DE MINAS;5759;1478;25.66
Sudeste;ES;56650;MANTENÓPOLIS;10402;2669;25.66
Sul;RS;86720;GARRUCHOS;2516;645;25.64
Norte;AM;2852;URUCARÁ;12648;3241;25.62
Sudeste;SP;69256;PRESIDENTE BERNARDES;10209;2616;25.62
Centro-Oeste;GO;94650;MOIPORÁ;2507;642;25.61
Sudeste;SP;70190;ÁGUAS DE SANTA BÁRBARA;5392;1381;25.61
Nordeste;MA;7455;CAJAPIÓ;10224;2618;25.61
Nordeste;BA;36935;MACAJUBA;10033;2569;25.61
Centro-Oeste;MT;90883;NOVA UBIRATÃ;7592;1944;25.61
Nordeste;PE;25291;QUIPAPÁ;15431;3950;25.6
Norte;AM;2070;AUTAZES;32340;8273;25.58
Sudeste;MG;45853;IAPU;8427;2154;25.56
Centro-Oeste;MT;91391;POXORÉU;14509;3708;25.56
Centro-Oeste;GO;96016;SÃO MIGUEL DO ARAGUAIA;18389;4700;25.56
Sudeste;MG;49190;OURO FINO;25443;6501;25.55
Nordeste;PI;10898;GUADALUPE;8682;2217;25.54
Sudeste;MG;42170;CAMPANHA;12729;3249;25.52
Centro-Oeste;GO;94277;IVOLÂNDIA;3148;803;25.51
Sudeste;MG;47899;MANHUMIRIM;17013;4340;25.51
Norte;PA;5339;SANTANA DO ARAGUAIA;25280;6450;25.51
Centro-Oeste;MT;98990;VILA RICA;13846;3531;25.5
Norte;AM;2992;CAAPIRANGA;9486;2419;25.5
Sul;PR;74012;ABATIÁ;5976;1524;25.5
Sudeste;MG;48933;NOVA ERA;15012;3828;25.5
Centro-Oeste;MT;89960;RONDOLÂNDIA;3084;786;25.49
Nordeste;AL;27618;IGACI;20525;5231;25.49
Sul;RS;87521;QUEVEDOS;2385;608;25.49
Nordeste;MA;8583;TUFILÂNDIA;6051;1542;25.48
Sudeste;SP;66656;MACEDÔNIA;4105;1046;25.48
Sudeste;MG;50679;PRESIDENTE OLEGÁRIO;16281;4148;25.48
Norte;TO;93130;CONCEIÇÃO DO TOCANTINS;3643;928;25.47
Centro-Oeste;GO;93386;AMARALINA;2969;756;25.46
Nordeste;MA;8532;PARAIBANO;14960;3809;25.46
Sudeste;SP;64459;GUAIÇARA;8162;2077;25.45
Nordeste;PE;24457;IPUBI;24789;6308;25.45
Norte;PA;4081;TUCUMÃ;28014;7129;25.45
Sudeste;MG;42455;CAPELINHA;31072;7905;25.44
Nordeste;BA;34819;CORIBE;12810;3259;25.44
Nordeste;AL;28231;PALESTINA;4992;1270;25.44
Sudeste;MG;51390;SALINAS;33019;8400;25.44
Centro-Oeste;MS;90972;JARAGUARI;6048;1538;25.43
Sudeste;SP;69370;QUEIROZ;3299;839;25.43
Centro-Oeste;MS;91316;PONTA PORÃ;69957;17787;25.43
Centro-Oeste;GO;92789;TROMBAS;3059;778;25.43
Sudeste;SP;64858;IACRI;4766;1212;25.43
Nordeste;CE;13714;CATARINA;9892;2516;25.43
Sudeste;MG;44911;ESTRELA DALVA;2914;741;25.43
Norte;PA;4715;ITAITUBA;85347;21702;25.43
Sudeste;MG;50296;PIUMHI;26253;6675;25.43
Centro-Oeste;GO;92983;JESÚPOLIS;2726;693;25.42
Centro-Oeste;GO;92223;FAINA;6624;1684;25.42
Sudeste;SP;61859;AVAÍ;4189;1065;25.42
Sudeste;MG;50377;POCRANE;7548;1919;25.42
Nordeste;PE;23248;MANARI;14245;3620;25.41
Sudeste;MG;48011;MARILAC;4681;1189;25.4
Centro-Oeste;MT;89834;PARANATINGA;16917;4297;25.4
Sudeste;SP;67970;OURO VERDE;6097;1548;25.39
Sudeste;SP;69957;SAGRES;2091;531;25.39
Sudeste;MG;40592;ANTÔNIO DIAS;9101;2311;25.39
Centro-Oeste;GO;93068;PEROLÂNDIA;3152;800;25.38
Nordeste;AL;27910;MARAVILHA;8963;2273;25.36
Sudeste;SP;71099;SÃO PEDRO;28554;7240;25.36
Sudeste;MG;49956;PERDIZES;14146;3588;25.36
Centro-Oeste;MT;90760;CARLINDA;8400;2129;25.35
Sudeste;MG;41521;SANTO ANTÔNIO DO RETIRO;6670;1691;25.35
Centro-Oeste;MT;90913;ITIQUIRA;9345;2369;25.35
Norte;PA;4847;SAPUCAIA;5430;1376;25.34
Sul;PR;75175;CONGONHINHAS;6609;1675;25.34
Sudeste;MG;45330;FRANCISCO SÁ;19570;4959;25.34
Sudeste;MG;41416;BOA ESPERANÇA;32515;8237;25.33
Sudeste;MG;50237;PIRAPORA;41904;10613;25.33
Norte;AM;2674;NOVO ARIPUANÃ;13283;3360;25.3
Centro-Oeste;MT;89990;PONTES E LACERDA;34620;8760;25.3
Sudeste;MG;43893;CORONEL MURTA;7295;1845;25.29
Sudeste;MG;45896;IBIÁ;16840;4258;25.29
Sudeste;ES;56537;ITAGUAÇU;11742;2968;25.28
Nordeste;SE;32310;SANTO AMARO DAS BROTAS;10453;2642;25.28
Nordeste;BA;39497;UNA;16864;4263;25.28
Sudeste;SP;64033;EMBU-GUAÇU;53717;13581;25.28
Centro-Oeste;MS;98175;TAQUARUSSU;3942;996;25.27
Sudeste;ES;56413;ECOPORANGA;19065;4816;25.26
Centro-Oeste;MT;90387;NOVA BANDEIRANTES;10127;2558;25.26
Sudeste;SP;63177;CASA BRANCA;19558;4938;25.25
Sul;RS;85570;CACEQUI;8495;2145;25.25
Sul;PR;76252;IVATUBA;3152;796;25.25
Sudeste;MG;41777;BRAZÓPOLIS;12541;3165;25.24
Sudeste;SP;63436;COLÔMBIA;5800;1464;25.24
Nordeste;PE;23639;CAETÉS;20683;5218;25.23
Sudeste;MG;48992;NOVA PONTE;13442;3391;25.23
Sul;RS;88439;SANTANA DA BOA VISTA;6598;1665;25.23
Nordeste;BA;38342;RIBEIRÃO DO LARGO;8797;2218;25.21
Sudeste;MG;44938;ESTRELA DO INDAIÁ;2723;686;25.19
Centro-Oeste;GO;94536;MARZAGÃO;3001;756;25.19
Sudeste;SP;70459;SANTANA DA PONTE PENSA;1925;485;25.19
Centro-Oeste;GO;94870;NERÓPOLIS;25856;6512;25.19
Sudeste;MG;50393;POMPÉU;24330;6128;25.19
Norte;PA;4537;CONCEIÇÃO DO ARAGUAIA;33537;8448;25.19
Sudeste;MG;41181;NOVORIZONTE;4973;1252;25.18
Sudeste;SP;70556;SANTO ANASTÁCIO;15054;3791;25.18
Nordeste;BA;39438;UBAITABA;14272;3593;25.18
Nordeste;AL;27316;CANAPI;14793;3724;25.17
Norte;PA;4090;ALMEIRIM;23890;6012;25.17
Sudeste;MG;41785;CABECEIRA GRANDE;5891;1483;25.17
Centro-Oeste;GO;93777;GOIÁS;19216;4835;25.16
Nordeste;BA;35599;IBIRATAIA;16014;4028;25.15
Sudeste;MG;44636;DORES DO INDAIÁ;10109;2542;25.15
Centro-Oeste;MS;90611;CORGUINHO;4479;1126;25.14
Centro-Oeste;GO;92568;SANTA FÉ DE GOIÁS;4208;1058;25.14
Nordeste;BA;35947;ITABELA;22120;5561;25.14
Sudeste;SP;63134;CARAPICUÍBA;290495;73038;25.14
Sudeste;SP;65072;IGUAPE;22106;5555;25.13
Sudeste;SP;61050;AGUAÍ;24235;6091;25.13
Sudeste;SP;62197;BAURU;278336;69900;25.11
Nordeste;MA;7943;MATÕES DO NORTE;7654;1922;25.11
Sudeste;MG;41904;CÔNEGO MARINHO;6340;1592;25.11
Sul;PR;76090;IRETAMA;7961;1998;25.1
Nordeste;BA;39357;TREMEDAL;15421;3870;25.1
Sudeste;MG;43699;CONSOLAÇÃO;2032;510;25.1
Sudeste;MG;42536;CAPITÃO ENÉAS;13076;3281;25.09
Sudeste;MG;43877;CORONEL FABRICIANO;79951;20059;25.09
Centro-Oeste;MS;91472;RIO VERDE DE MATO GROSSO;13917;3490;25.08
Sul;PR;77658;PINHÃO;23849;5979;25.07
Norte;AM;2933;ANAMÃ;9177;2301;25.07
Nordeste;MA;8621;VILA NOVA DOS MARTÍRIOS;8903;2232;25.07
Sudeste;SP;61824;PARISI;3085;773;25.06
Sul;PR;74594;BOCAIÚVA DO SUL;10205;2556;25.05
Sudeste;MG;53058;SÃO VICENTE DE MINAS;5681;1423;25.05
Sudeste;SP;68772;PIRAJU;21986;5505;25.04
Norte;AP;6130;LARANJAL DO JARI;28170;7055;25.04
Sudeste;MG;45730;GUAXUPÉ;39360;9851;25.03
Sul;RS;89010;SAPUCAIA DO SUL;102445;25646;25.03
Sudeste;MG;42315;CAMPOS GERAIS;20481;5127;25.03
Sudeste;MG;44334;DIOGO DE VASCONCELOS;3860;966;25.03
Sudeste;MG;51136;RIO PIRACICABA;12444;3115;25.03
Centro-Oeste;GO;93181;MONTIVIDIU DO NORTE;3716;930;25.03
Sudeste;MG;45616;GUAPÉ;10938;2738;25.03
Sul;PR;75663;TAMARANA;9024;2259;25.03
Centro-Oeste;GO;92614;BALIZA;3329;833;25.02
Norte;PA;4707;CANAÃ DOS CARAJÁS;73378;18350;25.01
Sudeste;SP;64793;GUZOLÂNDIA;3558;890;25.01
Centro-Oeste;MT;98639;ARAGUAIANA;3259;815;25.01
Sul;PR;77038;MIRADOR;2160;540;25.0
Centro-Oeste;MT;90069;QUERÊNCIA;18997;4750;25.0
Centro-Oeste;MT;73709;BOA ESPERANÇA DO NORTE;4326;1081;24.99
Sul;SC;83739;URUSSANGA;17330;4330;24.99
Sudeste;MG;42552;CAPITÓLIO;8244;2060;24.99
Sudeste;SP;62235;BENTO DE ABREU;2146;536;24.98
Sudeste;SP;68578;PIEDADE;42011;10496;24.98
Nordeste;PI;12246;MILTON BRANDÃO;7087;1770;24.98
Sul;PR;84573;FIGUEIRA;6360;1589;24.98
Sudeste;SP;72117;UBIRAJARA;3995;998;24.98
Sudeste;MG;41300;PATIS;5226;1305;24.97
Sudeste;MG;40657;ARACITABA;2839;709;24.97
Norte;AC;1139;FEIJÓ;24197;6041;24.97
Sudeste;MG;41769;BUGRE;4366;1090;24.97
Sudeste;MG;44652;DORES DO TURVO;5453;1361;24.96
Centro-Oeste;MT;90808;NOVO MUNDO;6075;1516;24.95
Nordeste;MA;9172;SÃO JOÃO BATISTA;20103;5016;24.95
Norte;TO;95214;PARANÃ;8577;2140;24.95
Sudeste;SP;61271;ÁLVARO DE CARVALHO;2756;687;24.93
Centro-Oeste;GO;92622;SÃO JOÃO DA PARAÚNA;2198;548;24.93
Sul;PR;79774;FRANCISCO ALVES;6100;1520;24.92
Sul;PR;78115;RESERVA;20369;5074;24.91
Sudeste;MG;41602;SÃO JOÃO DAS MISSÕES;9981;2485;24.9
Sudeste;MG;42110;CAMBUÍ;22533;5611;24.9
Sul;RS;89567;PEDRAS ALTAS;1976;492;24.9
Sudeste;SP;65650;ITARARÉ;33780;8411;24.9
Sudeste;SP;64653;GUARARAPES;23595;5876;24.9
Nordeste;BA;33472;AURELINO LEAL;9612;2393;24.9
Nordeste;AL;27278;CAMPO ALEGRE;27042;6732;24.89
Sul;RS;87513;MOSTARDAS;9243;2301;24.89
Sudeste;MG;40444;MATIAS CARDOSO;7349;1829;24.89
Sudeste;MG;43532;CONCEIÇÃO DO RIO VERDE;10403;2589;24.89
Sudeste;SP;69639;RIBEIRÃO CORRENTE;4387;1091;24.87
Sudeste;SP;66435;LINS;53771;13372;24.87
Nordeste;PE;25798;SERRITA;17061;4243;24.87
Sudeste;MG;40312;ALFENAS;61027;15172;24.86
Norte;AM;98434;RIO PRETO DA EVA;23243;5775;24.85
Nordeste;MA;7633;CODÓ;82435;20486;24.85
Sul;SC;80977;DIONÍSIO CERQUEIRA;12090;3004;24.85
Sudeste;MG;41130;BARRA LONGA;5500;1367;24.85
Sudeste;SP;62243;IPIGUÁ;4916;1221;24.84
Sudeste;MG;50792;RAUL SOARES;18357;4558;24.83
Nordeste;BA;36790;LAJEDÃO;4258;1057;24.82
Centro-Oeste;GO;94137;ITAPACI;15697;3894;24.81
Nordeste;PB;19500;BERNARDINO BATISTA;3353;832;24.81
Centro-Oeste;GO;93360;ABADIA DE GOIÁS;15631;3878;24.81
Sudeste;MG;44091;CRISTINA;8297;2058;24.8
Sudeste;SP;64270;FRANCISCO MORATO;126796;31446;24.8
Sudeste;SP;65730;ITIRAPINA;10400;2579;24.8
Sudeste;SP;65030;IGARAPAVA;19718;4890;24.8
Nordeste;BA;39926;SÃO JOSÉ DA VITÓRIA;5258;1304;24.8
Sul;RS;89150;CAPÃO DA CANOA;46049;11414;24.79
Nordeste;PI;12076;SÃO MIGUEL DO TAPUIO;15612;3870;24.79
Sudeste;SP;62405;PAULISTÂNIA;1993;494;24.79
Sudeste;MG;54194;VAZANTE;16950;4200;24.78
Sul;PR;74470;BARBOSA FERRAZ;8859;2195;24.78
Sudeste;SP;62154;BASTOS;16975;4206;24.78
Sudeste;SP;61603;ITAOCA;3039;753;24.78
Nordeste;BA;35998;ITACARÉ;19616;4860;24.78
Sudeste;MG;44172;CURVELO;61304;15193;24.78
Centro-Oeste;MS;98094;SÃO GABRIEL DO OESTE;23080;5717;24.77
Sudeste;MG;42544;VEREDINHA;5268;1305;24.77
Sudeste;SP;68110;PARAGUAÇU PAULISTA;29958;7421;24.77
Sul;PR;77259;NOVA LONDRINA;9738;2411;24.76
Sudeste;SP;67652;NOVA INDEPENDÊNCIA;3505;868;24.76
Centro-Oeste;MT;90786;FELIZ NATAL;7181;1778;24.76
Nordeste;BA;30732;ARATACA;6559;1624;24.76
Sul;PR;74373;ASSAÍ;12321;3051;24.76
Norte;AC;1104;JORDÃO;5999;1485;24.75
Sudeste;MG;41670;BOTELHOS;12776;3162;24.75
Sudeste;MG;52698;SÃO JOSÉ DO JACURI;5252;1300;24.75
Norte;PA;5959;OURILÂNDIA DO NORTE;25886;6407;24.75
Sudeste;MG;41505;SANTA HELENA DE MINAS;5344;1322;24.74
Centro-Oeste;MS;90492;CAMAPUÃ;10948;2708;24.74
Sul;PR;74039;ADRIANÓPOLIS;5781;1430;24.74
Nordeste;BA;34398;CARDEAL DA SILVA;8041;1989;24.74
Sudeste;MG;40290;ALÉM PARAÍBA;27004;6681;24.74
Sudeste;SP;68713;PIQUETE;10045;2485;24.74
Sudeste;SP;63630;CRAVINHOS;27124;6708;24.73
Sul;PR;76139;ITAMBARACÁ;5267;1302;24.72
Sudeste;MG;41289;PAI PEDRO;5550;1372;24.72
Sudeste;MG;40460;MONTEZUMA;5966;1474;24.71
Norte;RO;230;COLORADO DO OESTE;13478;3331;24.71
Sudeste;MG;51870;SANTA RITA DE IBITIPOCA;3384;836;24.7
Nordeste;BA;37419;MUCURI;27873;6886;24.7
Sul;PR;78131;RIBEIRÃO CLARO;9867;2437;24.7
Norte;AM;98370;ITAMARATI;7343;1814;24.7
Centro-Oeste;MS;91030;LADÁRIO;13609;3361;24.7
Sul;PR;76511;JUNDIAÍ DO SUL;2911;719;24.7
Sudeste;MG;45470;GONÇALVES;4111;1015;24.69
Sul;SC;83194;SÃO FRANCISCO DO SUL;42667;10535;24.69
Nordeste;BA;36951;MACARANI;12841;3171;24.69
Sudeste;SP;72095;UBATUBA;77900;19231;24.69
Centro-Oeste;GO;93750;GOIANIRA;47570;11746;24.69
Sudeste;SP;68837;PIRAPORA DO BOM JESUS;14158;3494;24.68
Centro-Oeste;MT;98612;ALTO TAQUARI;7979;1969;24.68
Sudeste;SP;70513;SANTA RITA DO PASSA QUATRO;19993;4933;24.67
Nordeste;BA;36099;ITAJU DO COLÔNIA;6225;1536;24.67
Sudeste;SP;64394;GENERAL SALGADO;7966;1965;24.67
Nordeste;PE;25674;SÃO JOSÉ DA COROA GRANDE;17746;4377;24.66
Centro-Oeste;MS;91430;RIO BRILHANTE;26188;6459;24.66
Centro-Oeste;GO;92690;BOM JESUS;18138;4473;24.66
Sudeste;MG;45390;FRONTEIRA;10748;2650;24.66
Sudeste;SP;66052;JARINU;26768;6600;24.66
Sudeste;MG;40266;IPABA;13853;3416;24.66
Sudeste;MG;40606;RIACHINHO;6015;1483;24.66
Sudeste;MG;40282;JAÍBA;27130;6689;24.66
Sudeste;SP;66532;LUÍS ANTÔNIO;10065;2481;24.65
Centro-Oeste;GO;94218;ITARUMÃ;4683;1154;24.64
Sudeste;ES;56456;GUAÇUÍ;22346;5503;24.63
Sul;RS;88099;QUARAÍ;17670;4353;24.63
Sudeste;MG;41149;NOVA BELÉM;3553;875;24.63
Sul;PR;74292;ARAPOTI;19003;4680;24.63
Sudeste;SP;61433;ANGATUBA;17865;4400;24.63
Sudeste;MG;47716;LIMA DUARTE;14497;3569;24.62
Sudeste;SP;68691;PIQUEROBI;3115;767;24.62
Nordeste;MA;8060;PEDRO DO ROSÁRIO;18241;4491;24.62
Sul;RS;84905;JAQUIRANA;3757;925;24.62
Sudeste;MG;41580;SÃO GERALDO DO BAIXIO;3221;793;24.62
Sul;SC;80209;TIMBÓ GRANDE;5898;1452;24.62
Sul;PR;77437;PARANACITY;7616;1874;24.61
Nordeste;AL;27413;COLÔNIA LEOPOLDINA;15416;3792;24.6
Norte;PA;5991;SANTA MARIA DAS BARREIRAS;13340;3281;24.6
Centro-Oeste;MT;98779;NOVO SÃO JOAQUIM;5505;1354;24.6
Nordeste;PB;19747;PEDRO RÉGIS;5725;1408;24.59
Nordeste;PE;23850;CEDRO;10190;2506;24.59
Sudeste;SP;64815;HERCULÂNDIA;6937;1706;24.59
Sudeste;MG;51950;SANTA VITÓRIA;17312;4257;24.59
Sudeste;MG;46175;INHAPIM;19666;4836;24.59
Sudeste;MG;40452;ALVINÓPOLIS;13098;3221;24.59
Sudeste;SP;65935;JACUPIRANGA;12334;3032;24.58
Sudeste;SP;68292;PAULICÉIA;5955;1464;24.58
Norte;AC;1473;TARAUACÁ;29970;7367;24.58
Sul;SC;83054;SANTA CECÍLIA;12255;3012;24.58
Sudeste;MG;41360;PINGO D ÁGUA;4149;1020;24.58
Sudeste;ES;56693;MONTANHA;15424;3790;24.57
Nordeste;BA;30953;GUAJERU;6431;1580;24.57
Sudeste;MG;41394;BIQUINHAS;2682;659;24.57
Sudeste;SP;64475;GUAIMBÊ;4479;1100;24.56
Sudeste;SP;61530;APIAÍ;18737;4600;24.55
Sul;RS;85499;BOSSOROCA;5117;1256;24.55
Sul;RS;86320;ARAMBARÉ;3684;904;24.54
Nordeste;AL;27081;CAMPESTRE;6077;1491;24.54
Sudeste;MG;49093;OLÍMPIO NORONHA;2869;704;24.54
Sudeste;SP;61883;SÃO JOÃO DE IRACEMA;1809;444;24.54
Sudeste;SP;63835;DOIS CÓRREGOS;18565;4554;24.53
Nordeste;MA;9237;SÃO MATEUS DO MARANHÃO;30147;7392;24.52
Sul;PR;74535;BELA VISTA DO PARAÍSO;12282;3012;24.52
Sudeste;MG;46051;IGUATAMA;6258;1534;24.51
Nordeste;PE;26115;TRINDADE;25102;6152;24.51
Norte;PA;4588;BANNACH;3170;777;24.51
Sudeste;SP;62596;BROTAS;17821;4366;24.5
Sul;RS;87874;PEDRO OSÓRIO;6862;1681;24.5
Norte;TO;92541;SAMPAIO;4157;1018;24.49
Sudeste;SP;63894;DRACENA;33614;8229;24.48
Sul;PR;84514;CANTAGALO;9118;2232;24.48
Sudeste;SP;61670;AREALVA;6343;1552;24.47
Sudeste;MG;53015;SÃO TOMÁS DE AQUINO;5951;1456;24.47
Centro-Oeste;GO;93351;DAMIANÓPOLIS;4024;984;24.45
Sudeste;MG;53198;SENHORA DE OLIVEIRA;5747;1405;24.45
Sudeste;SP;71811;TATUÍ;88765;21692;24.44
Norte;RO;493;ITAPUÃ DO OESTE;7204;1761;24.44
Nordeste;AL;27537;FELIZ DESERTO;3975;971;24.43
Sudeste;MG;44539;DOM SILVÉRIO;4478;1094;24.43
Norte;AM;2615;MAUÉS;38063;9297;24.43
Sudeste;SP;69116;PORANGABA;7483;1827;24.42
Sudeste;SP;70432;SANTA MERCEDES;2679;654;24.41
Nordeste;BA;34738;CONDEÚBA;15144;3697;24.41
Sul;SC;81663;ITAPOÁ;21623;5279;24.41
Sudeste;SP;65510;ITAPEVI;168609;41159;24.41
Norte;TO;73504;TALISMÃ;2560;625;24.41
Centro-Oeste;MT;98698;ITAÚBA;4349;1061;24.4
Sul;RS;85375;BARRA DO RIBEIRO;10239;2497;24.39
Norte;AM;2020;GUAJARÁ;12171;2969;24.39
Sudeste;MG;46574;ITAMOGI;9062;2209;24.38
Sudeste;MG;42366;SÃO SEBASTIÃO DO ANTA;5604;1366;24.38
Centro-Oeste;GO;94510;MARA ROSA;9165;2234;24.38
Sudeste;MG;46256;IPATINGA;176630;43053;24.37
Nordeste;PE;25194;PETROLÂNDIA;26448;6444;24.36
Sudeste;SP;65099;ILHABELA;31086;7574;24.36
Sudeste;SP;69531;REGISTRO;45214;11013;24.36
Sudeste;SP;66176;JÚLIO MESQUITA;3690;899;24.36
Sul;PR;76198;ITAÚNA DO SUL;2788;679;24.35
Nordeste;MA;7005;ÁGUA DOCE DO MARANHÃO;11520;2805;24.35
Sudeste;MG;54453;ITAÚ DE MINAS;12435;3028;24.35
Sudeste;SP;70718;SANTOS;348832;84897;24.34
Sudeste;SP;70033;SALMOURÃO;3874;943;24.34
Sul;PR;75302;ESPERANÇA NOVA;2112;514;24.34
Sudeste;MG;51233;ROCHEDO DE MINAS;2917;710;24.34
Nordeste;BA;34150;CAMAMU;24576;5981;24.34
Nordeste;BA;36030;ITAGI;10639;2589;24.33
Sudeste;SP;70335;SANTA FÉ DO SUL;25810;6279;24.33
Sul;RS;88170;RIO PARDO;28673;6977;24.33
Norte;PA;4723;ANAPU;25278;6149;24.33
Nordeste;AL;28797;TANQUE D ARCA;6000;1459;24.32
Sudeste;MG;41815;BUENO BRANDÃO;8694;2114;24.32
Centro-Oeste;MT;90263;APIACÁS;6340;1542;24.32
Sudeste;SP;69558;RESTINGA;6817;1657;24.31
Centro-Oeste;MS;91782;CHAPADÃO DO SUL;23000;5591;24.31
Sudeste;SP;64572;GUARAÇAÍ;6153;1496;24.31
Nordeste;MA;7706;ITAIPAVA DO GRAJAÚ;11234;2731;24.31
Sudeste;SP;65579;ITAPORANGA;11006;2674;24.3
Centro-Oeste;MS;91804;DOIS IRMÃOS DO BURITI;8601;2089;24.29
Centro-Oeste;GO;96237;TRÊS RANCHOS;3894;946;24.29
Norte;PA;4448;BREU BRANCO;32173;7814;24.29
Sul;PR;79731;TAPIRA;4694;1140;24.29
Centro-Oeste;MT;90549;CASTANHEIRA;6035;1465;24.28
Sudeste;MG;46493;ITAMARANDIBA;26424;6415;24.28
Sul;PR;79235;TIBAGI;14864;3609;24.28
Sul;PR;74110;ALTO PIQUIRI;7426;1803;24.28
Centro-Oeste;GO;92630;BARRO ALTO;10023;2434;24.28
Sudeste;MG;40517;ANDRADAS;30179;7327;24.28
Sudeste;MG;52337;SÃO GONÇALO DO ABAETÉ;5648;1371;24.27
Sudeste;SP;61387;EMILIANÓPOLIS;2716;659;24.26
Nordeste;BA;37150;MARAÚ;16481;3999;24.26
Nordeste;MA;8052;SÃO LUÍS GONZAGA DO MARANHÃO;17211;4175;24.26
Nordeste;RN;17930;PEDRO AVELINO;6554;1590;24.26
Sudeste;MG;52019;SANTO ANTÔNIO DO GRAMA;3941;956;24.26
Sudeste;SP;65218;IPERÓ;21605;5242;24.26
Sudeste;SP;67938;OSVALDO CRUZ;22809;5532;24.25
Sudeste;SP;65790;ITU;128825;31243;24.25
Sudeste;MG;40240;ICARAÍ DE MINAS;8823;2140;24.25
Norte;RO;19;GUAJARÁ-MIRIM;28928;7015;24.25
Nordeste;BA;35351;GUARATINGA;15720;3810;24.24
Centro-Oeste;GO;92649;SÃO LUIZ DO NORTE;5107;1238;24.24
Centro-Oeste;MT;90344;PLANALTO DA SERRA;3110;754;24.24
Norte;AM;2151;BOCA DO ACRE;23223;5629;24.24
Nordeste;BA;34371;CARAVELAS;16260;3940;24.23
Sul;PR;84611;SARANDI;72031;17453;24.23
Sul;PR;75914;IBIPORÃ;39987;9685;24.22
Sudeste;MG;47635;LAVRAS;75558;18298;24.22
Centro-Oeste;MT;98191;JUARA;25464;6166;24.21
Sudeste;MG;54097;URUCÂNIA;8712;2109;24.21
Nordeste;PE;25577;SÃO BENEDITO DO SUL;7832;1896;24.21
Nordeste;AL;27596;IBATEGUARA;11536;2792;24.2
Centro-Oeste;GO;92916;CAMPESTRE DE GOIÁS;4041;978;24.2
Sul;PR;74268;DIAMANTE DO SUL;3479;842;24.2
Sudeste;MG;47678;LEOPOLDINA;40162;9715;24.19
Sudeste;SP;67717;NOVO HORIZONTE;28606;6920;24.19
Nordeste;PE;24317;IBIMIRIM;21737;5258;24.19
Sudeste;MG;48976;NOVA MÓDICA;3589;868;24.19
Sudeste;MG;43052;CATAGUASES;52112;12608;24.19
Nordeste;CE;15075;PARAMBU;27269;6593;24.18
Centro-Oeste;GO;96334;URUAÇU;30439;7361;24.18
Sudeste;SP;70416;SANTA MARIA DA SERRA;4225;1021;24.17
Nordeste;AL;27251;CAJUEIRO;14474;3499;24.17
Sudeste;RJ;58777;PETRÓPOLIS;239569;57915;24.17
Sudeste;MG;53376;SERRANIA;6378;1541;24.16
Norte;RO;477;CANDEIAS DO JAMARI;20465;4945;24.16
Sudeste;MG;42145;GOIABEIRA;3104;750;24.16
Sudeste;SP;66214;JUNQUEIRÓPOLIS;14112;3409;24.16
Nordeste;PI;12017;SÃO JOSÉ DO PEIXE;3371;814;24.15
Sul;PR;74918;CARLÓPOLIS;12148;2934;24.15
Sudeste;SP;71757;TAQUARITINGA;38620;9325;24.15
Sudeste;SP;61360;BARRA DO CHAPÉU;4672;1128;24.14
Sudeste;SP;69892;RUBIÁCEA;2390;577;24.14
Centro-Oeste;GO;92894;CALDAS NOVAS;68138;16446;24.14
Centro-Oeste;MS;90158;ANAURILÂNDIA;6297;1520;24.14
Norte;TO;92479;ARRAIAS;8201;1979;24.13
Nordeste;BA;36358;ITAQUARA;6754;1630;24.13
Sul;PR;75892;IBAITI;21627;5217;24.12
Sudeste;MG;46396;ITACAMBIRA;4825;1164;24.12
Sudeste;MG;51071;RIO NOVO;7131;1719;24.11
Sudeste;SP;63037;CÂNDIDO RODRIGUES;2853;688;24.11
Nordeste;PI;10294;BATALHA;22539;5435;24.11
Sul;RS;89141;CAPÃO DO CIPÓ;3105;748;24.09
Centro-Oeste;GO;94013;ISRAELÂNDIA;2989;720;24.09
Sudeste;MG;42218;CAMPINA VERDE;14505;3493;24.08
Sudeste;MG;46558;ITAMBÉ DO MATO DENTRO;2720;655;24.08
Sul;SC;80012;ABELARDO LUZ;12625;3040;24.08
Sudeste;SP;69450;RANCHARIA;22888;5508;24.07
Sudeste;ES;56979;SÃO MATEUS;92268;22209;24.07
Nordeste;BA;36013;ITAETÉ;11361;2735;24.07
Norte;AM;2879;URUCURITUBA;14200;3418;24.07
Nordeste;PB;20656;LAGOA DE DENTRO;7869;1894;24.07
Sudeste;MG;53910;TUPACIGUARA;20966;5047;24.07
Centro-Oeste;MT;98752;NOVA CANAÃ DO NORTE;10256;2469;24.07
Norte;AM;98450;SÃO SEBASTIÃO DO UATUMÃ;7748;1865;24.07
Nordeste;BA;34797;CORDEIROS;7148;1720;24.06
Nordeste;PE;25593;SÃO BENTO DO UNA;38192;9188;24.06
Sudeste;MG;41530;BOM JESUS DO AMPARO;5181;1246;24.05
Sudeste;ES;56634;LINHARES;122598;29479;24.05
Sudeste;SP;69477;REDENÇÃO DA SERRA;4304;1035;24.05
Sul;RS;88811;SÃO LUIZ GONZAGA;26267;6317;24.05
Nordeste;BA;33936;BUERAREMA;13021;3132;24.05
Centro-Oeste;MS;90638;CORUMBÁ;67548;16236;24.04
Nordeste;PE;23752;CAPOEIRAS;16542;3976;24.04
Norte;PA;4596;FARO;7131;1714;24.04
Sudeste;SP;62677;CABRÁLIA PAULISTA;3698;889;24.04
Sudeste;SP;62316;BIRITIBA MIRIM;24212;5820;24.04
Nordeste;BA;37192;MASCOTE;9177;2205;24.03
Sul;RS;86398;HERVAL;5214;1253;24.03
Sudeste;SP;68594;PILAR DO SUL;22434;5388;24.02
Sudeste;SP;69914;RUBINÉIA;3917;941;24.02
Sudeste;SP;65633;ITAQUAQUECETUBA;258019;61966;24.02
Nordeste;RN;16225;TIBAU;9238;2218;24.01
Sudeste;SP;67113;MOCOCA;49126;11793;24.01
Nordeste;AL;27197;BOCA DA MATA;19738;4740;24.01
Centro-Oeste;MT;91332;PONTE BRANCA;2037;489;24.01
Sudeste;MG;48097;MARTINHO CAMPOS;11161;2680;24.01
Sudeste;MG;41246;ORIZÂNIA;6817;1636;24.0
Sudeste;MG;53074;SAPUCAÍ-MIRIM;6091;1462;24.0
Nordeste;BA;39640;VEREDA;6714;1611;23.99
Sudeste;ES;56049;IRUPI;11392;2733;23.99
Sul;RS;88013;PORTO ALEGRE;1064200;255333;23.99
Centro-Oeste;GO;94358;JAUPACI;3160;758;23.99
Centro-Oeste;MS;98019;BODOQUENA;6487;1556;23.99
Nordeste;MA;8486;SENADOR ALEXANDRE COSTA;8450;2026;23.98
Sudeste;ES;56472;GUARAPARI;101964;24456;23.98
Sudeste;SP;66036;JARDINÓPOLIS;29784;7142;23.98
Nordeste;PE;24856;MIRANDIBA;11941;2864;23.98
Sudeste;SP;70670;SANTO EXPEDITO;2682;643;23.97
Centro-Oeste;MT;90476;CÁCERES;62205;14913;23.97
Centro-Oeste;GO;95397;PIRACANJUBA;18846;4515;23.96
Sudeste;MG;41998;CAETÉ;34347;8230;23.96
Sudeste;SP;69230;PRESIDENTE ALVES;3391;812;23.95
Sul;PR;74098;ALTO PARANÁ;10406;2492;23.95
Sul;PR;75620;RIO BRANCO DO IVAÍ;3520;843;23.95
Sudeste;MG;40045;BRASILÂNDIA DE MINAS;12436;2978;23.95
Sul;SC;82511;BALNEÁRIO PIÇARRAS;23277;5575;23.95
Sudeste;SP;70076;SALTO DE PIRAPORA;31402;7520;23.95
Sudeste;SP;62634;BURITAMA;13143;3146;23.94
Sudeste;SP;63959;ECHAPORÃ;5070;1214;23.94
Sudeste;MG;53775;TIROS;6214;1487;23.93
Sul;PR;79430;WENCESLAU BRAZ;14549;3481;23.93
Sudeste;MG;41092;BARÃO DE MONTE ALTO;5613;1343;23.93
Nordeste;BA;38954;SAÚDE;9154;2191;23.93
Nordeste;PB;22330;TAVARES;11897;2847;23.93
Sudeste;RJ;58750;PARATY;35461;8486;23.93
Sudeste;SP;64637;GUARANTÃ;4765;1140;23.92
Sudeste;MG;42250;CAMPO DO MEIO;10449;2499;23.92
Sudeste;MG;47430;LAGOA DA PRATA;37445;8958;23.92
Sul;PR;75361;FOZ DO JORDÃO;4360;1043;23.92
Sudeste;MG;44814;ESMERALDAS;56992;13634;23.92
Sudeste;SP;67636;NOVA GUATAPORANGA;2019;483;23.92
Centro-Oeste;GO;92754;BRITÂNIA;5183;1240;23.92
Sudeste;MG;41319;BERTÓPOLIS;4066;972;23.91
Sudeste;SP;67610;NOVA GRANADA;14794;3537;23.91
Sudeste;SP;65714;ITATINGA;14071;3364;23.91
Sul;RS;85111;ALVORADA;135997;32519;23.91
Sudeste;MG;49336;PALMA;5273;1261;23.91
Nordeste;MA;8559;PARNARAMA;26242;6271;23.9
Nordeste;BA;33111;AIQUARA;4318;1032;23.9
Nordeste;PI;10758;FLORES DO PIAUÍ;4318;1032;23.9
Sudeste;MG;45632;GUARACIABA;8024;1918;23.9
Sudeste;MG;47554;LAMBARI;17336;4141;23.89
Centro-Oeste;GO;96938;ÁGUA FRIA DE GOIÁS;5099;1218;23.89
Sudeste;MG;47791;MACHADO;30436;7267;23.88
Sul;PR;79693;PÉROLA;9508;2270;23.87
Sudeste;MG;46671;ITAPAGIPE;10384;2479;23.87
Sudeste;SP;65331;IRAPURU;4556;1087;23.86
Sudeste;ES;56596;IÚNA;21285;5079;23.86
Sudeste;SP;65250;IPORANGA;3303;788;23.86
Centro-Oeste;MT;91294;POCONÉ;25545;6095;23.86
Sudeste;SP;72192;URU;1622;387;23.86
Sudeste;SP;61921;ZACARIAS;2570;613;23.85
Sudeste;MG;46957;JACUÍ;6410;1529;23.85
Sudeste;MG;50032;PIEDADE DE PONTE NOVA;3812;909;23.85
Centro-Oeste;MT;91910;ÁGUA BOA;21159;5046;23.85
Centro-Oeste;MT;91618;TESOURO;2759;658;23.85
Centro-Oeste;GO;93270;CRISTIANÓPOLIS;4023;959;23.84
Sul;SC;81434;IMBITUBA;42184;10055;23.84
Centro-Oeste;MS;90174;ANTÔNIO JOÃO;7911;1886;23.84
Sudeste;SP;62340;NANTES;2206;526;23.84
Sudeste;SP;72010;TUPÃ;47261;11262;23.83
Sul;PR;74195;ANDIRÁ;16359;3898;23.83
Sul;PR;76058;IPORÃ;12170;2900;23.83
Sudeste;ES;56030;ALEGRE;23554;5614;23.83
Sudeste;SP;68012;PALESTINA;8996;2144;23.83
Centro-Oeste;GO;94595;MINEIROS;51739;12326;23.82
Centro-Oeste;GO;92444;NOVO PLANALTO;4131;984;23.82
Sudeste;MG;51896;SANTA RITA DO ITUETO;5151;1227;23.82
Sudeste;SP;61999;BARBOSA;4970;1184;23.82
Sudeste;SP;70270;SANTA CRUZ DAS PALMEIRAS;21443;5108;23.82
Sudeste;MG;40177;ÁGUAS FORMOSAS;14491;3450;23.81
Nordeste;BA;35530;IBIQUERA;4187;997;23.81
Sudeste;RJ;58050;BARRA DO PIRAÍ;69309;16505;23.81
Sudeste;SP;68055;PALMEIRA D OESTE;7437;1771;23.81
Sudeste;SP;70238;SANTA CLARA D OESTE;2441;581;23.8
Norte;AM;2046;CAREIRO DA VÁRZEA;18436;4387;23.8
Sudeste;SP;67911;OSCAR BRESSANE;2450;583;23.8
Nordeste;AL;28410;PIRANHAS;20101;4785;23.8
Sudeste;MG;53813;TOLEDO;7507;1787;23.8
Nordeste;AL;28657;SÃO JOSÉ DA LAJE;17824;4240;23.79
Sul;PR;75299;CRUZEIRO DO OESTE;16510;3928;23.79
Sudeste;SP;62774;CAFELÂNDIA;12245;2913;23.79
Sudeste;SP;62146;PRATÂNIA;4725;1124;23.79
Nordeste;PE;24716;LAGOA DO OURO;12046;2866;23.79
Nordeste;BA;33782;BOM JESUS DA SERRA;9372;2230;23.79
Sudeste;MG;53597;TAIOBEIRAS;27594;6565;23.79
Sudeste;SP;65498;ITAPEVA;68478;16285;23.78
Sul;RS;88986;ACEGUÁ;3982;947;23.78
Sudeste;SP;62189;SANTA CRUZ DA ESPERANÇA;2342;557;23.78
Sudeste;SP;70955;SÃO JOSÉ DO RIO PARDO;39191;9318;23.78
Sudeste;SP;69310;PRESIDENTE VENCESLAU;26379;6274;23.78
Nordeste;BA;37478;MURITIBA;23640;5621;23.78
Sudeste;SP;65838;ITUVERAVA;27366;6504;23.77
Sudeste;MG;41629;SÃO JOAQUIM DE BICAS;25074;5960;23.77
Sul;RS;85855;CANELA;34975;8314;23.77
Sudeste;MG;44113;CRUCILÂNDIA;5672;1348;23.77
Sul;PR;78590;SANTO ANTÔNIO DA PLATINA;32125;7636;23.77
Sul;PR;75604;RESERVA DO IGUAÇU;5460;1298;23.77
Sudeste;SP;71471;SUD MENNUCCI;6041;1436;23.77
Centro-Oeste;MT;91812;PEDRA PRETA;14477;3441;23.77
Sudeste;SP;66575;LUPÉRCIO;3317;788;23.76
Sul;PR;74454;BANDEIRANTES;24411;5801;23.76
Centro-Oeste;MS;91278;PEDRO GOMES;6048;1437;23.76
Sul;RS;87955;PIRATINI;14591;3467;23.76
Sul;SC;83259;SÃO JOAQUIM;19522;4637;23.75
Sul;RS;85456;BOM JESUS;8592;2041;23.75
Sudeste;SP;69698;RIBEIRÃO PRETO;473134;112367;23.75
Centro-Oeste;MT;90697;DIAMANTINO;16562;3933;23.75
Nordeste;BA;30678;JABORANDI;10158;2413;23.75
Sul;PR;75060;SAUDADE DO IGUAÇU;5302;1259;23.75
Sul;PR;76597;LARANJEIRAS DO SUL;24304;5769;23.74
Sudeste;MG;40070;ACAIACA;3518;835;23.74
Nordeste;PB;20192;EMAS;3824;908;23.74
Norte;RO;132;VILHENA;71595;16995;23.74
Centro-Oeste;GO;94153;ITAPIRAPUÃ;6866;1629;23.73
Sudeste;MG;44750;ENGENHEIRO NAVARRO;6173;1465;23.73
Sudeste;SP;70971;SÃO JOSÉ DO RIO PRETO;344760;81808;23.73
Centro-Oeste;GO;92150;ALVORADA DO NORTE;6780;1609;23.73
Sudeste;MG;52736;SÃO LOURENÇO;34836;8265;23.73
Sul;RS;86517;ESTEIO;65833;15621;23.73
Nordeste;BA;38091;POTIRAGUÁ;7860;1865;23.73
Sudeste;SP;64114;FERNANDÓPOLIS;50193;11909;23.73
Nordeste;BA;38830;SÃO FRANCISCO DO CONDE;33764;8009;23.72
Norte;AM;2950;BERURI;15139;3591;23.72
Sul;RS;89630;VIAMÃO;161662;38350;23.72
Norte;RO;779;BURITIS;23318;5531;23.72
Nordeste;PE;23493;BREJINHO;7811;1853;23.72
Nordeste;BA;35092;ENTRE RIOS;31166;7392;23.72
Nordeste;MA;7056;ALDEIAS ALTAS;18506;4387;23.71
Nordeste;BA;38075;PORTO SEGURO;116587;27632;23.7
Sudeste;SP;63916;DUARTINA;9858;2336;23.7
Norte;AM;2330;FONTE BOA;17120;4057;23.7
Sudeste;SP;61964;MESÓPOLIS;1887;447;23.69
Nordeste;BA;35556;IBIRAPITANGA;14359;3401;23.69
Sudeste;MG;40150;AGUANIL;4331;1026;23.69
Sul;RS;88412;SANTA MARIA;207115;49064;23.69
Sudeste;SP;68659;ESPÍRITO SANTO DO PINHAL;30946;7331;23.69
Nordeste;MA;8370;MONÇÃO;21263;5038;23.69
Sul;PR;75094;CLEVELÂNDIA;13247;3138;23.69
Sudeste;SP;68950;PLATINA;2775;657;23.68
Sudeste;SP;67750;OCAUÇU;3441;815;23.68
Sudeste;MG;45934;IBIRACI;9469;2241;23.67
Sudeste;SP;67539;NHANDEARA;7745;1833;23.67
Nordeste;PE;23264;JATOBÁ;11616;2749;23.67
Norte;RO;299;ROLIM DE MOURA;41088;9724;23.67
Nordeste;PI;10804;GUARIBAS;4478;1060;23.67
Sul;SC;80667;CALMON;3186;754;23.67
Nordeste;PI;12203;JÚLIO BORGES;5222;1236;23.67
Sudeste;MG;52876;SÃO SEBASTIÃO DA BELA VISTA;6472;1532;23.67
Sudeste;MG;49492;PASSABÉM;1914;453;23.67
Sudeste;SP;70297;SANTA CRUZ DO RIO PARDO;34041;8053;23.66
Centro-Oeste;GO;93971;IPAMERI;20506;4851;23.66
Centro-Oeste;MT;90166;NOVA MARILÂNDIA;3030;717;23.66
Centro-Oeste;MS;91758;DEODÁPOLIS;10690;2529;23.66
Nordeste;PE;24015;CUSTÓDIA;29588;7000;23.66
Nordeste;PE;25810;SERTÂNIA;27423;6488;23.66
Sudeste;MG;51373;SACRAMENTO;20911;4948;23.66
Sudeste;MG;44474;DIVISA NOVA;5108;1208;23.65
Sul;RS;85537;BUTIÁ;14823;3505;23.65
Sudeste;SP;63215;CASTILHO;15377;3636;23.65
Centro-Oeste;GO;95133;PALMELO;2406;569;23.65
Sudeste;SP;70793;SÃO CARLOS;196964;46573;23.65
Sudeste;MG;44156;CRUZÍLIA;12917;3053;23.64
Nordeste;BA;39250;TAPIRAMUTÁ;11283;2667;23.64
Sudeste;SP;63550;CORUMBATAÍ;3523;833;23.64
Centro-Oeste;MT;90484;CAMPO NOVO DO PARECIS;31126;7359;23.64
Centro-Oeste;GO;92720;SIMOLÂNDIA;5580;1319;23.64
Sudeste;MG;51594;SANTA MARIA DE ITABIRA;8798;2079;23.63
Centro-Oeste;MT;90662;RIBEIRÃO CASCALHEIRA;7618;1800;23.63
Sudeste;MG;52159;SÃO BENTO ABADE;4193;991;23.63
Sudeste;SP;65234;IPEÚNA;5852;1383;23.63
Nordeste;PB;19194;ARARUNA;14816;3501;23.63
Nordeste;SE;31291;CARMÓPOLIS;12534;2960;23.62
Nordeste;SE;31232;CANINDÉ DE SÃO FRANCISCO;24727;5840;23.62
Sul;SC;81744;BALNEÁRIO GAIVOTA;12988;3068;23.62
Nordeste;MA;7781;JUNCO DO MARANHÃO;5092;1202;23.61
Sul;PR;78530;SANTA MARIANA;9361;2210;23.61
Centro-Oeste;MT;98957;TERRA NOVA DO NORTE;9125;2154;23.61
Sudeste;MG;50059;PIEDADE DO RIO GRANDE;4083;964;23.61
Sudeste;MG;41238;BELO HORIZONTE;1966966;464334;23.61
Sudeste;MG;41203;OLHOS D ÁGUA;5281;1247;23.61
Nordeste;BA;39535;URUÇUCA;18222;4303;23.61
Sudeste;MG;42560;VERMELHO NOVO;5097;1203;23.6
Sul;PR;74993;CENTENÁRIO DO SUL;8551;2017;23.59
Norte;RO;701;PARECIS;3875;914;23.59
Sul;PR;75280;CORUMBATAÍ DO SUL;3757;886;23.58
Centro-Oeste;GO;95451;PIRES DO RIO;22071;5205;23.58
Nordeste;PB;19852;CATINGUEIRA;5416;1277;23.58
Norte;RO;647;RIO CRESPO;3508;827;23.57
Sudeste;SP;62910;CAMPINAS;873613;205914;23.57
Sudeste;SP;62090;BARRETOS;85200;20082;23.57
Sul;RS;88536;SANTO ÂNGELO;58898;13882;23.57
Centro-Oeste;GO;94030;ITABERAÍ;33230;7829;23.56
Sudeste;RJ;58130;CABO FRIO;179682;42330;23.56
Nordeste;MA;8028;OLINDA NOVA DO MARANHÃO;11175;2631;23.54
Centro-Oeste;GO;93190;CORUMBAÍBA;7145;1682;23.54
Sul;RS;86240;ELDORADO DO SUL;26775;6302;23.54
Sudeste;MG;48798;MUTUM;21564;5075;23.53
Sudeste;MG;52850;SÃO ROQUE DE MINAS;5891;1386;23.53
Nordeste;PE;23060;XEXÉU;11213;2638;23.53
Sudeste;RJ;58432;ITAPERUNA;76037;17884;23.52
Sudeste;MG;41610;BONFIM;7317;1721;23.52
Sudeste;SP;64530;GUAPIARA;13629;3205;23.52
Sudeste;SP;69078;PONTES GESTAL;2368;557;23.52
Centro-Oeste;MT;98850;PORTO ALEGRE DO NORTE;7904;1859;23.52
Sul;RS;88773;SÃO LEOPOLDO;162766;38282;23.52
Centro-Oeste;GO;92886;COCALZINHO DE GOIÁS;17515;4119;23.52
Sudeste;MG;43737;COQUEIRAL;7797;1834;23.52
Sudeste;MG;43672;CONSELHEIRO PENA;15714;3694;23.51
Sul;RS;87726;SÃO JOSÉ DOS AUSENTES;3387;796;23.5
Sul;SC;80942;SÃO CRISTÓVÃO DO SUL;3557;836;23.5
Norte;PA;5550;SENADOR JOSÉ PORFÍRIO;14884;3497;23.5
Sudeste;SP;68799;PIRAJUÍ;14814;3482;23.5
Sudeste;MG;40703;SÃO JOÃO DA LAGOA;5131;1206;23.5
Nordeste;AL;28614;SANTANA DO MUNDAÚ;9415;2212;23.49
Centro-Oeste;MT;90280;CONFRESA;26068;6123;23.49
Sudeste;SP;61468;UBARANA;4496;1056;23.49
Centro-Oeste;MT;89826;NOVA SANTA HELENA;3384;795;23.49
Nordeste;MA;8672;PINDARÉ-MIRIM;25951;6097;23.49
Centro-Oeste;GO;92320;MATRINCHÃ;3955;929;23.49
Sul;RS;86860;LAJEADO DO BUGRE;2108;495;23.48
Nordeste;MA;8524;SERRANO DO MARANHÃO;9228;2167;23.48
Centro-Oeste;MT;90050;ALTO ARAGUAIA;11527;2706;23.48
Sudeste;RJ;58939;SANTO ANTÔNIO DE PÁDUA;33702;7914;23.48
Nordeste;BA;39292;TEOFILÂNDIA;18692;4388;23.48
Sudeste;SP;61484;CAJATI;22016;5167;23.47
Sudeste;SP;62758;CACONDE;13333;3129;23.47
Centro-Oeste;MS;55018;ALCINÓPOLIS;3809;894;23.47
Norte;AM;2518;LÁBREA;29351;6888;23.47
Nordeste;BA;33871;BREJOLÂNDIA;8415;1975;23.47
Sudeste;MG;41378;BICAS;11578;2717;23.47
Sul;PR;79197;TERRA RICA;11783;2766;23.47
Nordeste;BA;33383;ARAÇÁS;10800;2534;23.46
Centro-Oeste;GO;92851;CAÇU;10792;2532;23.46
Sudeste;MG;42854;CARMO DO PARANAÍBA;22245;5219;23.46
Centro-Oeste;GO;93335;CUMARI;2613;613;23.46
Sudeste;RJ;58971;SÃO GONÇALO;653184;153243;23.46
Sudeste;MG;41432;BOCAINA DE MINAS;4428;1039;23.46
Nordeste;MA;8222;SANTANA DO MARANHÃO;8165;1915;23.45
Nordeste;MA;8346;SÃO JOÃO DO SOTER;14327;3359;23.45
Sudeste;MG;45659;GUARANÉSIA;14892;3492;23.45
Sudeste;SP;64190;FLOREAL;2670;626;23.45
Norte;PA;4502;ABEL FIGUEIREDO;6010;1409;23.44
Centro-Oeste;GO;96733;CACHOEIRA DOURADA;7232;1695;23.44
Sudeste;MG;52175;SÃO BRÁS DO SUAÇUÍ;3755;880;23.44
Centro-Oeste;GO;92835;CACHOEIRA DE GOIÁS;2065;484;23.44
Sudeste;SP;66818;MARÍLIA;172936;40520;23.43
Sudeste;SP;69574;RIBEIRA;2889;677;23.43
Centro-Oeste;GO;95958;PLANALTINA;66587;15603;23.43
Sul;SC;80934;CURITIBANOS;31343;7344;23.43
Centro-Oeste;GO;94250;ITUMBIARA;74876;17542;23.43
Norte;PA;5452;SÃO FÉLIX DO XINGU;43015;10080;23.43
Sul;PR;77097;MORRETES;14680;3439;23.43
Nordeste;PI;10510;CASTELO DO PIAUÍ;16956;3973;23.43
Sul;PR;76295;JACAREZINHO;29711;6959;23.42
Nordeste;MA;7951;GUIMARÃES;9820;2300;23.42
Sul;PR;77798;PORECATU;9608;2249;23.41
Nordeste;PI;11673;PIRIPIRI;53170;12449;23.41
Centro-Oeste;GO;96539;NOVA CRIXÁS;9335;2185;23.41
Sudeste;MG;51098;RIO PARANAÍBA;11055;2588;23.41
Sul;PR;75078;CIDADE GAÚCHA;8899;2083;23.41
Sudeste;SP;62383;OUROESTE;7997;1872;23.41
Sudeste;MG;46914;JABOTICATUBAS;16254;3804;23.4
Centro-Oeste;GO;92207;EDEALINA;4159;973;23.4
Norte;PA;4197;AVEIRO;11870;2777;23.4
Sudeste;MG;43451;CONCEIÇÃO DAS ALAGOAS;20159;4718;23.4
Nordeste;PI;11932;SÃO FRANCISCO DO PIAUÍ;6210;1453;23.4
Sudeste;SP;67997;PACAEMBU;7523;1760;23.39
Nordeste;AL;27359;CARNEIROS;7751;1813;23.39
Centro-Oeste;GO;92266;GOUVELÂNDIA;4011;938;23.39
Sudeste;SP;71072;SÃO PAULO;9145124;2138713;23.39
Sudeste;SP;64610;GUARANI D OESTE;1783;417;23.39
Sudeste;MG;51772;SANTANA DO MANHUAÇU;7807;1826;23.39
Sudeste;MG;41424;REDUTO;5853;1369;23.39
Nordeste;MA;7714;CURURUPU;26322;6158;23.39
Sudeste;MG;47236;JOÃO MONLEVADE;61219;14310;23.38
Centro-Oeste;GO;92037;ÁGUA LIMPA;2635;616;23.38
Centro-Oeste;MS;90794;GLÓRIA DE DOURADOS;8125;1900;23.38
Nordeste;PB;20494;JERICÓ;6938;1622;23.38
Sudeste;SP;67016;MIRA ESTRELA;2892;676;23.37
Sudeste;SP;70130;SANTA ADÉLIA;10828;2530;23.37
Sudeste;MG;47996;MARIANA;52424;12254;23.37
Sudeste;SP;66850;MARTINÓPOLIS;18046;4217;23.37
Nordeste;PE;25178;PESQUEIRA;52492;12270;23.37
Sudeste;ES;56774;NOVA VENÉCIA;41191;9624;23.36
Sudeste;MG;52132;SANTOS DUMONT;37567;8774;23.36
Sudeste;MG;42161;GOIANÁ;4491;1049;23.36
Nordeste;BA;33090;ÉRICO CARDOSO;8440;1972;23.36
Sudeste;MG;41343;PIEDADE DE CARATINGA;7808;1824;23.36
Sul;RS;85618;CACHOEIRINHA;102594;23958;23.35
Sul;PR;75191;CONSELHEIRO MAIRINCK;3221;752;23.35
Nordeste;PI;11576;PEDRO II;35312;8245;23.35
Nordeste;RN;17396;LUÍS GOMES;7360;1718;23.34
Sudeste;SP;61891;AVARÉ;64380;15026;23.34
Sudeste;SP;70572;SANTO ANDRÉ;573503;133844;23.34
Nordeste;BA;36706;JUCURUÇU;8448;1972;23.34
Sudeste;MG;41475;BOM DESPACHO;39052;9113;23.34
Sudeste;MG;52531;SÃO JOÃO DO PARAÍSO;18054;4214;23.34
Norte;AM;98396;MANAQUIRI;15304;3571;23.33
Sudeste;MG;48259;MEDEIROS;3335;778;23.33
Nordeste;MA;8311;MATÕES;27285;6366;23.33
Sudeste;ES;57975;VENDA NOVA DO IMIGRANTE;20198;4712;23.33
Sudeste;SP;69752;RINCÃO;7171;1673;23.33
Centro-Oeste;GO;92878;CAIAPÔNIA;13208;3082;23.33
Norte;PA;5614;TUCURUÍ;73025;17039;23.33
Nordeste;BA;38598;SANTA INÊS;8217;1916;23.32
Centro-Oeste;GO;92460;PALESTINA DE GOIÁS;3576;834;23.32
Nordeste;MA;8699;PINHEIRO;62812;14646;23.32
Sul;PR;75396;DIAMANTE DO NORTE;4379;1021;23.32
Sudeste;SP;64092;FARTURA;12518;2919;23.32
Sudeste;MG;48810;MUZAMBINHO;17966;4189;23.32
Centro-Oeste;MT;90352;BARRA DO GARÇAS;47123;10986;23.31
Sudeste;SP;62120;PRACINHA;1476;344;23.31
Centro-Oeste;MT;91936;CANARANA;17766;4142;23.31
Sul;SC;80926;PONTE ALTA DO NORTE;2635;614;23.3
Nordeste;PE;25690;SÃO JOSÉ DO BELMONTE;28341;6603;23.3
Centro-Oeste;GO;93815;GUAPÓ;14861;3463;23.3
Sudeste;SP;61794;ASSIS;69743;16241;23.29
Sul;RS;88188;DILERMANDO DE AGUIAR;3281;764;23.29
Centro-Oeste;GO;92339;ARAGARÇAS;13908;3239;23.29
Sudeste;SP;67890;OSASCO;583991;136038;23.29
Sul;RS;85219;ARROIO DOS RATOS;10249;2387;23.29
Sudeste;MG;51438;SANTA BÁRBARA;24261;5650;23.29
Nordeste;MA;9016;SANTA RITA;28000;6522;23.29
Sul;PR;75779;GUAPOREMA;1979;461;23.29
Centro-Oeste;MS;55069;FIGUEIRÃO;2805;653;23.28
Sul;PR;74322;FAZENDA RIO GRANDE;94019;21891;23.28
Sudeste;SP;72079;TURMALINA;1955;455;23.27
Sudeste;SP;67954;OURINHOS;76480;17800;23.27
Sudeste;MG;44733;ENGENHEIRO CALDAS;7790;1813;23.27
Sudeste;SP;71196;SÃO SIMÃO;11158;2596;23.27
Norte;PA;5150;PORTEL;41746;9709;23.26
Sudeste;SP;72311;VARGEM GRANDE DO SUL;30430;7077;23.26
Sudeste;SP;66958;MIGUELÓPOLIS;15123;3518;23.26
Sul;PR;75248;CORONEL DOMINGOS SOARES;5280;1228;23.26
Centro-Oeste;MS;91880;SONORA;11254;2618;23.26
Nordeste;BA;39853;RAFAEL JAMBEIRO;19049;4431;23.26
Centro-Oeste;GO;92657;BELA VISTA DE GOIÁS;24222;5632;23.25
Nordeste;RN;16187;VENHA-VER;3918;911;23.25
Sudeste;SP;66516;LUCIANÓPOLIS;2146;499;23.25
Sul;RS;85898;CANOAS;253142;58847;23.25
Norte;AM;2410;ITACOATIARA;76067;17682;23.25
Sudeste;SP;65412;ITAJU;3176;738;23.24
Norte;RO;78;ARIQUEMES;72512;16850;23.24
Sul;PR;75256;CORNÉLIO PROCÓPIO;35102;8153;23.23
Sudeste;SP;62952;CAMPOS DO JORDÃO;38107;8854;23.23
Nordeste;PB;19534;IGARACY;5888;1368;23.23
Nordeste;AL;28274;PÃO DE AÇÚCAR;18843;4377;23.23
Nordeste;AL;28835;TRAIPU;19176;4454;23.23
Sudeste;ES;56499;IBIRAÇU;9933;2306;23.22
Nordeste;CE;14338;ITATIRA;19602;4551;23.22
Sudeste;SP;64750;GUARUJÁ;238913;55473;23.22
Norte;RO;663;MONTE NEGRO;10191;2366;23.22
Sul;PR;76490;JOAQUIM TÁVORA;9226;2142;23.22
Centro-Oeste;MS;55034;JAPORÃ;6581;1528;23.22
Centro-Oeste;MS;91154;NIOAQUE;10377;2409;23.21
Sudeste;MG;45535;GOVERNADOR VALADARES;193573;44932;23.21
Sul;RS;85049;DEZESSEIS DE NOVEMBRO;2615;607;23.21
Sudeste;MG;53732;TIMÓTEO;59600;13836;23.21
Sudeste;SP;71170;SÃO SEBASTIÃO DA GRAMA;8398;1948;23.2
Sudeste;SP;67130;MOGI DAS CRUZES;334039;77497;23.2
Nordeste;MA;8001;NOVA OLINDA DO MARANHÃO;13507;3134;23.2
Sudeste;SP;69353;QUATÁ;10121;2348;23.2
Sul;PR;75736;GUAIRAÇÁ;5399;1252;23.19
Centro-Oeste;MT;90620;MATUPÁ;15134;3510;23.19
Nordeste;BA;39870;SANTA LUZIA;9034;2095;23.19
Sudeste;ES;56200;PONTO BELO;6490;1505;23.19
Sudeste;MG;41106;NATALÂNDIA;3571;828;23.19
Sudeste;SP;66290;LARANJAL PAULISTA;20780;4819;23.19
Nordeste;AL;27154;BELÉM;5054;1172;23.19
Sul;RS;88480;UNISTALDA;2687;623;23.19
Sul;RS;88579;SANTO ANTÔNIO DAS MISSÕES;8347;1936;23.19
Sudeste;ES;56570;ITARANA;9584;2222;23.18
Nordeste;MA;7196;ARARI;24000;5562;23.18
Centro-Oeste;GO;95559;PORANGATU;30959;7176;23.18
Sudeste;SP;65315;IRAPUÃ;5489;1272;23.17
Norte;RO;159;JARU;41260;9555;23.16
Sudeste;MG;45977;IBITIÚRA DE MINAS;3709;859;23.16
Norte;PA;5215;PRIMAVERA;11339;2626;23.16
Nordeste;BA;34991;DÁRIO MEIRA;8515;1972;23.16
Centro-Oeste;GO;93998;IPORÁ;26609;6160;23.15
Sudeste;SP;71838;TAUBATÉ;239956;55522;23.14
Norte;TO;95699;LIZARDA;3099;717;23.14
Sudeste;MG;43079;CATAS ALTAS DA NORUEGA;4149;960;23.14
Sudeste;RJ;58017;ANGRA DOS REIS;137071;31720;23.14
Sudeste;SP;64874;IBATÉ;26265;6077;23.14
Sudeste;MG;42510;CAPINÓPOLIS;11606;2686;23.14
Sudeste;MG;43834;COROACI;7969;1844;23.14
Nordeste;PE;25410;SALGADINHO;7134;1650;23.13
Nordeste;PB;19437;BOA VENTURA;5167;1195;23.13
Nordeste;PI;11231;MIGUEL ALVES;27719;6412;23.13
Sudeste;MG;40851;AREADO;11770;2722;23.13
Nordeste;MA;7900;MARAJÁ DO SENA;6771;1566;23.13
Nordeste;BA;35076;ENCRUZILHADA;15576;3602;23.13
Sudeste;SP;68519;PEREIRAS;6469;1496;23.13
Centro-Oeste;GO;93173;CORUMBÁ DE GOIÁS;7930;1834;23.13
Sudeste;MG;50130;PIRAJUBA;4817;1114;23.13
Sudeste;SP;71994;TRÊS FRONTEIRAS;5256;1215;23.12
Sudeste;SP;68756;PIRACICABA;311212;71944;23.12
Sul;RS;89338;TORRES;33260;7689;23.12
Norte;PA;4260;ÁGUA AZUL DO NORTE;10878;2515;23.12
Centro-Oeste;MT;90093;ALTO PARAGUAI;6195;1432;23.12
Sudeste;MG;50571;PRATÁPOLIS;7457;1724;23.12
Sudeste;MG;49395;PARACATU;68278;15776;23.11
Norte;PA;5851;CURIONÓPOLIS;17009;3930;23.11
Sul;PR;75752;GUAPIRAMA;4064;939;23.11
Nordeste;PB;20133;DIAMANTE;5910;1365;23.1
Norte;RO;787;PIMENTEIRAS DO OESTE;2286;528;23.1
Sudeste;SP;64351;GARÇA;32368;7476;23.1
Sul;PR;74748;RIO BONITO DO IGUAÇU;11105;2564;23.09
Sudeste;SP;68934;PLANALTO;3962;915;23.09
Sudeste;SP;67814;ONDA VERDE;4387;1013;23.09
Sudeste;ES;56308;GOVERNADOR LINDENBERG;9107;2102;23.08
Sudeste;MG;43478;CONCEIÇÃO DE IPANEMA;4497;1038;23.08
Sul;RS;89710;TAVARES;4533;1046;23.08
Sudeste;MG;46973;JACUTINGA;19258;4444;23.08
Centro-Oeste;GO;95737;RUBIATABA;15629;3605;23.07
Sudeste;MG;46094;ILICÍNEA;9938;2293;23.07
Sudeste;SP;70211;SANTA BRANCA;11889;2743;23.07
Nordeste;BA;37877;PIATÃ;17470;4030;23.07
Sudeste;MG;47872;MANHUAÇU;62011;14307;23.07
Nordeste;AL;28690;SÃO LUÍS DO QUITUNDE;23573;5437;23.06
Sudeste;MG;40169;DURANDÉ;6586;1519;23.06
Sudeste;MG;40088;CARNEIRINHO;7997;1844;23.06
Sudeste;MG;48518;MONSENHOR PAULO;6960;1605;23.06
Sudeste;SP;64955;IBIÚNA;61951;14286;23.06
Nordeste;PE;25232;POÇÃO;10334;2382;23.05
Nordeste;BA;35793;IPIAÚ;32735;7546;23.05
Sudeste;SP;68390;PEDRANÓPOLIS;2682;618;23.04
Nordeste;PI;10715;ELISEU MARTINS;4015;925;23.04
Centro-Oeste;GO;93122;CALDAZINHA;4292;989;23.04
Sudeste;SP;69396;QUELUZ;7112;1638;23.03
Centro-Oeste;MT;89877;ALTA FLORESTA;43203;9950;23.03
Sudeste;SP;64211;FLÓRIDA PAULISTA;7407;1706;23.03
Nordeste;BA;36838;LAMARÃO;8523;1963;23.03
Nordeste;AL;28916;SENADOR RUI PALMEIRA;9681;2230;23.03
Sudeste;MG;54135;VARGINHA;104607;24095;23.03
Sudeste;MG;42447;UNIÃO DE MINAS;3158;727;23.02
Sudeste;RJ;58203;RIO DAS OSTRAS;107737;24797;23.02
Sudeste;SP;61115;ÁGUAS DE SÃO PEDRO;4335;998;23.02
Nordeste;BA;36153;ITAMARI;6100;1404;23.02
Centro-Oeste;MS;90530;CARACOL;4723;1087;23.02
Sul;RS;85553;CAÇAPAVA DO SUL;25010;5758;23.02
Nordeste;BA;39454;UBATÃ;11980;2758;23.02
Sul;RS;86835;GRAVATAÍ;192077;44217;23.02
Sudeste;SP;61344;CANITAR;4337;998;23.01
Sudeste;MG;40797;ARAXÁ;81839;18833;23.01
Sul;SC;82678;PORTO UNIÃO;25684;5911;23.01
Sudeste;SP;65870;JABOTICABAL;50931;11716;23.0
Centro-Oeste;GO;95230;PARAÚNA;9273;2133;23.0
Sul;SC;80683;BALNEÁRIO BARRA DO SUL;11418;2626;23.0
Nordeste;MA;9598;PAULO RAMOS;16850;3875;23.0
Nordeste;RN;18775;TANGARÁ;12583;2894;23.0
Sudeste;MG;54070;UNAÍ;64172;14750;22.99
Sudeste;SP;63657;CRISTAIS PAULISTA;7311;1681;22.99
Sudeste;MG;46019;IGARAPÉ;35009;8048;22.99
Centro-Oeste;MT;91359;PORTO DOS GAÚCHOS;4455;1024;22.99
Norte;AM;2275;CODAJÁS;17092;3930;22.99
Nordeste;BA;39179;TABOCAS DO BREJO VELHO;11241;2584;22.99
Sudeste;SP;70890;SÃO JOAQUIM DA BARRA;35828;8238;22.99
Sudeste;MG;49450;PARAISÓPOLIS;16472;3787;22.99
Sul;RS;88072;PUTINGA;3807;875;22.98
Sudeste;MG;48232;MATUTINA;3386;778;22.98
Nordeste;PE;23302;JAQUEIRA;9225;2120;22.98
Sudeste;SP;63231;CATANDUVA;86119;19787;22.98
Sul;PR;79499;XAMBRÊ;5375;1235;22.98
Nordeste;BA;38113;PRADO;25814;5930;22.97
Sul;PR;79111;TAPEJARA;11635;2672;22.97
Sul;RS;85308;ARROIO DO SAL;9495;2181;22.97
Nordeste;MA;8087;PERITORÓ;16364;3759;22.97
Sudeste;SP;72435;VOTORANTIM;92608;21268;22.97
Nordeste;PE;24392;INAJÁ;15906;3654;22.97
Sul;RS;86452;ESMERALDA;2884;662;22.95
Sul;PR;75310;CRUZEIRO DO SUL;3922;900;22.95
Sul;RS;89257;TAPES;11792;2706;22.95
Sul;SC;80578;CAÇADOR;53297;12226;22.94
Sudeste;RJ;58831;RESENDE;98020;22484;22.94
Centro-Oeste;MT;98833;PARANAÍTA;9406;2158;22.94
Sul;RS;85391;BARROS CASSAL;8271;1897;22.94
Sul;PR;75710;GUAÍRA;23809;5461;22.94
Sul;RS;86193;CRUZ ALTA;45724;10486;22.93
Nordeste;PB;21091;OLHO D ÁGUA;7440;1706;22.93
Sudeste;MG;53139;SENADOR FIRMINO;7117;1632;22.93
Sul;PR;74071;ALMIRANTE TAMANDARÉ;77677;17813;22.93
Sul;SC;83909;BALNEÁRIO RINCÃO;13698;3140;22.92
Sudeste;RJ;58254;CASIMIRO DE ABREU;35993;8251;22.92
Sudeste;ES;56111;ARACRUZ;75118;17218;22.92
Norte;AM;2437;ITAPIRANGA;9689;2221;22.92
Nordeste;BA;36854;LAURO DE FREITAS;163871;37542;22.91
Nordeste;BA;38474;SALINAS DA MARGARIDA;16000;3666;22.91
Sudeste;SP;63410;COLINA;14048;3219;22.91
Centro-Oeste;MT;91510;RONDONÓPOLIS;177622;40701;22.91
Sudeste;MG;40347;LAGOA GRANDE;7611;1743;22.9
Sudeste;MG;43796;CORDISLÂNDIA;2969;680;22.9
Sudeste;SP;69159;PORTO FERREIRA;39960;9149;22.9
Nordeste;BA;35858;IRAJUBA;5507;1261;22.9
Sudeste;MG;40681;SANTANA DO PARAÍSO;25815;5912;22.9
Sudeste;MG;45233;FORMOSO;6282;1438;22.89
Norte;RO;680;CUJUBIM;11176;2558;22.89
Sul;RS;86355;ENCRUZILHADA DO SUL;18702;4281;22.89
Norte;PA;5053;ORIXIMINÁ;50827;11629;22.88
Centro-Oeste;GO;93890;HIDROLÂNDIA;23574;5393;22.88
Sudeste;MG;47775;MACHACALIS;5799;1327;22.88
Sudeste;MG;51110;RIO PARDO DE MINAS;22281;5099;22.88
Norte;TO;92134;ALVORADA;8052;1842;22.88
Nordeste;BA;33812;BOQUIRA;16616;3800;22.87
Sul;RS;89362;PINHAL DA SERRA;2584;591;22.87
Sudeste;SP;62030;BARIRI;23149;5294;22.87
Centro-Oeste;GO;92711;BRAZABRANTES;3891;890;22.87
Nordeste;CE;13153;ANTONINA DO NORTE;7089;1621;22.87
Centro-Oeste;GO;93254;CRISTALINA;38974;8911;22.86
Sudeste;MG;40320;JUATUBA;25040;5725;22.86
Sul;PR;79758;MARILENA;5989;1369;22.86
Sudeste;MG;41041;MARTINS SOARES;8197;1874;22.86
Nordeste;BA;37559;NOVA CANAÃ;12377;2830;22.86
Nordeste;BA;38946;SAUBARA;13374;3057;22.86
Centro-Oeste;GO;92924;CHAPADÃO DO CÉU;9497;2170;22.85
Centro-Oeste;GO;93718;GOIANÉSIA;59437;13581;22.85
Nordeste;AL;27022;PARICONHA;9772;2233;22.85
Nordeste;AL;28339;PENEDO;44742;10224;22.85
Sudeste;SP;67431;MURUTINGA DO SUL;3341;763;22.84
Sudeste;SP;62979;CAMPOS NOVOS PAULISTA;3805;869;22.84
Sul;PR;84557;ALTAMIRA DO PARANÁ;3441;786;22.84
Sul;SC;82651;PORTO BELO;20041;4576;22.83
Sudeste;RJ;58041;BELFORD ROXO;346172;79027;22.83
Nordeste;AL;28053;MINADOR DO NEGRÃO;5111;1167;22.83
Nordeste;MA;7340;BURITICUPU;42732;9756;22.83
Sudeste;SP;69612;RIBEIRÃO BRANCO;14335;3273;22.83
Sudeste;MG;40428;MATA VERDE;7529;1719;22.83
Norte;RO;175;OURO PRETO DO OESTE;28282;6454;22.82
Sudeste;MG;48615;MONTE CARMELO;35703;8147;22.82
Sudeste;SP;64432;GLICÉRIO;3987;910;22.82
Sudeste;ES;56022;ÁGUA DOCE DO NORTE;11111;2536;22.82
Nordeste;SE;31330;CRISTINÁPOLIS;14633;3338;22.81
Sudeste;MG;49816;PEDRALVA;9379;2139;22.81
Sul;PR;79375;UNIÃO DA VITÓRIA;40654;9272;22.81
Nordeste;BA;36439;ITORORÓ;16355;3731;22.81
Sudeste;SP;62219;BEBEDOURO;56372;12860;22.81
Norte;PA;4049;BOM JESUS DO TOCANTINS;12477;2846;22.81
Sudeste;MG;42048;DOM BOSCO;3779;862;22.81
Norte;RO;51;JI-PARANÁ;97939;22328;22.8
Sul;PR;76376;JANIÓPOLIS;4944;1127;22.8
Sudeste;SP;62499;BOTUCATU;111048;25320;22.8
Nordeste;MA;7854;GONÇALVES DIAS;13629;3106;22.79
Sudeste;SP;61417;ANDRADINA;42476;9680;22.79
Sudeste;SP;71510;SUZANO;235588;53700;22.79
Sudeste;ES;57118;RIO BANANAL;15535;3541;22.79
Sudeste;MG;53317;SERRA DA SAUDADE;1281;292;22.79
Nordeste;BA;35378;IAÇU;20513;4674;22.79
Sudeste;SP;62812;CAIEIRAS;72229;16462;22.79
Sudeste;SP;63339;CESÁRIO LANGE;13804;3146;22.79
Sul;SC;82090;MATOS COSTA;2463;561;22.78
Sul;PR;76759;MANDAGUAÇU;19903;4533;22.78
Nordeste;RN;16870;GUAMARÉ;15625;3559;22.78
Sudeste;SP;64513;GUAPIAÇU;15943;3632;22.78
Norte;RO;191;PRESIDENTE MÉDICI;15677;3572;22.78
Sudeste;MG;42919;CARRANCAS;3441;784;22.78
Nordeste;BA;34029;CAETANOS;11192;2549;22.78
Nordeste;BA;36137;ITAMARAJU;45999;10480;22.78
Sudeste;ES;56065;ALTO RIO NOVO;6545;1490;22.77
Sudeste;MG;53473;SILVIANÓPOLIS;4859;1106;22.76
Norte;PA;4308;PAU D ARCO;8655;1970;22.76
Sudeste;RJ;59153;TERESÓPOLIS;133712;30413;22.75
Nordeste;BA;35491;SANTA RITA DE CÁSSIA;22965;5225;22.75
Sudeste;MG;48372;MINDURI;3240;737;22.75
Sudeste;MG;40690;ARAGUARI;90272;20537;22.75
Sudeste;RJ;58033;ARARUAMA;111370;25339;22.75
Nordeste;BA;36056;ITAGIBÁ;13131;2987;22.75
Nordeste;PI;11118;LANDRI SALES;5122;1165;22.75
Sudeste;MG;40908;VARGEM ALEGRE;5430;1235;22.74
Sudeste;MG;48054;MARLIÉRIA;4514;1026;22.73
Sudeste;ES;56731;MUNIZ FREIRE;14757;3355;22.73
Sudeste;MG;46612;ITANHANDU;12883;2928;22.73
Nordeste;PI;12360;COCAL DE TELHA;4645;1056;22.73
Sul;PR;77690;PIRAQUARA;73929;16804;22.73
Nordeste;CE;14893;NOVO ORIENTE;23218;5276;22.72
Centro-Oeste;MT;90140;NOVA GUARITA;4119;936;22.72
Sul;PR;78999;SAPOPEMA;5485;1246;22.72
Centro-Oeste;GO;94978;NOVA VENEZA;8553;1942;22.71
Centro-Oeste;GO;95095;PADRE BERNARDO;20391;4630;22.71
Nordeste;PE;24597;JATAÚBA;15816;3592;22.71
Sul;PR;74756;CAMPINA DA LAGOA;12371;2809;22.71
Sul;RS;86487;CANDIOTA;8121;1844;22.71
Sul;PR;75930;ICARAÍMA;7070;1605;22.7
Sudeste;SP;63614;COTIA;194159;44070;22.7
Sudeste;MG;43850;COROMANDEL;24503;5561;22.7
Sul;PR;76392;JAPIRA;3943;895;22.7
Sul;PR;74853;CÂNDIDO DE ABREU;11738;2663;22.69
Sul;PR;77232;NOVA FÁTIMA;6087;1381;22.69
Sudeste;RJ;58670;NOVA FRIBURGO;155366;35254;22.69
Sudeste;MG;52779;SÃO PEDRO DA UNIÃO;4328;982;22.69
Nordeste;AL;28215;OURO BRANCO;10029;2276;22.69
Sudeste;MG;43974;CÓRREGO DO BOM JESUS;4380;994;22.69
Sudeste;ES;56154;BAIXO GUANDU;24892;5649;22.69
Centro-Oeste;MS;91073;MARACAJU;29813;6765;22.69
Sudeste;SP;63118;CARAGUATATUBA;106446;24156;22.69
Sudeste;SP;62391;BOITUVA;47624;10801;22.68
Sudeste;SP;66893;MAUÁ;310407;70404;22.68
Sul;PR;76333;JAGUARIAÍVA;25982;5894;22.68
Nordeste;PE;23272;BARREIROS;30474;6911;22.68
Centro-Oeste;GO;93513;ESTRELA DO NORTE;3214;729;22.68
Sudeste;SP;67571;NOVA ALIANÇA;5431;1232;22.68
Sudeste;SP;67830;ORIENTE;5159;1170;22.68
Sudeste;SP;62618;BURI;14878;3374;22.68
Sul;SC;80390;BALNEÁRIO CAMBORIÚ;111138;25202;22.68
Nordeste;MA;7102;ARAGUANÃ;8007;1815;22.67
Nordeste;PI;11037;JAICÓS;14188;3216;22.67
Centro-Oeste;MT;89850;SINOP;127167;28825;22.67
Sudeste;SP;68411;PEDREGULHO;12296;2788;22.67
Centro-Oeste;GO;93939;IACIARA;8526;1933;22.67
Sudeste;RJ;59056;SÃO SEBASTIÃO DO ALTO;7793;1766;22.66
Nordeste;MA;7650;COELHO NETO;33370;7563;22.66
Nordeste;BA;33677;BELMONTE;14778;3348;22.66
Nordeste;PB;19909;AREIA DE BARAÚNAS;2502;567;22.66
Sudeste;MG;43290;CLARO DOS POÇÕES;7507;1700;22.65
Sudeste;SP;71498;SUMARÉ;199975;45285;22.65
Sul;PR;79170;TERRA BOA;13355;3025;22.65
Centro-Oeste;MT;90590;CHAPADA DOS GUIMARÃES;17941;4063;22.65
Centro-Oeste;MT;91855;TANGARÁ DA SERRA;70136;15886;22.65
Sudeste;MG;40185;ENTRE FOLHAS;5891;1334;22.64
Sudeste;SP;72052;TURIÚBA;1661;376;22.64
Centro-Oeste;GO;92673;BOM JARDIM DE GOIÁS;7603;1721;22.64
Centro-Oeste;GO;95117;PALMEIRAS DE GOIÁS;23454;5310;22.64
Sudeste;MG;50652;PRESIDENTE KUBITSCHEK;3087;699;22.64
Sudeste;RJ;58378;ITABORAÍ;177920;40283;22.64
Centro-Oeste;MS;91715;ARAL MOREIRA;8273;1873;22.64
Sudeste;MG;42994;CASCALHO RICO;3773;854;22.63
Sudeste;MG;45152;FERNANDES TOURINHO;2576;583;22.63
Centro-Oeste;GO;95630;QUIRINÓPOLIS;35296;7989;22.63
Nordeste;MA;7471;CAJARI;16136;3651;22.63
Centro-Oeste;GO;96695;ARAGUAPAZ;6011;1360;22.63
Sudeste;SP;61786;BOM SUCESSO DE ITARARÉ;3289;744;22.62
Nordeste;RN;17159;JOÃO DIAS;3082;697;22.62
Nordeste;MA;7048;ALTO ALEGRE DO PINDARÉ;20251;4580;22.62
Nordeste;MA;7439;BURITI BRAVO;17755;4016;22.62
Sudeste;SP;67270;MONTE ALTO;36025;8149;22.62
Centro-Oeste;GO;92827;RIO QUENTE;4413;998;22.62
Sudeste;SP;63770;DIADEMA;331016;74857;22.61
Sul;RS;88803;MONTE ALEGRE DOS CAMPOS;3352;758;22.61
Nordeste;BA;35815;IPIRÁ;47871;10823;22.61
Sudeste;MG;50431;PORTEIRINHA;31682;7162;22.61
Sudeste;SP;62278;BILAC;6346;1435;22.61
Norte;RO;213;COSTA MARQUES;9103;2058;22.61
Sudeste;SP;64335;GÁLIA;4626;1046;22.61
Centro-Oeste;GO;94331;JATAÍ;73593;16632;22.6
Sudeste;RJ;58793;PIRAÍ;23699;5357;22.6
Nordeste;PE;24112;FLORES;16541;3738;22.6
Nordeste;SE;32050;PIRAMBU;8575;1938;22.6
Sudeste;ES;56057;ALFREDO CHAVES;12984;2934;22.6
Centro-Oeste;GO;96377;URUTAÍ;3949;892;22.59
Centro-Oeste;GO;96393;VARJÃO;4454;1006;22.59
Sul;PR;74764;SANTA LÚCIA;3289;743;22.59
Sul;PR;75817;GUARANIAÇU;11100;2508;22.59
Sul;PR;78956;SÃO SEBASTIÃO DA AMOREIRA;6561;1482;22.59
Sudeste;SP;70475;SANTANA DE PARNAÍBA;111635;25222;22.59
Norte;PA;5690;RIO MARIA;13846;3126;22.58
Sudeste;SP;72133;UCHOA;8307;1876;22.58
Centro-Oeste;MT;91537;ROSÁRIO OESTE;13155;2970;22.58
Sudeste;SP;62421;RIBEIRÃO DOS ÍNDIOS;1918;433;22.58
Sudeste;MG;40495;AMPARO DO SERRA;4531;1023;22.58
Centro-Oeste;GO;92550;AVELINÓPOLIS;4465;1008;22.58
Sudeste;MG;49654;PAULA CÂNDIDO;7817;1765;22.58
Sudeste;SP;67296;MONTE APRAZÍVEL;16980;3833;22.57
Nordeste;PE;24171;GAMELEIRA;14871;3356;22.57
Sudeste;SP;72036;TUPI PAULISTA;10833;2445;22.57
Sudeste;SP;61573;ARAÇOIABA DA SERRA;26408;5960;22.57
Sul;PR;79073;SIQUEIRA CAMPOS;16432;3707;22.56
Nordeste;PB;19712;CACIMBA DE DENTRO;14334;3234;22.56
Sudeste;MG;46116;INCONFIDENTES;6559;1480;22.56
Sudeste;MG;49573;PASSOS;81108;18290;22.55
Sudeste;MG;42501;VARJÃO DE MINAS;6717;1515;22.55
Sudeste;MG;42056;CALDAS;10805;2436;22.55
Nordeste;RN;16535;CERRO CORÁ;9720;2192;22.55
Centro-Oeste;MT;90603;LUCAS DO RIO VERDE;54792;12358;22.55
Sudeste;MG;47910;MANTENA;19156;4320;22.55
Sudeste;MG;45675;GUARANI;6718;1514;22.54
Sudeste;SP;71153;SÃO SEBASTIÃO;68037;15336;22.54
Sudeste;MG;42870;CARMO DO RIO CLARO;15908;3586;22.54
Sul;RS;89478;TUPANCIRETÃ;15943;3593;22.54
Nordeste;BA;33154;ALCOBAÇA;19171;4321;22.54
Nordeste;PE;23078;ÁGUA PRETA;20198;4551;22.53
Sudeste;SP;71056;SÃO MIGUEL ARCANJO;24440;5506;22.53
Sudeste;SP;68276;PATROCÍNIO PAULISTA;10549;2377;22.53
Sudeste;MG;53970;UBÁ;71547;16122;22.53
Sudeste;MG;52299;SÃO GERALDO;7348;1655;22.52
Sul;PR;74152;AMAPORÃ;4058;914;22.52
Sudeste;MG;42021;DELTA;7483;1685;22.52
Nordeste;BA;39713;XIQUE-XIQUE;35384;7968;22.52
Sul;RS;85227;CERRO GRANDE;2482;559;22.52
Sul;PR;78751;SÃO JOÃO DO IVAÍ;9056;2039;22.52
Sudeste;SP;62138;BARUERI;298024;67090;22.51
Nordeste;AL;27030;ANADIA;13090;2946;22.51
Sudeste;SP;61913;BADY BASSITT;16956;3817;22.51
Centro-Oeste;MT;90425;COTRIGUAÇU;7706;1735;22.51
Nordeste;AL;27570;GIRAU DO PONCIANO;28504;6415;22.51
Sudeste;MG;43150;CENTRALINA;7672;1726;22.5
Nordeste;MA;7811;FORTUNA;13022;2930;22.5
Nordeste;PI;10006;BRASILEIRA;8739;1966;22.5
Sudeste;SP;65153;INDIAPORÃ;3164;712;22.5
Sudeste;SP;66311;LAVÍNIA;3884;874;22.5
Sudeste;MG;47651;LEANDRO FERREIRA;3322;747;22.49
Sudeste;MG;43419;CONCEIÇÃO DA APARECIDA;8307;1868;22.49
Sul;PR;79553;QUEDAS DO IGUAÇU;23209;5220;22.49
Sudeste;MG;40355;ALPERCATA;6064;1363;22.48
Sul;SC;80616;CAMBORIÚ;62278;14000;22.48
Nordeste;BA;30058;EUNÁPOLIS;83372;18743;22.48
Norte;AM;2631;NHAMUNDÁ;15833;3558;22.47
Sudeste;SP;70530;SANTA ROSA DE VITERBO;18030;4052;22.47
Nordeste;AL;27472;DELMIRO GOUVEIA;41407;9303;22.47
Nordeste;PI;10812;FRANCISCO AYRES;5168;1161;22.47
Sudeste;MG;47414;LAGAMAR;6403;1439;22.47
Sul;SC;80411;BARRA VELHA;29651;6663;22.47
Sudeste;SP;72737;VARGEM GRANDE PAULISTA;42997;9663;22.47
Sul;PR;78255;ROLÂNDIA;49517;11120;22.46
Centro-Oeste;GO;95079;OUVIDOR;10501;2359;22.46
Sudeste;MG;50598;PRATINHA;3312;744;22.46
Sul;RS;87491;MONTENEGRO;47579;10686;22.46
Sudeste;ES;56332;CONCEIÇÃO DO CASTELO;9986;2243;22.46
Sudeste;MG;44830;ESPERA FELIZ;18168;4081;22.46
Sudeste;MG;53511;SIMONÉSIA;16466;3697;22.45
Nordeste;BA;39055;SERRA DOURADA;15281;3430;22.45
Nordeste;BA;36536;JAGUAQUARA;35855;8050;22.45
Sudeste;MG;47171;JESUÂNIA;4445;998;22.45
Sul;RS;86630;FONTOURA XAVIER;8245;1851;22.45
Sudeste;SP;71331;SERRA NEGRA;22277;4999;22.44
Nordeste;AL;28177;OLHO D ÁGUA GRANDE;5133;1152;22.44
Sudeste;MG;41866;CATUTI;4594;1031;22.44
Sudeste;RJ;58475;MACAÉ;186241;41789;22.44
Nordeste;BA;37621;NOVO TRIUNFO;8227;1846;22.44
Sul;PR;75329;ESPIGÃO ALTO DO IGUAÇU;4416;991;22.44
Sudeste;MG;49590;PATOS DE MINAS;116646;26179;22.44
Sudeste;MG;51179;RIO PRETO;5409;1213;22.43
Centro-Oeste;MT;99058;GUARANTÃ DO NORTE;22729;5097;22.43
Norte;AP;6122;VITÓRIA DO JARI;10405;2334;22.43
Centro-Oeste;MT;98892;PRIMAVERA DO LESTE;57120;12811;22.43
Sudeste;MG;51918;SANTA RITA DO SAPUCAÍ;31737;7118;22.43
Sudeste;SP;65374;ITAÍ;16732;3752;22.42
Sudeste;MG;46736;ITATIAIUÇU;12385;2777;22.42
Sudeste;SP;61948;ITAPIRAPUÃ PAULISTA;3305;741;22.42
Centro-Oeste;MS;91014;JATEÍ;4340;973;22.42
Norte;PA;5495;SÃO JOÃO DO ARAGUAIA;13212;2962;22.42
Centro-Oeste;MT;90506;CAMPO VERDE;33977;7616;22.42
Centro-Oeste;GO;93033;CATURAÍ;5460;1224;22.42
Sudeste;SP;61018;ADAMANTINA;25494;5715;22.42
Centro-Oeste;GO;95575;PORTELÂNDIA;3416;766;22.42
Nordeste;CE;13390;BARRO;17005;3812;22.42
Nordeste;BA;34711;CONDE;19016;4261;22.41
Centro-Oeste;GO;94757;MOSSÂMEDES;4636;1039;22.41
Sudeste;SP;61557;ARAÇATUBA;145128;32529;22.41
Sudeste;MG;52574;SÃO JOÃO NEPOMUCENO;20106;4505;22.41
Sudeste;RJ;58696;NOVA IGUAÇU;614931;137792;22.41
Sul;PR;76775;MANDAGUARI;27663;6196;22.4
Norte;TO;73172;NOVO JARDIM;2344;525;22.4
Sudeste;RJ;58572;MIGUEL PEREIRA;24781;5550;22.4
Sul;PR;74977;CATANDUVAS;7097;1590;22.4
Sudeste;SP;64076;ESTRELA DO NORTE;2464;552;22.4
Sudeste;MG;51977;SANTO ANTÔNIO DO AMPARO;14255;3193;22.4
Sudeste;RJ;59277;ARRAIAL DO CABO;35242;7890;22.39
Sudeste;SP;61131;AGUDOS;28853;6459;22.39
Sudeste;MG;47015;JANAÚBA;55304;12381;22.39
Centro-Oeste;MS;91596;TERENOS;13850;3101;22.39
Norte;TO;73148;NOVO ALEGRE;2099;470;22.39
Sudeste;MG;41440;SANTA BÁRBARA DO MONTE VERDE;3595;805;22.39
Nordeste;PB;20117;VISTA SERRANA;3470;777;22.39
Sudeste;SP;71137;SÃO ROQUE;60260;13493;22.39
Nordeste;PE;24830;MARAIAL;8002;1792;22.39
Sul;PR;74888;TUNAS DO PARANÁ;5500;1231;22.38
Sudeste;SP;69850;RIOLÂNDIA;7103;1590;22.38
Sul;RS;88641;CERRITO;5309;1188;22.38
Sudeste;ES;56090;APIACÁ;6320;1414;22.37
Sul;PR;76473;JATAIZINHO;9482;2121;22.37
Norte;AC;1007;BUJARI;11152;2495;22.37
Sudeste;MG;51535;SANTA JULIANA;11819;2644;22.37
Centro-Oeste;GO;94552;PARANAIGUARA;7170;1604;22.37
Sudeste;SP;71293;SERRA AZUL;7366;1647;22.36
Sul;SC;83593;TRÊS BARRAS;15074;3370;22.36
Sul;SC;82210;NAVEGANTES;66392;14845;22.36
Norte;AM;2690;PARINTINS;73020;16329;22.36
Sudeste;MG;45217;FORMIGA;54476;12177;22.35
Norte;TO;73156;SANDOLÂNDIA;3566;797;22.35
Sudeste;MG;45438;FUNILÂNDIA;5397;1206;22.35
Sul;PR;74705;RAMILÂNDIA;3754;839;22.35
Nordeste;BA;30872;DIAS D ÁVILA;53134;11878;22.35
Sudeste;SP;65811;ITUPEVA;48390;10817;22.35
Sudeste;SP;65919;JACI;5828;1302;22.34
Sul;RS;86754;SÃO VICENTE DO SUL;6760;1510;22.34
Sul;RS;87572;NONOAI;9663;2159;22.34
Sudeste;SP;64238;FLORÍNEA;2673;597;22.33
Centro-Oeste;GO;92932;CAMPINORTE;9168;2047;22.33
Sul;PR;77496;PARANAVAÍ;63954;14281;22.33
Nordeste;PE;26158;TUPANATINGA;16635;3714;22.33
Sul;RS;88102;VILA NOVA DO SUL;3746;836;22.32
Centro-Oeste;GO;96814;INDIARA;12731;2842;22.32
Sudeste;RJ;59250;VOLTA REDONDA;221957;49548;22.32
Sudeste;MG;54275;VIÇOSA;61609;13752;22.32
Centro-Oeste;GO;94714;MONTES CLAROS DE GOIÁS;7109;1587;22.32
Sul;RS;86150;CORONEL BICACO;5810;1296;22.31
Nordeste;BA;37370;MORTUGABA;9597;2141;22.31
Sudeste;MG;45870;IBERTIOGA;4944;1103;22.31
Nordeste;RN;18554;SÃO TOMÉ;9587;2139;22.31
Sudeste;SP;67555;NIPOÃ;3881;866;22.31
Centro-Oeste;GO;96717;ARENÓPOLIS;3626;809;22.31
Norte;AM;2178;BORBA;24462;5454;22.3
Sudeste;MG;41645;SÃO JOSÉ DA BARRA;6753;1506;22.3
Sul;RS;87785;SÃO MARTINHO DA SERRA;3157;704;22.3
Nordeste;PB;20613;JURU;8201;1829;22.3
Nordeste;BA;35459;IBICUÍ;11456;2555;22.3
Nordeste;MA;7412;BURITI;22995;5129;22.3
Nordeste;PI;12270;VÁRZEA GRANDE;4174;931;22.3
Sudeste;SP;67091;MIRASSOLÂNDIA;4130;921;22.3
Nordeste;BA;34614;COCOS;16368;3649;22.29
Sul;PR;74829;SANTA MÔNICA;2710;604;22.29
Sudeste;SP;62693;CABREÚVA;36426;8120;22.29
Nordeste;PE;24490;ITAÍBA;21182;4721;22.29
Nordeste;RN;16101;BODÓ;3784;843;22.28
Centro-Oeste;GO;92215;ANÁPOLIS;288292;64228;22.28
Nordeste;BA;38539;SANTA BRÍGIDA;11939;2660;22.28
Sudeste;MG;41840;CATAS ALTAS;5156;1149;22.28
Nordeste;PI;10227;COLÔNIA DO PIAUÍ;6180;1377;22.28
Sul;RS;88544;MUITOS CAPÕES;2854;636;22.28
Sudeste;SP;63819;DOBRADA;6727;1498;22.27
Sudeste;MG;44032;CRISTAIS;8667;1930;22.27
Sudeste;MG;48755;MUNHOZ;6066;1351;22.27
Nordeste;BA;36250;ITAPÉ;8428;1876;22.26
Sudeste;SP;69973;SALES;5354;1192;22.26
Sudeste;RJ;58408;ARMAÇÃO DOS BÚZIOS;36236;8066;22.26
Sudeste;SP;61301;SUZANÁPOLIS;2988;665;22.26
Nordeste;PB;21610;SALGADINHO;3477;774;22.26
Sul;RS;86851;GUAÍBA;74475;16571;22.25
Sul;RS;87971;PLANALTO;7977;1775;22.25
Sul;SC;81728;BALNEÁRIO ARROIO DO SILVA;13141;2924;22.25
Nordeste;MA;9555;BOM JARDIM;26888;5982;22.25
Nordeste;PI;11010;ITAUEIRA;9279;2065;22.25
Sul;RS;87246;NOVA SANTA RITA;20466;4554;22.25
Sudeste;MG;40754;ARAPUÁ;3487;776;22.25
Nordeste;PE;23779;CARNAÍBA;16879;3754;22.24
Nordeste;PI;10464;SANTA ROSA DO PIAUÍ;4981;1108;22.24
Norte;AM;2976;BOA VISTA DO RAMOS;13666;3040;22.24
Sudeste;MG;42412;CAPARAÓ;4641;1032;22.24
Sul;RS;88668;VALE VERDE;3292;732;22.24
Sudeste;MG;42480;VARGEM GRANDE DO RIO PARDO;4199;934;22.24
Nordeste;MA;8974;SANTA LUZIA;45122;10033;22.24
Norte;RO;116;PIMENTA BUENO;27485;6112;22.24
Sul;RS;86657;FORMIGUEIRO;5763;1281;22.23
Sudeste;MG;44776;ENTRE RIOS DE MINAS;12811;2848;22.23
Sudeste;MG;53678;TARUMIRIM;10127;2251;22.23
Nordeste;BA;37613;NOVA VIÇOSA;30989;6888;22.23
Norte;PA;4111;ALTAMIRA;86743;19285;22.23
Sul;PR;75388;GOIOXIM;5428;1206;22.22
Sudeste;SP;67792;OLÍMPIA;41874;9305;22.22
Centro-Oeste;MT;91049;SANTA RITA DO TRIVELATO;2606;579;22.22
Sudeste;SP;70092;SALTO GRANDE;6580;1462;22.22
Centro-Oeste;MS;91456;RIO NEGRO;4176;928;22.22
Nordeste;BA;39934;TEIXEIRA DE FREITAS;105045;23328;22.21
Sudeste;SP;67474;NATIVIDADE DA SERRA;5669;1259;22.21
Sudeste;MG;46590;ITAMONTE;12325;2737;22.21
Sudeste;SP;66915;MENDONÇA;5260;1168;22.21
Sul;PR;75019;CERRO AZUL;13491;2997;22.21
Sul;RS;88951;SÃO SEPÉ;17079;3793;22.21
Sudeste;ES;56812;PINHEIROS;18818;4180;22.21
Sudeste;SP;69299;PRESIDENTE PRUDENTE;165528;36766;22.21
Sudeste;MG;45993;IBITURUNA;2602;578;22.21
Nordeste;BA;37591;NOVA SOURE;21207;4708;22.2
Sudeste;MG;44873;ESPÍRITO SANTO DO DOURADO;5532;1228;22.2
Sudeste;MG;41890;CABO VERDE;9574;2125;22.2
Centro-Oeste;MT;90956;JACIARA;20547;4561;22.2
Nordeste;AL;27294;CAMPO GRANDE;9154;2032;22.2
Centro-Oeste;GO;95931;SÃO FRANCISCO DE GOIÁS;5392;1197;22.2
Nordeste;AL;28134;OLHO D ÁGUA DAS FLORES;16240;3605;22.2
Sudeste;MG;48216;MATOZINHOS;30120;6688;22.2
Sul;RS;87335;LIBERATO SALZANO;4425;982;22.19
Centro-Oeste;GO;93491;EDÉIA;9541;2117;22.19
Sudeste;RJ;58424;SEROPÉDICA;60965;13526;22.19
Sul;PR;74004;GODOY MOREIRA;2850;632;22.18
Nordeste;MA;8079;ITAPECURU MIRIM;47851;10613;22.18
Norte;PA;5738;RONDON DO PARÁ;26999;5989;22.18
Sudeste;MG;49077;OLARIA;2313;513;22.18
Sudeste;RJ;58734;PARAÍBA DO SUL;34304;7610;22.18
Sul;RS;89435;TRIUNFO;21936;4865;22.18
Sudeste;SP;68071;PALMITAL;16108;3572;22.18
Sudeste;SP;61875;AVANHANDAVA;7452;1653;22.18
Sudeste;SP;71935;TIMBURI;2427;538;22.17
Centro-Oeste;GO;93017;CATALÃO;75393;16708;22.16
Nordeste;PI;10863;LAGOA DE SÃO FRANCISCO;6040;1338;22.15
Centro-Oeste;GO;96890;SANTA ISABEL;3820;846;22.15
Sudeste;SP;68870;PIRASSUNUNGA;55163;12213;22.14
Sudeste;RJ;58530;MARICÁ;185609;41093;22.14
Sul;RS;87734;OSÓRIO;37247;8248;22.14
Nordeste;SE;31135;BREJO GRANDE;8118;1797;22.14
Sudeste;SP;65056;IGARATÁ;9443;2090;22.13
Sul;RS;86800;HULHA NEGRA;4884;1081;22.13
Sudeste;MG;52710;SÃO JOSÉ DO MANTIMENTO;3068;679;22.13
Nordeste;CE;15113;PEDRA BRANCA;34612;7660;22.13
Sudeste;SP;62332;BOA ESPERANÇA DO SUL;9706;2148;22.13
Sul;RS;88714;SÃO JERÔNIMO;15910;3519;22.12
Sudeste;MG;40134;ÁGUA COMPRIDA;2699;597;22.12
Sudeste;MG;48437;MIRAÍ;10695;2366;22.12
Sudeste;MG;50490;POUSO ALEGRE;112425;24869;22.12
Nordeste;AL;27758;JOAQUIM GOMES;15470;3422;22.12
Nordeste;MA;7226;CACHOEIRA GRANDE;9001;1991;22.12
Centro-Oeste;GO;92517;AURILÂNDIA;3295;729;22.12
Sudeste;SP;61840;TAQUARIVAÍ;5121;1133;22.12
Sudeste;SP;64130;FERNANDO PRESTES;5086;1125;22.12
Nordeste;BA;38458;RUY BARBOSA;23977;5303;22.12
Norte;PA;5835;PARAUAPEBAS;201342;44534;22.12
Sudeste;RJ;58815;PORCIÚNCULA;13293;2941;22.12
Sudeste;SP;66710;MAIRIPORÃ;65733;14531;22.11
Norte;TO;92681;SÃO VALÉRIO;4075;901;22.11
Sudeste;SP;66150;JOSÉ BONIFÁCIO;27281;6033;22.11
Sudeste;MG;50415;PONTE NOVA;44494;9839;22.11
Sul;PR;74330;MARILÂNDIA DO SUL;7142;1579;22.11
Nordeste;AL;27898;MARAGOGI;26019;5751;22.1
Norte;PA;4731;ITUPIRANGA;32730;7234;22.1
Sudeste;SP;71676;TAMBAÚ;15898;3514;22.1
Sudeste;MG;53279;SERITINGA;2045;452;22.1
Centro-Oeste;MT;90328;SANTO AFONSO;2661;588;22.1
Sudeste;ES;56995;SERRA;361737;79908;22.09
Sudeste;MG;40630;ARAÇAÍ;2834;626;22.09
Centro-Oeste;MT;90077;ALTO GARÇAS;8774;1938;22.09
Centro-Oeste;GO;95176;PANAMÁ;3038;671;22.09
Nordeste;AL;28550;ROTEIRO;5776;1276;22.09
Sul;RS;88870;SÃO NICOLAU;4337;958;22.09
Sudeste;SP;67377;MONTE MOR;47316;10454;22.09
Sul;RS;89532;VACARIA;47383;10465;22.09
Centro-Oeste;GO;96776;SANTO ANTÔNIO DO DESCOBERTO;46706;10313;22.08
Nordeste;PB;21474;PRINCESA ISABEL;16939;3740;22.08
Nordeste;SE;31259;CAPELA;27103;5983;22.08
Centro-Oeste;GO;94730;MORRINHOS;37180;8208;22.08
Sudeste;MG;41726;BERIZAL;4307;951;22.08
Centro-Oeste;MT;89818;NOVA BRASILÂNDIA;3832;846;22.08
Centro-Oeste;GO;94390;JUSSARA;14816;3272;22.08
Nordeste;BA;36676;JITAÚNA;12992;2868;22.08
Sul;PR;79510;ALTÔNIA;14510;3204;22.08
Nordeste;BA;36471;ITUBERÁ;17839;3937;22.07
Centro-Oeste;MT;89796;COLÍDER;23598;5208;22.07
Nordeste;MA;7099;ALTO PARNAÍBA;8142;1797;22.07
Sudeste;MG;52515;SÃO JOÃO DO ORIENTE;6955;1535;22.07
Nordeste;AL;28118;NOVO LINO;10016;2211;22.07
Nordeste;PI;10456;CANTO DO BURITI;16253;3587;22.07
Nordeste;PB;20478;JACARAÚ;14325;3162;22.07
Sudeste;ES;56251;CARIACICA;274339;60535;22.07
Centro-Oeste;GO;93505;VILA PROPÍCIO;6026;1330;22.07
Sul;RS;87548;RIO DOS ÍNDIOS;2854;630;22.07
Nordeste;PI;12440;MADEIRO;6714;1481;22.06
Sudeste;SP;62251;BERNARDINO DE CAMPOS;7724;1704;22.06
Nordeste;AL;28851;UNIÃO DOS PALMARES;48373;10672;22.06
Nordeste;MA;7072;ALTAMIRA DO MARANHÃO;5758;1270;22.06
Nordeste;BA;36870;LENÇÓIS;7895;1741;22.05
Sul;SC;80691;CAMPOS NOVOS;26900;5932;22.05
Sudeste;SP;70637;SANTO ANTÔNIO DO JARDIM;5173;1140;22.04
Norte;PA;5916;PACAJÁ;29481;6497;22.04
Norte;RO;639;ALTO PARAÍSO;12087;2664;22.04
Centro-Oeste;MT;90042;ALTO BOA VISTA;4151;915;22.04
Sudeste;MG;44997;EWBANK DA CÂMARA;4497;991;22.04
Sudeste;RJ;58610;NATIVIDADE;12453;2744;22.03
Sul;PR;78972;SÃO TOMÉ;4816;1061;22.03
Sudeste;SP;64050;ESTRELA D OESTE;7128;1570;22.03
Sul;RS;86738;GENERAL CÂMARA;6173;1360;22.03
Nordeste;BA;36374;ITARANTIM;13931;3067;22.02
Nordeste;MA;8427;SÃO RAIMUNDO DO DOCA BEZERRA;5160;1136;22.02
Sudeste;MG;48593;MONTE BELO;10838;2386;22.02
Sudeste;RJ;58467;MESQUITA;136302;30012;22.02
Nordeste;PB;22314;TAPEROÁ;11366;2503;22.02
Sudeste;SP;61549;VARGEM;6582;1449;22.01
Sul;RS;88676;SÃO FRANCISCO DE PAULA;16421;3614;22.01
Sudeste;MG;40711;ARANTINA;2872;632;22.01
Nordeste;PI;11215;MATIAS OLÍMPIO;9161;2015;22.0
Nordeste;MA;7552;CARUTAPERA;19093;4200;22.0
Sul;SC;81639;ITAPEMA;60041;13212;22.0
Sudeste;SP;61190;ALTINÓPOLIS;12706;2795;22.0
Nordeste;AL;27090;BARRA DE SANTO ANTÔNIO;14944;3288;22.0
Sudeste;MG;49115;OLIVEIRA;33504;7364;21.98
Sudeste;MG;42382;SERRANÓPOLIS DE MINAS;4136;909;21.98
Nordeste;BA;37176;MARCIONÍLIO SOUZA;7767;1707;21.98
Nordeste;AL;27871;MAJOR ISIDORO;15675;3445;21.98
Sudeste;MG;49433;PARAGUAÇU;16696;3669;21.98
Sul;PR;78638;SANTO ANTÔNIO DO PARAÍSO;2247;494;21.98
Sudeste;SP;61590;ARAMINA;4523;994;21.98
Sudeste;SP;67857;ORINDIÚVA;5003;1099;21.97
Nordeste;SE;32255;SANTA LUZIA DO ITANHY;12169;2674;21.97
Sul;PR;75671;GENERAL CARNEIRO;8667;1904;21.97
Nordeste;MA;9474;VARGEM GRANDE;32648;7172;21.97
Nordeste;AL;27553;FLEXEIRAS;8538;1876;21.97
Nordeste;BA;39551;UTINGA;13057;2867;21.96
Nordeste;PE;25631;SÃO JOÃO;18178;3992;21.96
Sudeste;MG;45195;FLORESTAL;6984;1534;21.96
Sudeste;MG;40274;ALBERTINA;3575;785;21.96
Nordeste;AL;27456;CORURIPE;41885;9196;21.96
Nordeste;MA;9130;SÃO FÉLIX DE BALSAS;4224;927;21.95
Sul;PR;79014;SENGÉS;13757;3019;21.95
Sudeste;MG;53031;SÃO THOMÉ DAS LETRAS;5182;1137;21.94
Nordeste;MA;9490;VIANA;39769;8727;21.94
Nordeste;PB;21717;SANTANA DE MANGUEIRA;4562;1001;21.94
Sudeste;SP;63738;CUNHA;18135;3978;21.94
Sudeste;MG;49298;PAINS;6914;1517;21.94
Nordeste;RN;17892;PEDRA GRANDE;4340;952;21.94
Sudeste;SP;62294;BIRIGUI;84471;18527;21.93
Sudeste;MG;46817;ITUETA;5084;1115;21.93
Sudeste;SP;61034;ADOLFO;3977;872;21.93
Nordeste;PI;11754;REGENERAÇÃO;14520;3184;21.93
Sul;SC;83550;TIJUCAS;36911;8093;21.93
Sul;RS;85901;ITACURUBI;2718;596;21.93
Norte;TO;92452;ARAPOEMA;4628;1015;21.93
Centro-Oeste;GO;96253;TRINDADE;95914;21029;21.92
Nordeste;BA;33170;ALMADINA;4923;1079;21.92
Sudeste;MG;53937;TURMALINA;16553;3627;21.91
Sul;PR;77313;PAIÇANDU;30395;6659;21.91
Sul;SC;82457;PENHA;26267;5756;21.91
Sudeste;SP;62286;FERNÃO;1689;370;21.91
Sudeste;RJ;59030;SÃO PEDRO DA ALDEIA;74913;16410;21.91
Norte;AC;1554;MANOEL URBANO;8602;1885;21.91
Centro-Oeste;MT;90239;ARAGUAINHA;1233;270;21.9
Centro-Oeste;GO;92010;ABADIÂNIA;12586;2756;21.9
Norte;AM;2771;SILVES;9656;2115;21.9
Norte;RO;698;VALE DO ANARI;6627;1451;21.9
Nordeste;BA;34339;CÂNDIDO SALES;20878;4571;21.89
Sul;PR;78654;SANTO INÁCIO;4802;1051;21.89
Sudeste;SP;62049;TORRE DE PEDRA;2545;557;21.89
Sudeste;RJ;58440;ITATIAIA;26584;5818;21.89
Nordeste;PB;20931;MONTE HOREBE;4313;944;21.89
Sudeste;SP;69418;QUINTANA;5214;1141;21.88
Nordeste;MA;8540;SUCUPIRA DO RIACHÃO;4707;1030;21.88
Sudeste;SP;69515;REGINÓPOLIS;4734;1036;21.88
Sudeste;MG;40371;ALPINÓPOLIS;16047;3511;21.88
Sudeste;RJ;58157;CACHOEIRAS DE MACACU;46722;10225;21.88
Sudeste;MG;40258;ALAGOA;2619;573;21.88
Nordeste;MA;8354;MIRINZAL;12016;2629;21.88
Centro-Oeste;MT;91774;MIRASSOL D OESTE;19682;4305;21.87
Sudeste;SP;67733;NUPORANGA;6023;1317;21.87
Centro-Oeste;GO;92797;CABECEIRAS;7447;1629;21.87
Nordeste;BA;37117;MARACÁS;21719;4747;21.86
Sudeste;MG;49832;PEDRINÓPOLIS;3421;748;21.86
Nordeste;BA;37818;PAULO AFONSO;83620;18276;21.86
Nordeste;MA;8818;PRESIDENTE JUSCELINO;10017;2190;21.86
Sudeste;MG;41980;CUPARAQUE;3950;863;21.85
Sudeste;MG;46370;ITABIRITO;45012;9837;21.85
Sudeste;SP;62898;CAJURU;18240;3985;21.85
Sudeste;MG;50733;QUARTEL GERAL;3749;819;21.85
Sul;PR;74780;CAMPO BONITO;3695;807;21.84
Nordeste;MA;8575;PASSAGEM FRANCA;14692;3209;21.84
Sudeste;RJ;58637;NILÓPOLIS;128648;28103;21.84
Nordeste;BA;35190;FLORESTA AZUL;7825;1709;21.84
Centro-Oeste;MT;89931;SÃO JOSÉ DOS QUATRO MARCOS;13117;2864;21.83
Nordeste;PE;24678;JUREMA;12362;2699;21.83
Sul;RS;86819;GRAMADO;34790;7595;21.83
Nordeste;MA;7749;JATOBÁ;7205;1572;21.82
Sudeste;MG;53872;TRÊS PONTAS;45341;9893;21.82
Centro-Oeste;MT;90832;GUIRATINGA;8175;1784;21.82
Centro-Oeste;GO;93440;SANTA RITA DO NOVO DESTINO;3048;665;21.82
Nordeste;MA;7269;BOM JESUS DAS SELVAS;19650;4287;21.82
Sudeste;RJ;59099;SAQUAREMA;92059;20078;21.81
Sudeste;MG;42676;CARATINGA;60397;13175;21.81
Sudeste;SP;64017;EMBU DAS ARTES;206389;45004;21.81
Sudeste;RJ;58149;JAPERI;76652;16719;21.81
Centro-Oeste;MT;89893;ARAPUTANGA;11533;2515;21.81
Sudeste;SP;61379;AMPARO;53743;11723;21.81
Sudeste;SP;61905;SÃO LOURENÇO DA SERRA;11946;2604;21.8
Nordeste;CE;14192;IPUEIRAS;30943;6747;21.8
Sudeste;SP;62308;GAVIÃO PEIXOTO;4165;908;21.8
Centro-Oeste;MT;90360;NOVA MONTE VERDE;6036;1316;21.8
Sudeste;MG;52655;SÃO JOSÉ DO DIVINO;3170;691;21.8
Sudeste;SP;69094;POPULINA;3679;802;21.8
Nordeste;AL;28010;MATRIZ DE CAMARAGIBE;18656;4067;21.8
Centro-Oeste;GO;94455;LUZIÂNIA;136763;29809;21.8
Nordeste;MA;7846;LAGOA GRANDE DO MARANHÃO;9997;2179;21.8
Norte;PA;5592;TOMÉ-AÇU;52852;11521;21.8
Sudeste;SP;64670;GUARAREMA;26373;5750;21.8
Sudeste;ES;56618;JERÔNIMO MONTEIRO;10071;2194;21.79
Nordeste;PI;12467;MASSAPÊ DO PIAUÍ;6452;1406;21.79
Sudeste;SP;61514;APARECIDA D OESTE;3777;823;21.79
Sudeste;SP;61638;ARARAQUARA;170310;37117;21.79
Nordeste;BA;37435;MUNDO NOVO;14921;3252;21.79
Nordeste;PE;23957;CORTÊS;11265;2455;21.79
Sudeste;SP;61832;AURIFLAMA;11053;2409;21.79
Sudeste;SP;66273;LAGOINHA;5475;1193;21.79
Nordeste;PB;19607;CASSERENGUE;6406;1396;21.79
Nordeste;BA;39985;SOBRADINHO;20427;4452;21.79
Nordeste;BA;37036;MAIRI;13826;3011;21.78
Sudeste;SP;70750;SÃO BERNARDO DO CAMPO;626647;136501;21.78
Sul;RS;88730;SÃO JOSÉ DO NORTE;20679;4503;21.78
Nordeste;PE;23132;ALIANÇA;29186;6358;21.78
Centro-Oeste;MS;90751;FÁTIMA DO SUL;16886;3677;21.78
Centro-Oeste;MS;55026;LAGUNA CARAPÃ;5465;1190;21.77
Sul;PR;78492;SANTA ISABEL DO IVAÍ;7006;1525;21.77
Nordeste;PB;20877;MATARACA;8714;1897;21.77
Norte;RO;353;SANTA LUZIA D OESTE;6813;1483;21.77
Norte;PA;4898;MELGAÇO;19565;4258;21.76
Nordeste;PE;24058;EXU;29164;6347;21.76
Centro-Oeste;GO;94110;ITAJÁ;3668;798;21.76
Sudeste;MG;43370;COMENDADOR GOMES;2849;620;21.76
Sudeste;MG;42714;CAREAÇU;5368;1168;21.76
Sudeste;RJ;59196;TRÊS RIOS;62480;13590;21.75
Nordeste;PI;11690;PORTO;10000;2175;21.75
Nordeste;PI;12149;BOQUEIRÃO DO PIAUÍ;6086;1324;21.75
Nordeste;PE;24139;FLORESTA;25254;5489;21.74
Sudeste;SP;65552;ITÁPOLIS;28904;6283;21.74
Nordeste;BA;37338;MORPARÁ;7604;1653;21.74
Nordeste;AL;27790;JUNQUEIRO;20177;4387;21.74
Nordeste;CE;14435;JARDIM;22592;4911;21.74
Sudeste;SP;65455;ITAPECERICA DA SERRA;124081;26972;21.74
Nordeste;PB;20354;IMACULADA;9116;1982;21.74
Centro-Oeste;MT;90336;BARRA DO BUGRES;22360;4859;21.73
Nordeste;PB;19062;CAPIM;7251;1576;21.73
Sudeste;SP;72150;UNIÃO PAULISTA;1703;370;21.73
Nordeste;BA;38938;SÁTIRO DIAS;14469;3142;21.72
Sudeste;MG;52418;SÃO GOTARDO;28579;6208;21.72
Sudeste;MG;44717;ELÓI MENDES;19976;4338;21.72
Sul;RS;85693;CAMAQUÃ;49751;10808;21.72
Centro-Oeste;MT;89974;SALTO DO CÉU;3076;668;21.72
Nordeste;PE;25852;MOREILÂNDIA;9938;2159;21.72
Sudeste;SP;68853;PIRAPOZINHO;19385;4211;21.72
Sudeste;MG;51691;SANTANA DE PIRAPAMA;7165;1556;21.72
Sudeste;MG;50253;PIRAÚBA;9664;2098;21.71
Sudeste;SP;63576;COSMÓPOLIS;44573;9676;21.71
Sul;RS;88552;SANTO ANTÔNIO DA PATRULHA;33692;7315;21.71
Sudeste;SP;72354;VERA CRUZ;7886;1712;21.71
Centro-Oeste;MT;89958;RIO BRANCO;3897;846;21.71
Sul;PR;74020;IBEMA;5098;1107;21.71
Sudeste;MG;52450;SÃO JOÃO DA MATA;3192;693;21.71
Nordeste;RN;18473;SÃO MIGUEL;19466;4227;21.71
Nordeste;CE;15881;CROATÁ;15338;3328;21.7
Sul;RS;88919;SÃO PEDRO DO SUL;12686;2753;21.7
Sudeste;SP;72419;VISTA ALEGRE DO ALTO;5990;1300;21.7
Sudeste;MG;43516;CONCEIÇÃO DO PARÁ;5489;1191;21.7
Sul;PR;74896;CAPITÃO LEÔNIDAS MARQUES;11861;2574;21.7
Sudeste;MG;47570;LAMIM;3521;764;21.7
Norte;PA;4057;AFUÁ;29760;6459;21.7
Sul;SC;81353;IBIRAMA;15466;3354;21.69
Sul;RS;88340;CARAÁ;6518;1414;21.69
Nordeste;BA;35513;IBIPITANGA;13075;2836;21.69
Nordeste;BA;37010;MAIQUINIQUE;7260;1575;21.69
Sudeste;MG;45373;FREI INOCÊNCIO;6787;1472;21.69
Sudeste;MG;48690;MORADA NOVA DE MINAS;7207;1563;21.69
Sudeste;SP;63355;CHARQUEADA;13212;2864;21.68
Nordeste;MA;7382;CAMPESTRE DO MARANHÃO;9948;2157;21.68
Nordeste;MA;7250;BACURI;13893;3012;21.68
Nordeste;BA;35319;GOVERNADOR MANGABEIRA;19120;4145;21.68
Sudeste;RJ;59315;PATY DO ALFERES;24302;5269;21.68
Centro-Oeste;GO;93203;SANTO ANTÔNIO DA BARRA;4303;933;21.68
Centro-Oeste;GO;94315;JARAGUÁ;33457;7255;21.68
Sul;PR;74772;CAMPINA GRANDE DO SUL;35488;7693;21.68
Sudeste;RJ;58106;GUAPIMIRIM;44941;9744;21.68
Nordeste;BA;39071;SERRA PRETA;17262;3741;21.67
Nordeste;BA;34070;CAIRU;15480;3354;21.67
Norte;RO;434;NOVA MAMORÉ;19455;4215;21.67
Nordeste;PB;21210;PEDRA BRANCA;4075;883;21.67
Sudeste;SP;62367;NOVA CASTILHO;1375;298;21.67
Sudeste;SP;63193;CÁSSIA DOS COQUEIROS;2667;578;21.67
Norte;PA;5177;PORTO DE MOZ;23709;5138;21.67
Sudeste;ES;56430;FUNDÃO;14736;3194;21.67
Centro-Oeste;GO;93165;INACIOLÂNDIA;4809;1042;21.67
Sudeste;MG;42188;GUARACIAMA;5315;1151;21.66
Sudeste;SP;64971;ICÉM;6049;1310;21.66
Sul;PR;75612;FORMOSA DO OESTE;6080;1317;21.66
Sul;PR;74250;APUCARANA;94187;20399;21.66
Nordeste;BA;36811;LAJEDINHO;3619;784;21.66
Nordeste;BA;37230;MEDEIROS NETO;18663;4041;21.65
Sudeste;MG;44954;ESTRELA DO SUL;5930;1284;21.65
Sul;RS;87432;MATA;4013;869;21.65
Sul;PR;74713;CAMBÉ;76178;16494;21.65
Sul;RS;88110;REDENTORA;6768;1465;21.65
Sudeste;ES;57134;JAGUARÉ;24297;5260;21.65
Norte;PA;4189;IPIXUNA DO PARÁ;24689;5346;21.65
Nordeste;AL;28070;MONTEIRÓPOLIS;6417;1389;21.65
Sudeste;MG;40053;ABRE CAMPO;12103;2620;21.65
Nordeste;MA;9512;VITÓRIA DO MEARIM;24683;5345;21.65
Centro-Oeste;GO;93084;NOVA IGUAÇU DE GOIÁS;2680;580;21.64
Sul;PR;76015;INAJÁ;2546;551;21.64
Nordeste;PB;21733;SANTANA DOS GARROTES;6318;1367;21.64
Sul;PR;78557;SANTANA DO ITARARÉ;4659;1008;21.64
Sudeste;SP;70254;SANTA CRUZ DA CONCEIÇÃO;4140;896;21.64
Sudeste;SP;66974;MINEIROS DO TIETÊ;8683;1879;21.64
Sudeste;SP;68675;PINHALZINHO;11384;2464;21.64
Sudeste;SP;62731;CACHOEIRA PAULISTA;23891;5168;21.63
Sul;PR;79596;GRANDES RIOS;4758;1029;21.63
Sudeste;MG;42811;CARMO DE MINAS;9819;2124;21.63
Nordeste;PE;23515;BREJO DA MADRE DE DEUS;36268;7846;21.63
Nordeste;SE;31550;INDIAROBA;13697;2962;21.63
Nordeste;BA;38253;RIACHÃO DAS NEVES;19206;4154;21.63
Nordeste;PE;25356;RIBEIRÃO;28323;6127;21.63
Sudeste;MG;41556;BOM JESUS DO GALHO;12062;2608;21.62
Sudeste;ES;56952;SÃO JOSÉ DO CALÇADO;9759;2110;21.62
Sudeste;MG;42226;IMBÉ DE MINAS;5725;1238;21.62
Sudeste;MG;40231;AIURUOCA;4838;1046;21.62
Centro-Oeste;GO;93106;BURITI DE GOIÁS;3494;755;21.61
Nordeste;PB;19976;COREMAS;12873;2782;21.61
Centro-Oeste;GO;93874;HEITORAÍ;4192;906;21.61
Centro-Oeste;GO;93610;FORMOSA;77711;16791;21.61
Sudeste;SP;71854;TEJUPÁ;3456;747;21.61
Norte;TO;92509;PORTO ALEGRE DO TOCANTINS;2639;570;21.6
Sul;PR;75540;PORTO BARREIRO;3139;678;21.6
Sul;RS;85251;ARROIO GRANDE;14461;3124;21.6
Nordeste;BA;34592;COARACI;15399;3326;21.6
Sudeste;RJ;58190;CAMPOS DOS GOYTACAZES;370466;80008;21.6
Nordeste;MA;9652;SANTA LUZIA DO PARUÁ;17081;3690;21.6
Nordeste;MA;8443;SÃO ROBERTO;4547;982;21.6
Sul;RS;88650;SÃO FRANCISCO DE ASSIS;14252;3079;21.6
Nordeste;BA;34290;CANDEIAS;64825;13997;21.59
Sudeste;SP;65471;ITAPETININGA;114451;24706;21.59
Norte;RO;272;CEREJEIRAS;13278;2867;21.59
Sudeste;RJ;58394;ITAGUAÍ;100542;21706;21.59
Sul;RS;87009;MARIANA PIMENTEL;3608;779;21.59
Nordeste;BA;33405;APUAREMA;6358;1373;21.59
Sudeste;SP;68217;PARAPUÃ;7605;1642;21.59
Centro-Oeste;GO;94471;MAIRIPOTABA;3493;754;21.59
Sudeste;MG;40029;ARAPORÃ;7006;1512;21.58
Sudeste;MG;40835;ARCOS;33540;7238;21.58
Nordeste;BA;30694;JUSSARI;4647;1003;21.58
Norte;TO;92533;AURORA DO TOCANTINS;3314;715;21.58
Centro-Oeste;GO;94498;MAMBAÍ;6519;1407;21.58
Sul;PR;75051;CIANORTE;58478;12618;21.58
Centro-Oeste;GO;94854;NAZÁRIO;7694;1660;21.58
Nordeste;BA;39691;WENCESLAU GUIMARÃES;16675;3599;21.58
Sudeste;MG;53554;SOLEDADE DE MINAS;5000;1079;21.58
Sudeste;SP;65277;IPUÃ;11207;2419;21.58
Nordeste;PI;12262;PAJEÚ DO PIAUÍ;3407;735;21.57
Nordeste;PE;24619;JOÃO ALFREDO;24726;5334;21.57
Centro-Oeste;GO;95974;SÃO JOÃO D ALIANÇA;7763;1674;21.56
Sudeste;SP;62472;BORBOREMA;10738;2315;21.56
Sudeste;SP;71692;TANABI;19937;4299;21.56
Sul;PR;84590;LUNARDELLI;4235;913;21.56
Nordeste;BA;33251;ANDARAÍ;9794;2112;21.56
Sudeste;ES;56715;MUCURICI;5141;1108;21.55
Sul;PR;76899;MARILUZ;7588;1635;21.55
Nordeste;MA;9717;ZÉ DOCA;33014;7115;21.55
Sul;PR;77810;PORTO AMAZONAS;3870;834;21.55
Sudeste;SP;68250;PARIQUERA-AÇU;14302;3082;21.55
Sudeste;MG;49972;PERDÕES;17292;3726;21.55
Sul;RS;85928;ENTRE RIOS DO SUL;2654;572;21.55
Sul;PR;75477;ENGENHEIRO BELTRÃO;10063;2169;21.55
Sul;RS;86827;INHACORÁ;2071;446;21.54
Nordeste;MA;8230;LUÍS DOMINGUES;6072;1308;21.54
Sudeste;SP;69035;PONGAÍ;2952;636;21.54
Sul;RS;88790;SÃO LOURENÇO DO SUL;35085;7559;21.54
Sudeste;SP;61980;NOVA CAMPINA;6959;1499;21.54
Sul;PR;74136;ALVORADA DO SUL;7430;1600;21.53
Centro-Oeste;MT;91057;LUCIARA;2406;518;21.53
Sudeste;SP;68896;PIRATININGA;10141;2183;21.53
Nordeste;RN;17973;PENDÊNCIAS;10931;2353;21.53
Sudeste;SP;66257;JUQUITIBA;22815;4911;21.53
Sul;SC;82635;PONTE SERRADA;8142;1752;21.52
Sul;RS;85464;CRISTAL;6418;1381;21.52
Nordeste;PB;19640;POÇO DANTAS;4135;890;21.52
Nordeste;AL;28436;POÇO DAS TRINCHEIRAS;11257;2423;21.52
Sul;PR;75809;LUIZIANA;5953;1281;21.52
Nordeste;PI;10596;CRISTALÂNDIA DO PIAUÍ;6237;1342;21.52
Sul;PR;75116;MANGUEIRINHA;13764;2962;21.52
Nordeste;MA;9431;TUTÓIA;43215;9301;21.52
Sudeste;MG;41459;BOCAIÚVA;35646;7672;21.52
Centro-Oeste;GO;93955;INHUMAS;40854;8786;21.51
Nordeste;AL;27634;IGREJA NOVA;17729;3814;21.51
Nordeste;RN;18317;SÃO BENTO DO NORTE;4259;916;21.51
Sudeste;SP;61808;PONTALINDA;3157;679;21.51
Sul;SC;80250;ARAQUARI;28342;6096;21.51
Centro-Oeste;GO;92908;SANTO ANTÔNIO DE GOIÁS;7976;1716;21.51
Nordeste;PI;11517;PARNAGUÁ;7624;1640;21.51
Nordeste;PB;19275;DAMIÃO;4885;1051;21.51
Nordeste;PE;24791;MACAPARANA;20026;4305;21.5
Norte;TO;96156;TAGUATINGA;11231;2415;21.5
Nordeste;PB;19178;ARARA;9325;2005;21.5
Sudeste;MG;53953;TURVOLÂNDIA;4957;1066;21.5
Sul;PR;74942;DOUTOR ULYSSES;5209;1120;21.5
Nordeste;PI;10120;CABECEIRAS DO PIAUÍ;9837;2115;21.5
Sudeste;RJ;58246;PINHEIRAL;18820;4046;21.5
Sudeste;SP;72214;URUPÊS;10624;2283;21.49
Sudeste;SP;61689;ENGENHEIRO COELHO;14967;3216;21.49
Sudeste;MG;42935;CARVALHÓPOLIS;3407;732;21.49
Sudeste;MG;49212;OURO PRETO;64302;13819;21.49
Nordeste;RN;17434;MACAU;22534;4843;21.49
Sudeste;SP;64254;FRANCA;241902;51977;21.49
Sul;RS;84980;PANTANO GRANDE;8416;1809;21.49
Centro-Oeste;MT;98736;NOVA OLÍMPIA;12967;2786;21.49
Nordeste;BA;36595;JANDAÍRA;9074;1950;21.49
Norte;PA;5711;XINGUARA;35427;7612;21.49
Sudeste;SP;72370;VINHEDO;65669;14105;21.48
Sudeste;RJ;58955;SÃO FIDÉLIS;30178;6481;21.48
Nordeste;AL;28355;PIAÇABUÇU;13930;2992;21.48
Centro-Oeste;GO;95150;PALMINÓPOLIS;4428;951;21.48
Sudeste;MG;48070;MARMELÓPOLIS;3077;661;21.48
Nordeste;BA;34690;CONCEIÇÃO DO JACUÍPE;29454;6328;21.48
Nordeste;BA;34576;CIPÓ;15277;3279;21.46
Sul;RS;85502;GLORINHA;6780;1455;21.46
Centro-Oeste;GO;92991;CARMO DO RIO VERDE;7229;1551;21.46
Nordeste;BA;37630;OLINDINA;19699;4228;21.46
Centro-Oeste;MT;98930;SORRISO;76028;16315;21.46
Centro-Oeste;GO;93041;PROFESSOR JAMIL;3597;772;21.46
Sudeste;SP;63312;CERQUILHO;36003;7722;21.45
Nordeste;BA;33510;BAIXA GRANDE;15480;3320;21.45
Nordeste;BA;34916;CRISÓPOLIS;16673;3576;21.45
Sudeste;RJ;58718;PARACAMBI;33690;7227;21.45
Sul;PR;74543;MAUÁ DA SERRA;7691;1649;21.44
Sudeste;MG;48178;MATIPÓ;15216;3262;21.44
Sudeste;MG;44695;DOURADOQUARA;2127;456;21.44
Centro-Oeste;GO;93025;CIDADE OCIDENTAL;49714;10659;21.44
Sudeste;MG;54011;UBERABA;236838;50783;21.44
Sudeste;SP;68551;PIACATU;4487;962;21.44
Sudeste;MG;42277;CAMPO FLORIDO;6473;1388;21.44
Nordeste;AL;27073;ATALAIA;32403;6943;21.43
Sudeste;SP;66699;MAIRINQUE;38466;8245;21.43
Sul;RS;87254;JÚLIO DE CASTILHOS;14988;3212;21.43
Sul;SC;83470;SIDERÓPOLIS;11784;2525;21.43
Centro-Oeste;GO;95796;SANTA CRUZ DE GOIÁS;3504;751;21.43
Sudeste;SP;61069;MOTUCA;3384;725;21.42
Nordeste;CE;13773;CHAVAL;10966;2349;21.42
Sudeste;MG;51837;SANTA RITA DE CALDAS;7062;1512;21.41
Nordeste;AL;27812;LAGOA DA CANOA;17008;3641;21.41
Nordeste;MA;9091;SÃO BERNARDO;21808;4669;21.41
Nordeste;PI;12700;SÃO MIGUEL DO FIDALGO;3027;648;21.41
Nordeste;BA;33430;ARAMARI;9785;2094;21.4
Sudeste;RJ;58076;BARRA MANSA;133855;28642;21.4
Nordeste;RN;17299;LAGOA NOVA;12875;2755;21.4
Sudeste;SP;64599;GUARACI;8095;1732;21.4
Sudeste;SP;71110;SÃO PEDRO DO TURVO;5673;1214;21.4
Nordeste;BA;37214;MATA DE SÃO JOÃO;43098;9217;21.39
Nordeste;BA;34894;CRAVOLÂNDIA;4632;991;21.39
Sudeste;ES;56626;JOÃO NEIVA;12793;2737;21.39
Sul;PR;74985;LARANJAL;4694;1004;21.39
Centro-Oeste;GO;94439;LEOPOLDO DE BULHÕES;7348;1572;21.39
Sudeste;SP;72338;VÁRZEA PAULISTA;84729;18127;21.39
Norte;AC;1040;MARECHAL THAUMATURGO;11897;2545;21.39
Nordeste;BA;33839;BOTUPORÃ;9465;2025;21.39
Sudeste;SP;67318;MONTE AZUL PAULISTA;14242;3047;21.39
Nordeste;BA;35610;IBITIARA;12093;2587;21.39
Nordeste;BA;33650;BARRO PRETO;5763;1232;21.38
Sul;SC;82953;RIO NEGRINHO;31740;6787;21.38
Sudeste;SP;68470;PENÁPOLIS;43746;9353;21.38
Nordeste;MA;8877;RIACHÃO;16914;3616;21.38
Norte;PA;4421;NOVO REPARTIMENTO;45702;9766;21.37
Sudeste;MG;40819;ARCEBURGO;7685;1642;21.37
Sudeste;MG;50091;PIMENTA;7313;1563;21.37
Sudeste;MG;40576;ANTÔNIO CARLOS;9889;2113;21.37
Sul;PR;79359;UMUARAMA;82990;17732;21.37
Norte;AM;2038;ANORI;11109;2374;21.37
Sudeste;RJ;58092;BOM JARDIM;22628;4833;21.36
Nordeste;PE;24635;JOAQUIM NABUCO;14094;3011;21.36
Nordeste;PI;11452;PAES LANDIM;4499;961;21.36
Nordeste;PB;20338;IBIARA;5580;1192;21.36
Nordeste;AL;27774;JUNDIÁ;4851;1036;21.36
Sudeste;SP;63053;CAPÃO BONITO;34293;7326;21.36
Sudeste;SP;62936;CAMPO LIMPO PAULISTA;59440;12694;21.36
Centro-Oeste;GO;92703;SENADOR CANEDO;95243;20347;21.36
Sudeste;SP;70831;SÃO JOÃO DA BOA VISTA;67128;14331;21.35
Sul;RS;86363;BARRA DO GUARITA;2600;555;21.35
Sudeste;MG;48674;MONTE SIÃO;18682;3989;21.35
Centro-Oeste;MT;98973;VERA;7850;1676;21.35
Nordeste;PI;10219;AVELINO LOPES;9563;2042;21.35
Norte;RO;94;CACOAL;69974;14942;21.35
Nordeste;MA;7501;CONCEIÇÃO DO LAGO-AÇU;11878;2536;21.35
Sul;PR;79057;SERTANÓPOLIS;13311;2841;21.34
Sul;RS;87718;NOVO HAMBURGO;174486;37244;21.34
Norte;AM;2356;HUMAITÁ;34907;7448;21.34
Centro-Oeste;GO;93343;ÁGUAS LINDAS DE GOIÁS;125210;26718;21.34
Sudeste;SP;66591;LUTÉCIA;2380;508;21.34
Nordeste;PB;19569;SANTA INÊS;3848;821;21.34
Nordeste;PB;19410;BELÉM DO BREJO DO CRUZ;6644;1417;21.33
Sudeste;MG;49417;PARÁ DE MINAS;67632;14426;21.33
Nordeste;PI;11312;MONTE ALEGRE DO PIAUÍ;9415;2008;21.33
Sudeste;SP;67393;MORRO AGUDO;20181;4304;21.33
Sudeste;MG;41793;BRUMADINHO;35366;7544;21.33
Norte;TO;94811;NATIVIDADE;6806;1452;21.33
Sudeste;SP;62324;JUMIRIM;2457;524;21.33
Sul;RS;86940;MANOEL VIANA;5536;1181;21.33
Sudeste;RJ;59293;ITALVA;11648;2483;21.32
Norte;RO;337;ALVORADA DO OESTE;11029;2351;21.32
Nordeste;BA;39233;TAPEROÁ;14359;3062;21.32
Norte;PA;4006;GOIANÉSIA DO PARÁ;21405;4564;21.32
Sul;PR;78450;SANTA FÉ;9149;1951;21.32
Nordeste;PE;23418;BOM CONSELHO;34189;7290;21.32
Sudeste;SP;61506;CAMPINA DO MONTE ALEGRE;4857;1035;21.31
Norte;TO;73423;CARRASCO BONITO;3567;760;21.31
Norte;AP;6033;CALÇOENE;8907;1898;21.31
Sudeste;SP;61611;ARANDU;5528;1178;21.31
Norte;RO;671;CAMPO NOVO DE RONDÔNIA;7516;1602;21.31
Sul;PR;74047;LINDOESTE;5116;1090;21.31
Sul;RS;88030;PORTO LUCENA;3887;828;21.3
Nordeste;MA;9636;ESTREITO;24146;5142;21.3
Sudeste;MG;46191;INHAÚMA;5730;1220;21.29
Sudeste;SP;67598;NOVA EUROPA;7172;1527;21.29
Nordeste;CE;14710;MOMBAÇA;32520;6924;21.29
Sudeste;MG;43133;CENTRAL DE MINAS;5637;1200;21.29
Sul;RS;89273;TAQUARA;41562;8848;21.29
Sul;PR;79316;TUNEIRAS DO OESTE;6721;1431;21.29
Centro-Oeste;GO;92274;APARECIDA DE GOIÂNIA;341263;72628;21.28
Norte;TO;73369;JAÚ DO TOCANTINS;3092;658;21.28
Nordeste;CE;13293;ARNEIROZ;6939;1476;21.27
Sudeste;SP;67490;NAZARÉ PAULISTA;14473;3079;21.27
Sul;RS;85766;RELVADO;2167;461;21.27
Nordeste;SE;32352;SÃO DOMINGOS;8598;1829;21.27
Sul;RS;88420;BENJAMIN CONSTANT DO SUL;2125;452;21.27
Nordeste;PB;19208;RIACHÃO;3550;755;21.27
Sudeste;ES;56936;SÃO GABRIEL DA PALHA;26249;5581;21.26
Sudeste;SP;62022;LOURDES;1877;399;21.26
Sudeste;SP;71315;SERRANA;33570;7137;21.26
Nordeste;BA;33537;BARRA;37117;7889;21.25
Nordeste;BA;33790;BONINAL;10945;2326;21.25
Sudeste;SP;61026;BOREBI;2400;510;21.25
Norte;AM;98477;TABATINGA;40230;8550;21.25
Nordeste;PE;23833;CATENDE;25872;5497;21.25
Sul;PR;74586;NOVA LARANJEIRAS;8591;1826;21.25
Sudeste;SP;69710;RIVERSUL;4559;969;21.25
Sul;PR;77372;PALMITAL;10879;2311;21.24
Norte;AM;2658;NOVA OLINDA DO NORTE;19945;4237;21.24
Norte;AC;1570;ASSIS BRASIL;7294;1549;21.24
Sudeste;SP;62650;BURITIZAL;4125;876;21.24
Nordeste;PB;22292;TACIMA;8148;1731;21.24
Nordeste;MA;7374;BEQUIMÃO;18606;3951;21.24
Nordeste;PI;12610;SÃO GONÇALO DO GURGUÉIA;2882;612;21.24
Nordeste;MA;8435;NINA RODRIGUES;10518;2233;21.23
Sul;SC;80624;PASSOS MAIA;3505;744;21.23
Sul;PR;75183;CAMPINA DO SIMÃO;3735;793;21.23
Nordeste;MA;7668;GOVERNADOR NUNES FREIRE;17561;3728;21.23
Nordeste;BA;34118;CAMACAN;17301;3673;21.23
Sul;PR;74608;NOVA SANTA BÁRBARA;3758;798;21.23
Norte;TO;73296;ESPERANTINA;6625;1406;21.22
Sul;PR;74209;CAFEZAL DO SUL;4161;883;21.22
Sul;PR;79090;TAMBOARA;4157;882;21.22
Norte;PA;4545;TERRA ALTA;12581;2670;21.22
Nordeste;PB;21997;SÃO MAMEDE;7110;1508;21.21
Sudeste;SP;69493;REGENTE FEIJÓ;15711;3333;21.21
Sudeste;SP;62430;BORÁ;1094;232;21.21
Centro-Oeste;GO;96458;ACREÚNA;15970;3387;21.21
Centro-Oeste;GO;93432;DIORAMA;2503;531;21.21
Centro-Oeste;MT;98795;NOVO HORIZONTE DO NORTE;3305;701;21.21
Norte;PA;4561;FLORESTA DO ARAGUAIA;13756;2917;21.21
Sul;PR;77410;PARAÍSO DO NORTE;9490;2013;21.21
Sudeste;SP;66354;LEME;72901;15456;21.2
Sudeste;MG;47538;LAJINHA;16637;3527;21.2
Centro-Oeste;GO;92053;ALEXÂNIA;21974;4658;21.2
Sudeste;MG;43435;CONCEIÇÃO DAS PEDRAS;2816;597;21.2
Nordeste;BA;30007;LUÍS EDUARDO MAGALHÃES;81123;17190;21.19
Sul;PR;77712;PITANGA;25677;5441;21.19
Sul;SC;80985;BOMBINHAS;19110;4049;21.19
Norte;PA;5894;RURÓPOLIS;20247;4291;21.19
Sudeste;SP;69795;RIO CLARO;151298;32062;21.19
Nordeste;PI;10413;CAMPINAS DO PIAUÍ;5376;1139;21.19
Sudeste;ES;56391;DORES DO RIO PRETO;6285;1332;21.19
Sudeste;SP;66737;MANDURI;7096;1503;21.18
Sudeste;ES;56855;PRESIDENTE KENNEDY;13256;2807;21.18
Nordeste;MA;9458;URBANO SANTOS;25803;5466;21.18
Nordeste;BA;36234;ITAPARICA;20044;4245;21.18
Sudeste;MG;48151;MATIAS BARBOSA;11981;2537;21.18
Sudeste;MG;49514;PASSA QUATRO;13298;2816;21.18
Centro-Oeste;MT;90689;TAPURAH;9694;2052;21.17
Sudeste;SP;63010;CÂNDIDO MOTA;22894;4847;21.17
Norte;TO;73547;SANTA RITA DO TOCANTINS;2126;450;21.17
Nordeste;PE;23280;TAMANDARÉ;20268;4291;21.17
Centro-Oeste;MT;91995;SÃO JOSÉ DO RIO CLARO;11217;2375;21.17
Sudeste;SP;66192;JUNDIAÍ;337851;71520;21.17
Sudeste;MG;51055;RIO MANSO;5025;1064;21.17
Nordeste;PB;19895;CONCEIÇÃO;15357;3251;21.17
Sul;SC;81418;IMARUÍ;10187;2157;21.17
Sul;PR;79413;URAÍ;8555;1810;21.16
Sul;PR;77933;QUATIGUÁ;6645;1406;21.16
Sudeste;MG;47597;LARANJAL;5921;1253;21.16
Sul;RS;87181;NICOLAU VERGUEIRO;2406;509;21.16
Nordeste;BA;34096;CALDEIRÃO GRANDE;10361;2192;21.16
Sudeste;SP;65773;ITOBI;6007;1271;21.16
Nordeste;BA;33758;BOA VISTA DO TUPIM;14089;2981;21.16
Norte;TO;92398;ARAGUAÇU;6645;1406;21.16
Sul;PR;79154;TELÊMACO BORBA;51913;10983;21.16
Centro-Oeste;GO;95435;PIRENÓPOLIS;20745;4390;21.16
Sudeste;SP;70939;SÃO JOSÉ DO BARREIRO;3579;757;21.15
Sudeste;MG;42650;CARANGOLA;23082;4882;21.15
Sudeste;SP;64939;IBITINGA;41272;8728;21.15
Sul;RS;87068;MINAS DO LEÃO;6369;1347;21.15
Sudeste;SP;69175;POTIRENDABA;13860;2932;21.15
Sudeste;SP;66010;JANDIRA;76022;16079;21.15
Norte;RO;256;ESPIGÃO DO OESTE;23348;4936;21.14
Nordeste;MA;7536;CAROLINA;18310;3871;21.14
Nordeste;RN;16357;BREJINHO;10102;2136;21.14
Norte;PA;4162;PALESTINA DO PARÁ;5862;1239;21.14
Norte;PA;5754;URUARÁ;31993;6761;21.13
Nordeste;PB;22152;SERRA GRANDE;3110;657;21.13
Nordeste;PB;20818;MANAÍRA;9110;1925;21.13
Centro-Oeste;MT;91022;VALE DE SÃO DOMINGOS;2721;575;21.13
Sudeste;MG;49131;OLIVEIRA FORTES;2731;577;21.13
Nordeste;PI;12432;LAGOINHA DO PIAUÍ;3244;685;21.12
Nordeste;BA;33073;ÁGUA FRIA;13416;2834;21.12
Nordeste;PI;12637;FLORESTA DO PIAUÍ;2599;549;21.12
Sudeste;MG;41491;BOM JARDIM DE MINAS;6321;1335;21.12
Sudeste;MG;42196;CAMPESTRE;16477;3480;21.12
Nordeste;CE;14818;MUCAMBO;12736;2690;21.12
Sul;PR;78352;SALTO DO ITARARÉ;4614;974;21.11
Sul;PR;75698;GOIOERÊ;21161;4467;21.11
Norte;TO;95478;PIUM;5965;1259;21.11
Sudeste;MG;41114;BARBACENA;99361;20963;21.1
Sudeste;SP;63274;CEDRAL;8582;1811;21.1
Sul;RS;87963;TIRADENTES DO SUL;4724;997;21.1
Nordeste;BA;37990;PLANALTINO;6975;1472;21.1
Nordeste;PI;10731;ESPERANTINA;32709;6902;21.1
Norte;TO;95273;PEIXE;7284;1537;21.1
Nordeste;BA;38032;POÇÕES;37374;7881;21.09
Sul;PR;77674;PIRAÍ DO SUL;18800;3965;21.09
Nordeste;PB;22195;SERRARIA;4595;969;21.09
Sudeste;SP;61620;TUIUTI;5542;1169;21.09
Nordeste;CE;13366;TARRAFAS;7393;1559;21.09
Nordeste;SE;31658;JAPARATUBA;14930;3149;21.09
Norte;RO;310;ALTA FLORESTA D OESTE;18187;3835;21.09
Sudeste;MG;41173;BARROSO;17476;3685;21.09
Nordeste;AL;28258;PALMEIRA DOS ÍNDIOS;54544;11498;21.08
Norte;AC;1120;ACRELÂNDIA;10207;2152;21.08
Sudeste;MG;48038;MARIPÁ DE MINAS;3150;664;21.08
Nordeste;MA;8176;LAGO VERDE;12196;2570;21.07
Sul;PR;77879;PRESIDENTE CASTELO BRANCO;3887;819;21.07
Sudeste;SP;66877;MATÃO;63725;13425;21.07
Centro-Oeste;MT;90646;NOVA MUTUM;37953;7995;21.07
Sul;PR;78271;RONCADOR;8952;1886;21.07
Nordeste;BA;33413;ARACI;40272;8486;21.07
Nordeste;BA;34851;CORRENTINA;28078;5913;21.06
Sul;PR;75639;FOZ DO IGUAÇU;209121;44044;21.06
Sudeste;MG;43273;CLARAVAL;5081;1070;21.06
Centro-Oeste;GO;93580;CAMPO LIMPO DE GOIÁS;6772;1426;21.06
Sudeste;SP;70394;SANTA LÚCIA;6326;1332;21.06
Nordeste;SE;32212;ROSÁRIO DO CATETE;8984;1892;21.06
Nordeste;BA;36170;ITAMBÉ;17831;3755;21.06
Sul;PR;76910;MARINGÁ;302812;63754;21.05
Norte;PA;4022;TAILÂNDIA;55596;11703;21.05
Sudeste;SP;66370;LENÇÓIS PAULISTA;50784;10688;21.05
Sudeste;MG;51217;RITÁPOLIS;4803;1011;21.05
Sudeste;SP;71030;SÃO MANUEL;29305;6166;21.04
Sudeste;SP;72451;VOTUPORANGA;68927;14501;21.04
Sudeste;ES;56162;SÃO ROQUE DO CANAÃ;9890;2081;21.04
Sudeste;RJ;58009;QUISSAMÃ;19085;4015;21.04
Nordeste;BA;30791;BURITIRAMA;15728;3309;21.04
Nordeste;BA;35416;IBICARAÍ;17862;3756;21.03
Nordeste;BA;34878;COTEGIPE;11726;2466;21.03
Sudeste;MG;40975;BAEPENDI;15621;3285;21.03
Sul;SC;83895;BOM JARDIM DA SERRA;3852;810;21.03
Nordeste;AL;28754;SÃO SEBASTIÃO;27082;5695;21.03
Nordeste;MA;8117;JOSELÂNDIA;12529;2635;21.03
Sudeste;SP;61328;SANTO ANTÔNIO DO ARACANGUÁ;7290;1533;21.03
Nordeste;PB;19054;ALAGOA GRANDE;23238;4888;21.03
Norte;TO;93653;FORMOSO DO ARAGUAIA;14141;2974;21.03
Nordeste;BA;34363;CARAÍBAS;8699;1829;21.03
Nordeste;BA;38717;SANTO AMARO;47773;10043;21.02
Sudeste;MG;43176;CHÁCARA;4371;919;21.02
Nordeste;PE;24996;PALMARES;40845;8584;21.02
Nordeste;MA;7510;CANTANHEDE;14177;2980;21.02
Sudeste;MG;53635;TAPIRAÍ;1974;415;21.02
Sudeste;MG;41050;BANDEIRA DO SUL;5237;1101;21.02
Centro-Oeste;MT;90301;LAMBARI D OESTE;4215;886;21.02
Nordeste;PE;25372;RIO FORMOSO;16933;3558;21.01
Nordeste;BA;37680;OUROLÂNDIA;14353;3016;21.01
Sudeste;MG;48410;MIRADOURO;8125;1707;21.01
Sudeste;MG;46132;INDIANÓPOLIS;5187;1090;21.01
Sudeste;SP;64831;IACANGA;8269;1737;21.01
Sudeste;SP;61310;AMERICANA;181216;38077;21.01
Sudeste;MG;43591;CONGONHAS;43886;9222;21.01
Sul;PR;79677;NOVA OLÍMPIA;4854;1020;21.01
Sudeste;SP;67075;MIRASSOL;43661;9171;21.01
Sul;RS;89443;SANTA MARGARIDA DO SUL;2829;594;21.0
Norte;AM;2534;MANACAPURU;81115;17036;21.0
Nordeste;PE;23310;BELÉM DO SÃO FRANCISCO;15567;3269;21.0
Sudeste;SP;71013;SÃO LUÍS DO PARAITINGA;10204;2143;21.0
Sul;PR;74802;SANTA MARIA DO OESTE;8019;1684;21.0
Nordeste;MA;8591;PASTOS BONS;15148;3179;20.99
Nordeste;PE;25950;TACARATU;18225;3825;20.99
Sul;SC;81833;LAGES;125222;26288;20.99
Sul;PR;79812;BOA VISTA DA APARECIDA;7107;1492;20.99
Sudeste;SP;71552;TABATINGA;10716;2249;20.99
Sudeste;MG;53570;TABULEIRO;4006;841;20.99
Sul;SC;80004;MONTE CARLO;6989;1467;20.99
Sudeste;SP;66478;LOUVEIRA;39253;8235;20.98
Centro-Oeste;GO;95010;NOVO BRASIL;3599;755;20.98
Sudeste;SP;66931;MERIDIANO;3765;790;20.98
Nordeste;BA;37494;MUTUÍPE;17909;3757;20.98
Sul;RS;85510;BRAGA;2865;601;20.98
Nordeste;MA;7684;IGARAPÉ DO MEIO;10867;2280;20.98
Nordeste;BA;33456;ARATUÍPE;8424;1767;20.98
Nordeste;SE;31534;ILHA DAS FLORES;7753;1626;20.97
Nordeste;CE;13072;AIUABA;11440;2399;20.97
Sul;SC;81850;LAGUNA;36422;7638;20.97
Sudeste;SP;67873;ORLÂNDIA;29493;6186;20.97
Nordeste;PI;10162;CANAVIEIRA;3447;723;20.97
Sul;RS;87386;PINHAL GRANDE;3602;755;20.96
Sudeste;SP;70815;SÃO FRANCISCO;2505;525;20.96
Nordeste;SE;31976;PACATUBA;11850;2484;20.96
Nordeste;PB;19402;SÃO BENTINHO;3802;797;20.96
Norte;PA;4863;MOJUÍ DOS CAMPOS;24248;5081;20.95
Centro-Oeste;GO;92355;ARAGOIÂNIA;10215;2140;20.95
Nordeste;MA;9695;MIRANDA DO NORTE;16991;3559;20.95
Sudeste;MG;46752;ITAÚNA;70855;14843;20.95
Sudeste;MG;42390;CANDEIAS;11511;2410;20.94
Sudeste;SP;71773;TAQUARITUBA;18080;3786;20.94
Sudeste;MG;53112;SENADOR CORTES;2545;533;20.94
Nordeste;AL;28711;SÃO MIGUEL DOS CAMPOS;43051;9015;20.94
Norte;TO;73474;CHAPADA DE AREIA;2545;533;20.94
Sudeste;SP;65978;JALES;36025;7544;20.94
Sudeste;MG;40436;ALVARENGA;4518;946;20.94
Sudeste;SP;69817;RIO DAS PEDRAS;25297;5294;20.93
Sul;RS;85871;CANGUÇU;43549;9116;20.93
Sudeste;SP;61816;ATIBAIA;119210;24947;20.93
Sudeste;ES;56898;SANTA LEOPOLDINA;10108;2116;20.93
Norte;AM;2895;ALVARÃES;12444;2605;20.93
Sul;PR;79618;INDIANÓPOLIS;3803;796;20.93
Norte;TO;92525;PRAIA NORTE;5873;1229;20.93
Sul;PR;75515;FÊNIX;3851;806;20.93
Centro-Oeste;GO;94579;MAURILÂNDIA;7553;1581;20.93
Sudeste;MG;53538;SOBRÁLIA;4076;853;20.93
Sudeste;SP;67334;MONTE CASTELO;3327;696;20.92
Sudeste;MG;51730;SANTANA DO GARAMBÉU;2352;492;20.92
Sudeste;SP;65994;JAMBEIRO;4996;1045;20.92
Sudeste;SP;63371;CHAVANTES;8675;1815;20.92
Nordeste;CE;14494;JUCÁS;20189;4223;20.92
Sudeste;MG;52612;SÃO JOSÉ DA VARGINHA;3988;834;20.91
Sudeste;MG;52639;SÃO JOSÉ DO ALEGRE;3727;779;20.9
Sul;PR;76678;LONDRINA;394978;82553;20.9
Sul;SC;83798;VIDEIRA;39175;8189;20.9
Sul;PR;75159;COLORADO;17627;3684;20.9
Sul;PR;78913;SÃO PEDRO DO IVAÍ;6943;1451;20.9
Nordeste;BA;37753;PARATINGA;24228;5063;20.9
Nordeste;BA;30970;HELIÓPOLIS;12729;2660;20.9
Sudeste;SP;71455;SOROCABA;531342;110991;20.89
Sudeste;SP;68810;PIRANGI;7897;1650;20.89
Nordeste;MA;9156;SÃO FRANCISCO DO MARANHÃO;9159;1913;20.89
Sudeste;MG;52493;SÃO JOÃO DEL REI;70117;14645;20.89
Nordeste;MA;7676;COLINAS;28426;5939;20.89
Centro-Oeste;MS;55042;NOVO HORIZONTE DO SUL;3610;754;20.89
Sudeste;SP;61042;TARUMÃ;11526;2408;20.89
Sul;SC;81914;LEBON RÉGIS;8737;1824;20.88
Sudeste;SP;63690;CRUZEIRO;56188;11727;20.87
Norte;PA;4138;ANAJÁS;22636;4725;20.87
Sudeste;SP;68098;PANORAMA;9923;2071;20.87
Nordeste;BA;33138;ALAGOINHAS;114417;23878;20.87
Sudeste;MG;41653;BORDA DA MATA;13454;2806;20.86
Sudeste;SP;62448;TRABIJU;1649;344;20.86
Nordeste;RN;18333;SÃO BENTO DO TRAIRÍ;4458;930;20.86
Centro-Oeste;GO;95710;RIO VERDE;153307;31961;20.85
Sul;SC;82015;MAJOR GERCINO;3305;689;20.85
Sudeste;SP;61956;BÁLSAMO;7397;1542;20.85
Norte;TO;92436;ARAGUATINS;22359;4661;20.85
Nordeste;PE;25836;SIRINHAÉM;28560;5955;20.85
Sudeste;RJ;58912;SANTA MARIA MADALENA;8846;1844;20.85
Sul;RS;87319;LAVRAS DO SUL;5420;1130;20.85
Sudeste;SP;61212;ALTO ALEGRE;3662;763;20.84
Centro-Oeste;MT;91103;ITANHANGÁ;5239;1092;20.84
Sul;PR;74306;FAROL;2837;591;20.83
Nordeste;BA;36390;ITIRUÇU;8937;1862;20.83
Sul;PR;76856;MARIA HELENA;4789;997;20.82
Sul;RS;85359;BARRACÃO;4352;906;20.82
Sul;SC;80730;CANOINHAS;42693;8888;20.82
Sul;PR;77976;QUERÊNCIA DO NORTE;7996;1665;20.82
Sudeste;MG;47350;JURAMENTO;4669;972;20.82
Nordeste;PE;23353;BETÂNIA;10088;2100;20.82
Nordeste;CE;13676;CARNAUBAL;14575;3035;20.82
Norte;PA;4065;SÃO JOÃO DE PIRABAS;18795;3911;20.81
Sul;PR;75507;PEROBAL;5670;1180;20.81
Nordeste;CE;13404;BARROQUINHA;15207;3165;20.81
Nordeste;BA;38296;RIACHO DE SANTANA;23737;4939;20.81
Sudeste;RJ;58890;RIO DAS FLORES;8711;1813;20.81
Nordeste;AL;27375;CHÃ PRETA;6923;1440;20.8
Sudeste;MG;40720;SÃO JOÃO DO MANHUAÇU;9811;2041;20.8
Nordeste;PB;19399;BELÉM;13281;2763;20.8
Nordeste;MA;8834;PRESIDENTE VARGAS;10343;2151;20.8
Sudeste;MG;44130;CRUZEIRO DA FORTALEZA;4351;905;20.8
Sudeste;MG;51470;SANTA CRUZ DO ESCALVADO;4879;1015;20.8
Centro-Oeste;MT;90026;SÃO JOSÉ DO POVO;3000;624;20.8
Sudeste;ES;56103;MARECHAL FLORIANO;14378;2991;20.8
Sudeste;MG;44270;DESTERRO DE ENTRE RIOS;6445;1340;20.79
Sudeste;MG;45691;GUARARÁ;3674;764;20.79
Norte;PA;4367;TERRA SANTA;15511;3224;20.79
Sudeste;MG;50911;RIBEIRÃO DAS NEVES;218584;45450;20.79
Nordeste;PB;19658;CABEDELO;54022;11228;20.78
Sudeste;MG;40363;LIMEIRA DO OESTE;6632;1378;20.78
Centro-Oeste;GO;96172;TAQUARAL DE GOIÁS;4447;924;20.78
Sudeste;MG;43230;CHIADOR;3296;685;20.78
Sudeste;SP;69019;POMPÉIA;16138;3353;20.78
Nordeste;BA;35114;ESPLANADA;26991;5608;20.78
Nordeste;MA;8990;SANTA QUITÉRIA DO MARANHÃO;21175;4401;20.78
Nordeste;AL;28819;TAQUARANA;15528;3227;20.78
Sudeste;MG;43770;CORDISBURGO;6880;1429;20.77
Nordeste;MA;7978;HUMBERTO DE CAMPOS;23439;4869;20.77
Sul;PR;75485;MARQUINHO;3876;805;20.77
Nordeste;BA;34134;CAMAÇARI;210762;43759;20.76
Nordeste;PI;10693;ELESBÃO VELOSO;13416;2785;20.76
Sul;PR;77216;NOVA ESPERANÇA;19494;4046;20.76
Centro-Oeste;GO;95419;PIRANHAS;9094;1888;20.76
Norte;PA;4219;BAGRE;16607;3448;20.76
Norte;TO;92371;ARAGUACEMA;5135;1066;20.76
Nordeste;PB;20079;CURRAL VELHO;2327;483;20.76
Nordeste;BA;35750;INHAMBUPE;27722;5754;20.76
Sudeste;MG;40983;LUISBURGO;5861;1216;20.75
Nordeste;PI;12289;PAVUSSU;3909;811;20.75
Nordeste;PE;24570;JABOATÃO DOS GUARARAPES;498555;103443;20.75
Sul;RS;89656;VICENTE DUTRA;3837;796;20.75
Sudeste;SP;64912;IBIRAREMA;5070;1052;20.75
Norte;AM;2810;TEFÉ;49827;10341;20.75
Sudeste;SP;68918;PITANGUEIRAS;24981;5184;20.75
Nordeste;PE;26255;VICÊNCIA;22237;4615;20.75
Centro-Oeste;GO;92800;TURVELÂNDIA;4210;873;20.74
Nordeste;MA;7773;ESPERANTINÓPOLIS;14795;3068;20.74
Sudeste;SP;70599;SANTO ANTÔNIO DA ALEGRIA;5700;1182;20.74
Nordeste;BA;39489;UMBURANAS;11651;2416;20.74
Nordeste;PB;20419;ITAPORANGA;17565;3642;20.73
Sudeste;SP;63592;COSMORAMA;7030;1457;20.73
Sul;PR;75558;FLORESTA;8070;1673;20.73
Sul;PR;76538;JUSSARA;5485;1137;20.73
Sul;PR;74527;MATO RICO;3238;671;20.72
Sudeste;SP;67199;MOMBUCA;3151;653;20.72
Sudeste;MG;44253;DESCOBERTO;4548;942;20.71
Sul;RS;85880;CASEIROS;3182;659;20.71
Sudeste;SP;61735;ARIRANHA;6455;1337;20.71
Sudeste;MG;54410;VISCONDE DO RIO BRANCO;30721;6359;20.7
Norte;TO;94692;MONTE DO CARMO;5125;1061;20.7
Sudeste;RJ;58114;BOM JESUS DO ITABAPOANA;28472;5894;20.7
Sudeste;RJ;59234;VASSOURAS;29259;6056;20.7
Sudeste;MG;52078;SANTO ANTÔNIO DO MONTE;21033;4354;20.7
Sul;SC;80306;COCAL DO SUL;14810;3066;20.7
Sudeste;SP;66672;MAGDA;2793;578;20.69
Sudeste;ES;56219;BOM JESUS DO NORTE;8487;1756;20.69
Nordeste;PE;25550;SANTA TEREZINHA;8044;1664;20.69
Nordeste;BA;36331;ITAPITANGA;5934;1228;20.69
Sudeste;SP;68136;PARAIBUNA;13836;2862;20.69
Centro-Oeste;GO;96318;TURVÂNIA;4582;948;20.69
Sul;PR;77836;PORTO RICO;3003;621;20.68
Nordeste;RN;16047;CAIÇARA DO NORTE;5551;1148;20.68
Nordeste;RN;17710;PARANÁ;4235;876;20.68
Sudeste;SP;70491;SANTA RITA D OESTE;2471;511;20.68
Sul;RS;86185;MORRO REDONDO;5309;1098;20.68
Sudeste;SP;63797;DIVINOLÂNDIA;9543;1973;20.67
Nordeste;AL;27391;COITÉ DO NÓIA;9481;1960;20.67
Sul;RS;85790;CAMPO NOVO;3967;820;20.67
Nordeste;MA;8753;POÇÃO DE PEDRAS;14763;3052;20.67
Sul;PR;74187;BRASILÂNDIA DO SUL;3350;692;20.66
Sul;RS;85090;ALPESTRE;6272;1296;20.66
Nordeste;MA;7870;GOVERNADOR ARCHER;8077;1669;20.66
Sudeste;MG;46515;ITAMARATI DE MINAS;3881;802;20.66
Sudeste;SP;68616;PINDAMONHANGABA;119275;24637;20.66
Sudeste;SP;66095;JERIQUARA;3344;691;20.66
Nordeste;BA;39578;VALENÇA;66657;13763;20.65
Sudeste;SP;61697;AREIAS;3463;715;20.65
Norte;PA;5096;PARAGOMINAS;76388;15772;20.65
Nordeste;BA;37672;OURIÇANGAS;7224;1492;20.65
Nordeste;PI;12173;SOCORRO DO PIAUÍ;4300;888;20.65
Sudeste;SP;65951;JAGUARIÚNA;45186;9330;20.65
Nordeste;BA;33960;CABACEIRAS DO PARAGUAÇU;14433;2981;20.65
Centro-Oeste;GO;95818;SANTA HELENA DE GOIÁS;30181;6228;20.64
Nordeste;MA;9393;TUNTUM;28443;5872;20.64
Sul;PR;77151;NOVA ALIANÇA DO IVAÍ;1565;323;20.64
Sudeste;MG;49891;PEQUERI;3368;695;20.64
Nordeste;PB;19739;CAIÇARA;6526;1347;20.64
Sul;PR;74616;BOM SUCESSO;5316;1097;20.64
Nordeste;BA;39993;WANDERLEY;10702;2208;20.63
Sudeste;MG;48470;MOEMA;6829;1409;20.63
Sul;PR;76872;MARIALVA;30178;6225;20.63
Nordeste;BA;39136;SIMÕES FILHO;90003;18564;20.63
Sul;PR;79995;SÃO JORGE DO PATROCÍNIO;5235;1080;20.63
Sul;SC;80896;CRICIÚMA;154435;31853;20.63
Nordeste;PI;12661;SÃO MIGUEL DA BAIXA GRANDE;2835;585;20.63
Sudeste;SP;71650;TAIÚVA;4396;907;20.63
Sudeste;SP;62456;BORACÉIA;3884;801;20.62
Nordeste;SE;31798;MARUIM;13208;2724;20.62
Nordeste;AL;28878;VIÇOSA;20902;4309;20.62
Sudeste;MG;44857;ESPINOSA;23564;4860;20.62
Sul;SC;80403;PASSO DE TORRES;9128;1882;20.62
Nordeste;CE;14214;IRACEMA;12096;2494;20.62
Nordeste;CE;13315;ASSARÉ;18914;3901;20.62
Nordeste;AL;28517;QUEBRANGULO;10425;2149;20.61
Centro-Oeste;GO;95990;SÃO LUÍS DE MONTES BELOS;24563;5060;20.6
Sul;RS;88145;XANGRI-LÁ;14765;3041;20.6
Norte;PA;5932;BREJO GRANDE DO ARAGUAIA;6821;1405;20.6
Nordeste;BA;36498;JACARACI;11808;2433;20.6
Sudeste;SP;71790;TARABAI;5176;1066;20.6
Norte;TO;73270;MATEIROS;2000;412;20.6
Sudeste;SP;61646;ARAPEÍ;2505;516;20.6
Sudeste;MG;40398;ALTEROSA;12246;2521;20.59
Nordeste;BA;37583;NOVA REDENÇÃO;6421;1322;20.59
Nordeste;PB;19917;CONDADO;5803;1195;20.59
Nordeste;RN;16136;ALTO DO RODRIGUES;12062;2484;20.59
Norte;AM;98493;UARINI;9798;2016;20.58
Nordeste;SE;32174;RIACHUELO;8232;1694;20.58
Nordeste;BA;39330;TERRA NOVA;10480;2157;20.58
Nordeste;SE;32077;POÇO REDONDO;22765;4683;20.57
Norte;AM;2577;MANICORÉ;33789;6950;20.57
Norte;AP;6025;PORTO GRANDE;15533;3195;20.57
Sudeste;MG;45578;GRUPIARA;1789;368;20.57
Sudeste;SP;61581;ALAMBARI;5139;1057;20.57
Sul;PR;78930;SÃO PEDRO DO PARANÁ;2695;554;20.56
Centro-Oeste;MT;90204;GLÓRIA D OESTE;2685;552;20.56
Sul;RS;88021;TUPANCI DO SUL;1474;303;20.56
Norte;RO;590;THEOBROMA;7587;1560;20.56
Nordeste;PI;10022;ALEGRETE DO PIAUÍ;4534;932;20.56
Sul;RS;89737;CAPÃO DO LEÃO;18455;3792;20.55
Sul;PR;74276;ARAPONGAS;84444;17350;20.55
Centro-Oeste;MT;91170;NOBRES;12502;2569;20.55
Centro-Oeste;GO;93548;IPIRANGA DE GOIÁS;3148;647;20.55
Nordeste;BA;39411;UBAÍRA;15896;3266;20.55
Nordeste;PB;19666;JOCA CLAUDINO;2516;517;20.55
Centro-Oeste;GO;93327;NOVO GAMA;58615;12045;20.55
Centro-Oeste;GO;95672;RIANÁPOLIS;3946;811;20.55
Norte;PA;4570;CURUÇÁ;36832;7567;20.54
Sudeste;SP;62413;BOM JESUS DOS PERDÕES;18368;3772;20.54
Sudeste;ES;56278;CASTELO;30033;6170;20.54
Sul;PR;74950;CASTRO;55971;11497;20.54
Sul;RS;87114;IRAÍ;5812;1194;20.54
Nordeste;AL;27839;LIMOEIRO DE ANADIA;20414;4193;20.54
Nordeste;PB;21393;PITIMBU;13151;2701;20.54
Sudeste;SP;61476;ANHUMAS;3315;681;20.54
Sul;PR;74861;SÃO PEDRO DO IGUAÇU;5033;1034;20.54
Nordeste;MA;8451;NOVA IORQUE;4134;849;20.54
Nordeste;BA;37303;MIRANTE;8301;1705;20.54
Norte;TO;96954;ALIANÇA DO TOCANTINS;4304;884;20.54
Nordeste;PI;10570;CORRENTE;21194;4351;20.53
Nordeste;BA;33952;CAATIBA;5851;1201;20.53
Nordeste;BA;38865;SÃO JOSÉ DO JACUÍPE;8830;1813;20.53
Sudeste;MG;41076;BARÃO DE COCAIS;24133;4955;20.53
Centro-Oeste;GO;95613;POSSE;25339;5201;20.53
Sudeste;SP;62855;CAJAMAR;70021;14366;20.52
Centro-Oeste;GO;92363;MONTIVIDIU;9826;2016;20.52
Nordeste;MA;7323;BOA VISTA DO GURUPI;6551;1344;20.52
Sudeste;SP;62359;BOCAINA;8535;1751;20.52
Sudeste;MG;47511;LAGOA SANTA;54891;11264;20.52
Sudeste;SP;69132;PORTO FELIZ;41162;8448;20.52
Nordeste;BA;35734;ILHÉUS;130310;26740;20.52
Norte;PA;5134;PONTA DE PEDRAS;23302;4781;20.52
Nordeste;BA;36110;ITAJUÍPE;16067;3295;20.51
Nordeste;BA;37354;MORRO DO CHAPÉU;26151;5364;20.51
Sul;PR;77453;PARANAGUÁ;108469;22251;20.51
Nordeste;PB;21270;PIANCÓ;12777;2620;20.51
Sudeste;SP;64556;GUARÁ;14159;2904;20.51
Nordeste;PE;24376;IGUARACY;9100;1866;20.51
Nordeste;RN;17612;NATAL;573148;117568;20.51
Norte;RO;620;CACAULÂNDIA;3901;800;20.51
Nordeste;PE;23035;AFRÂNIO;17488;3586;20.51
Sudeste;SP;64734;GUARIBA;28368;5815;20.5
Nordeste;BA;38890;SÃO SEBASTIÃO DO PASSÉ;34046;6979;20.5
Sul;PR;75493;FAXINAL;12177;2496;20.5
Nordeste;SE;32492;TOMAR DO GERU;10522;2156;20.49
Sudeste;SP;61220;ALUMÍNIO;14040;2877;20.49
Sudeste;MG;52434;SÃO JOÃO BATISTA DO GLÓRIA;6432;1318;20.49
Sudeste;MG;41270;BELO VALE;8588;1760;20.49
Norte;RO;795;SÃO FRANCISCO DO GUAPORÉ;12702;2603;20.49
Norte;PA;4464;SÃO DOMINGOS DO ARAGUAIA;15405;3157;20.49
Sudeste;MG;46353;ITABIRINHA;8908;1825;20.49
Sudeste;ES;56677;MIMOSO DO SUL;19748;4046;20.49
Sudeste;MG;47970;MARIA DA FÉ;12214;2502;20.48
Nordeste;MA;7170;ARAIOSES;32649;6687;20.48
Norte;RO;566;URUPÁ;9186;1881;20.48
Centro-Oeste;GO;92177;AMORINÓPOLIS;3862;791;20.48
Sudeste;MG;51810;SANTANA DOS MONTES;3869;792;20.47
Nordeste;PB;19933;CONDE;27248;5578;20.47
Sudeste;MG;40843;SENADOR AMARAL;6008;1230;20.47
Sudeste;MG;42790;CARMO DA MATA;9616;1968;20.47
Nordeste;BA;36978;MACAÚBAS;32963;6749;20.47
Sul;RS;86029;FAXINALZINHO;2419;495;20.46
Sudeste;MG;50172;PIRANGUÇU;4789;980;20.46
Sudeste;MG;54038;UBERLÂNDIA;540033;110517;20.46
Sudeste;SP;68373;PEDRA BELA;4810;984;20.46
Sul;RS;87912;PELOTAS;244459;50012;20.46
Sudeste;MG;48313;MERCÊS;8100;1657;20.46
Nordeste;BA;39977;VÁRZEA DA ROÇA;10928;2236;20.46
Sul;RS;85910;CARAZINHO;45685;9343;20.45
Nordeste;AL;27138;BATALHA;13574;2776;20.45
Nordeste;AL;28630;SÃO BRÁS;7353;1504;20.45
Sul;RS;85626;IVORÁ;1809;370;20.45
Sudeste;SP;61123;DIRCE REIS;1702;348;20.45
Nordeste;PB;19321;ASSUNÇÃO;4201;859;20.45
Sudeste;MG;51454;SANTA BÁRBARA DO TUGÚRIO;4340;887;20.44
Sudeste;MG;48879;NATÉRCIA;4090;836;20.44
Sul;RS;87882;SENTINELA DO SUL;4237;866;20.44
Nordeste;BA;39675;WAGNER;6804;1391;20.44
Centro-Oeste;GO;93912;HIDROLINA;3869;791;20.44
Sul;PR;75264;CRUZMALTINA;2730;558;20.44
Nordeste;PE;23710;CAMUTANGA;7337;1500;20.44
Sul;PR;78034;RANCHO ALEGRE;3224;659;20.44
Norte;TO;96679;FIGUEIRÓPOLIS;4679;956;20.43
Nordeste;RN;16217;AREIA BRANCA;22037;4503;20.43
Sudeste;RJ;58068;CARDOSO MOREIRA;12616;2578;20.43
Nordeste;BA;33014;ABAÍRA;6761;1381;20.43
Sudeste;SP;61522;ASPÁSIA;1875;383;20.43
Nordeste;BA;38059;POJUCA;29229;5970;20.42
Nordeste;PB;19011;ÁGUA BRANCA;8397;1715;20.42
Nordeste;MA;7897;GOVERNADOR EUGÊNIO BARROS;10692;2183;20.42
Sudeste;SP;68730;PIRACAIA;21552;4399;20.41
Sudeste;SP;63070;CAPELA DO ALTO;14543;2968;20.41
Centro-Oeste;MT;90255;ARENÁPOLIS;7881;1608;20.4
Sudeste;MG;42013;CAIANA;4437;905;20.4
Sudeste;SP;61239;ÁLVARES FLORENCE;3612;737;20.4
Norte;PA;5576;SOURE;22800;4652;20.4
Sul;SC;81051;FLORIANÓPOLIS;423969;86497;20.4
Sul;PR;76635;LOANDA;15869;3235;20.39
Nordeste;BA;35700;IGRAPIÚNA;9050;1845;20.39
Sudeste;SP;61336;AMÉRICO BRASILIENSE;27310;5569;20.39
Nordeste;PB;20710;LIVRAMENTO;5930;1209;20.39
Nordeste;PB;19313;BANANEIRAS;19361;3947;20.39
Nordeste;BA;39632;VERA CRUZ;36715;7487;20.39
Sul;PR;84719;SÃO JOSÉ DAS PALMEIRAS;3463;706;20.39
Sudeste;MG;41939;CACHOEIRA DE MINAS;10111;2062;20.39
Sul;RS;85480;SÃO MIGUEL DAS MISSÕES;5911;1205;20.39
Centro-Oeste;MT;91081;IPIRANGA DO NORTE;5997;1223;20.39
Sudeste;MG;49859;PEDRO LEOPOLDO;49124;10014;20.39
Nordeste;BA;37974;PIRITIBA;14292;2912;20.38
Norte;AC;1058;BRASILÉIA;19978;4071;20.38
Sudeste;SP;65358;ITABERÁ;13507;2753;20.38
Sul;RS;86576;FAXINAL DO SOTURNO;5638;1149;20.38
Sudeste;RJ;59072;SAPUCAIA;15786;3217;20.38
Nordeste;MA;7820;LAGOA DO MATO;8284;1688;20.38
Sul;PR;75795;GUARACI;4224;861;20.38
Nordeste;MA;9199;SÃO JOÃO DOS PATOS;19533;3980;20.38
Sudeste;MG;46310;IRAÍ DE MINAS;6872;1400;20.37
Norte;AP;6114;FERREIRA GOMES;7861;1601;20.37
Norte;RO;531;CASTANHEIRAS;3409;694;20.36
Sudeste;SP;71633;TAIAÇU;4509;918;20.36
Sudeste;MG;44377;DIVINÉSIA;5015;1021;20.36
Sul;PR;76791;MANDIRITUBA;19907;4053;20.36
Sul;SC;83399;SÃO MIGUEL DO OESTE;32021;6516;20.35
Nordeste;MA;7021;ALTO ALEGRE DO MARANHÃO;18076;3679;20.35
Nordeste;PE;23736;CANHOTINHO;17167;3494;20.35
Sudeste;SP;71919;TIETÊ;29070;5913;20.34
Sul;PR;78395;SANTA AMÉLIA;3048;620;20.34
Nordeste;PI;10200;COLÔNIA DO GURGUÉIA;5574;1133;20.33
Sudeste;SP;63711;CUBATÃO;90311;18355;20.32
Sudeste;SP;61409;NOVAIS;3922;797;20.32
Sul;RS;85162;TERRA DE AREIA;7779;1581;20.32
Centro-Oeste;GO;93793;GOIATUBA;27861;5660;20.32
Nordeste;AL;28894;CRAÍBAS;21887;4446;20.31
Nordeste;PE;24970;OURICURI;48563;9863;20.31
Nordeste;PB;19089;CUITÉ DE MAMANGUAPE;7662;1556;20.31
Sudeste;RJ;58343;SÃO JOSÉ DE UBÁ;7636;1551;20.31
Norte;RO;558;VALE DO PARAÍSO;5538;1125;20.31
Sudeste;SP;64998;IEPÊ;5971;1213;20.31
Sudeste;SP;69833;RIO GRANDE DA SERRA;33722;6848;20.31
Sul;SC;80829;IPUAÇU;5697;1157;20.31
Sudeste;MG;53155;SENADOR JOSÉ BENTO;2481;504;20.31
Sul;PR;79294;TOMAZINA;6647;1350;20.31
Nordeste;CE;14010;GUARACIABA DO NORTE;34685;7046;20.31
Nordeste;AL;27677;JACARÉ DOS HOMENS;5258;1068;20.31
Nordeste;MA;7293;BARÃO DE GRAJAÚ;16130;3275;20.3
Sudeste;MG;42617;CARANAÍBA;3454;701;20.3
Sudeste;SP;70874;SÃO JOÃO DO PAU D ALHO;1906;387;20.3
Sul;PR;78859;SÃO JOSÉ DOS PINHAIS;227539;46180;20.3
Sudeste;SP;63878;DOURADO;6798;1380;20.3
Sudeste;SP;67776;ÓLEO;2420;491;20.29
Nordeste;BA;38679;SANTANÓPOLIS;9599;1948;20.29
Centro-Oeste;MT;98914;RESERVA DO CABAÇAL;1838;373;20.29
Nordeste;BA;34010;CAEM;8150;1654;20.29
Sul;PR;77895;PRIMEIRO DE MAIO;8333;1691;20.29
Norte;AC;1015;CAPIXABA;8170;1657;20.28
Norte;PA;4600;NOVA IPIXUNA;11487;2329;20.28
Norte;TO;93416;DIANÓPOLIS;13191;2675;20.28
Centro-Oeste;GO;96911;ADELÂNDIA;2963;601;20.28
Nordeste;AL;28452;PORTO CALVO;21598;4380;20.28
Norte;PA;4405;VITÓRIA DO XINGU;16489;3342;20.27
Sul;RS;88129;VITÓRIA DAS MISSÕES;3443;698;20.27
Sul;PR;79537;ASSIS CHATEAUBRIAND;27256;5525;20.27
Sul;PR;75132;COLOMBO;161954;32835;20.27
Sudeste;SP;67679;NOVA LUZITÂNIA;2635;534;20.27
Norte;RO;655;CORUMBIARA;5751;1165;20.26
Sudeste;SP;65196;IPAUSSU;9987;2023;20.26
Sudeste;SP;70734;SÃO BENTO DO SAPUCAÍ;9073;1838;20.26
Sudeste;MG;54356;VIRGÍNIA;7521;1524;20.26
Sudeste;MG;46299;IPUIÚNA;7715;1563;20.26
Nordeste;BA;39314;TEOLÂNDIA;11256;2279;20.25
Sudeste;MG;40665;SANTA RITA DE MINAS;5935;1202;20.25
Sudeste;SP;64378;GASTÃO VIDIGAL;2869;581;20.25
Nordeste;PE;25470;SANHARÓ;16323;3303;20.24
Sul;RS;86118;CONDOR;6118;1238;20.24
Sudeste;SP;71951;TORRINHA;6691;1354;20.24
Nordeste;MA;7617;CHAPADINHA;60242;12195;20.24
Sul;PR;79138;TEIXEIRA SOARES;8083;1636;20.24
Sul;RS;88323;HERVEIRAS;2629;532;20.24
Sul;PR;78433;SANTA CRUZ DE MONTE CASTELO;6773;1371;20.24
Nordeste;MA;7579;CAXIAS;113420;22948;20.23
Sul;PR;79332;UBIRATÃ;19130;3870;20.23
Sul;SC;80675;CAMPO ERÊ;7540;1525;20.23
Sudeste;SP;66559;LUIZIÂNIA;3792;767;20.23
Norte;TO;93114;COLINAS DO TOCANTINS;25353;5130;20.23
Nordeste;SE;31879;NEÓPOLIS;14406;2914;20.23
Sul;RS;87858;PASSO FUNDO;150021;30356;20.23
Nordeste;CE;14095;ICÓ;51307;10377;20.23
Sul;PR;77135;NOSSA SENHORA DAS GRAÇAS;3173;642;20.23
Nordeste;RN;16276;BAÍA FORMOSA;7404;1498;20.23
Norte;PA;4324;ULIANÓPOLIS;20159;4078;20.23
Sudeste;SP;61255;ÁLVARES MACHADO;17955;3631;20.22
Nordeste;CE;13099;ALCÂNTARAS;10265;2076;20.22
Sul;PR;74357;ARAUCÁRIA;112066;22664;20.22
Sudeste;RJ;58319;DUAS BARRAS;10314;2085;20.22
Centro-Oeste;MS;90735;DOURADOS;166869;33745;20.22
Centro-Oeste;MT;91197;NORTELÂNDIA;4871;985;20.22
Sudeste;SP;61158;ALFREDO MARCONDES;3964;801;20.21
Sudeste;SP;61972;BANANAL;8233;1664;20.21
Nordeste;BA;33693;BELO CAMPO;15726;3179;20.21
Sudeste;MG;45055;FARIA LEMOS;3325;672;20.21
Norte;AC;1392;RIO BRANCO;270174;54610;20.21
Nordeste;BA;33715;BIRITINGA;13259;2680;20.21
Nordeste;BA;35777;IPECAETÁ;15029;3038;20.21
Sudeste;SP;61247;PEDRINHAS PAULISTA;2726;551;20.21
Sudeste;SP;70050;SALTO;95308;19262;20.21
Nordeste;PB;19429;SÃO DOMINGOS;3287;664;20.2
Norte;TO;93211;COUTO MAGALHÃES;4816;973;20.2
Nordeste;MA;8281;SÃO FRANCISCO DO BREJÃO;8123;1641;20.2
Nordeste;MA;7390;BREJO;25937;5240;20.2
Norte;RO;710;SÃO FELIPE D OESTE;4530;915;20.2
Sudeste;ES;56006;SÃO DOMINGOS DO NORTE;8443;1705;20.19
Sudeste;MG;50334;POÇO FUNDO;12809;2586;20.19
Nordeste;BA;36773;LAJE;20749;4190;20.19
Sul;SC;80276;ARARANGUÁ;55064;11115;20.19
Sul;PR;77950;QUATRO BARRAS;18192;3673;20.19
Nordeste;CE;13331;AURORA;20292;4096;20.19
Sul;PR;74390;ASTORGA;19627;3963;20.19
Sudeste;SP;62057;BARRA BONITA;28333;5721;20.19
Sul;PR;74233;ANTÔNIO OLINTO;6911;1395;20.19
Sul;PR;74519;BARRA DO JACARÉ;2805;566;20.18
Nordeste;SE;31755;MALHADA DOS BOIS;4297;867;20.18
Sudeste;SP;61760;ELISIÁRIO;2737;552;20.17
Nordeste;MA;8133;LAGO DA PEDRA;34283;6916;20.17
Sudeste;ES;56197;BOA ESPERANÇA;11266;2272;20.17
Nordeste;BA;35149;FEIRA DA MATA;5181;1045;20.17
Nordeste;PE;23167;CARNAUBEIRA DA PENHA;12559;2533;20.17
Sudeste;SP;70378;SANTA ISABEL;41696;8404;20.16
Sudeste;RJ;58556;MENDES;14878;3000;20.16
Centro-Oeste;GO;92096;ALOÂNDIA;2168;437;20.16
Sudeste;SP;61298;ALVINLÂNDIA;2634;531;20.16
Norte;RO;450;CABIXI;4950;998;20.16
Sudeste;RJ;59110;SILVA JARDIM;18674;3765;20.16
Centro-Oeste;GO;96415;VIANÓPOLIS;11287;2274;20.15
Nordeste;CE;14451;JATI;7093;1429;20.15
Nordeste;PE;23175;AMARAJI;17368;3499;20.15
Sul;RS;86045;AMARAL FERRADOR;4601;927;20.15
Nordeste;PB;20052;CUITEGI;6098;1229;20.15
Sul;PR;77577;PEABIRU;9916;1997;20.14
Sul;PR;75205;CAMPO MAGRO;21484;4327;20.14
Sudeste;MG;49751;PEDRA DO ANTA;3516;708;20.14
Nordeste;BA;38490;SALVADOR;1955479;393886;20.14
Sudeste;SP;64696;GUARATINGUETÁ;90805;18285;20.14
Sudeste;MG;41220;ORATÓRIOS;4326;871;20.13
Nordeste;BA;36579;JAGUARIPE;15393;3098;20.13
Sudeste;MG;42102;GAMELEIRAS;4725;951;20.13
Nordeste;BA;33855;BREJÕES;10919;2197;20.12
Nordeste;RN;18970;VIÇOSA;1958;394;20.12
Sul;PR;78832;SÃO JOSÉ DA BOA VISTA;4737;953;20.12
Nordeste;BA;37222;MATINA;9556;1923;20.12
Nordeste;MA;7277;BALSAS;71213;14327;20.12
Sudeste;MG;41513;BOM JESUS DA PENHA;3674;739;20.11
Centro-Oeste;MS;90514;CAMPO GRANDE;641185;128942;20.11
Sudeste;SP;71978;TREMEMBÉ;29627;5959;20.11
Sudeste;SP;65897;JACAREÍ;171394;34464;20.11
Sudeste;MG;48771;MURIAÉ;78840;15856;20.11
Sudeste;SP;67512;NEVES PAULISTA;7059;1419;20.1
Norte;AC;1457;SENA MADUREIRA;30864;6203;20.1
Nordeste;PB;20095;DESTERRO;7716;1551;20.1
Nordeste;PI;10472;CAPITÃO DE CAMPOS;10509;2112;20.1
Nordeste;PE;23213;ARARIPINA;60070;12071;20.09
Centro-Oeste;GO;93300;VALPARAÍSO DE GOIÁS;99112;19909;20.09
Sudeste;RJ;59331;SÃO JOSÉ DO VALE DO RIO PRETO;16230;3261;20.09
Sudeste;ES;56553;ITAPEMIRIM;36630;7359;20.09
Sul;PR;76350;JANDAIA DO SUL;16534;3321;20.09
Nordeste;PE;23183;LAGOA GRANDE;20661;4151;20.09
Sudeste;SP;67172;MOGI MIRIM;67646;13591;20.09
Nordeste;BA;35270;GLÓRIA;13025;2617;20.09
Nordeste;PI;11070;JOAQUIM PIRES;11817;2374;20.09
Nordeste;BA;37095;MANOEL VITORINO;13181;2647;20.08
Sul;PR;76732;MAMBORÊ;10615;2131;20.08
Sul;PR;75035;CHOPINZINHO;16864;3387;20.08
Norte;RO;736;ALTO ALEGRE DOS PARECIS;8837;1774;20.07
Nordeste;BA;36820;LAJEDO DO TABOCAL;6287;1262;20.07
Centro-Oeste;MT;90522;CLÁUDIA;8579;1721;20.06
Nordeste;AL;27332;CAPELA;12900;2588;20.06
Nordeste;PB;19143;MATINHAS;4881;979;20.06
Norte;TO;73482;CHAPADA DA NATIVIDADE;3103;622;20.05
Sul;PR;74837;CAMPO MOURÃO;70262;14090;20.05
Sudeste;MG;50270;PITANGUI;21464;4304;20.05
Sul;PR;78239;RIO NEGRO;24158;4844;20.05
Nordeste;PB;20770;MALTA;5263;1055;20.05
Nordeste;BA;34550;CÍCERO DANTAS;26260;5264;20.05
Centro-Oeste;GO;94790;MUTUNÓPOLIS;3622;726;20.04
Norte;RO;612;GOVERNADOR JORGE TEIXEIRA;7203;1443;20.03
Sul;PR;75442;IMBAÚ;8865;1776;20.03
Centro-Oeste;MT;91553;SANTO ANTÔNIO DO LEVERGER;17145;3435;20.03
Nordeste;PE;26018;TEREZINHA;6630;1328;20.03
Nordeste;PI;12629;SÃO LUIS DO PIAUÍ;3574;716;20.03
Norte;PA;5770;MEDICILÂNDIA;20484;4102;20.03
Nordeste;MA;8192;LIMA CAMPOS;11183;2239;20.02
Nordeste;AL;28592;SANTANA DO IPANEMA;33109;6630;20.02
Nordeste;PE;23191;ANGELIM;9105;1823;20.02
Sudeste;MG;46477;ITAJUBÁ;68385;13689;20.02
Sul;PR;74365;HONÓRIO SERPA;4366;874;20.02
Sudeste;SP;61077;ÁGUAS DA PRATA;5911;1183;20.01
Nordeste;MA;7625;GOVERNADOR LUIZ ROCHA;6417;1284;20.01
Nordeste;PE;25070;PARNAMIRIM;18517;3705;20.01
Nordeste;RN;17230;LAGOA D ANTA;6393;1279;20.01
Nordeste;MA;8184;RIBAMAR FIQUENE;6276;1256;20.01
Sudeste;MG;49158;ONÇA DE PITANGUI;3368;674;20.01
Sudeste;SP;61778;ARUJÁ;71347;14266;20.0
Norte;RO;574;MIRANTE DA SERRA;8333;1667;20.0
Sudeste;MG;42439;CAPELA NOVA;4746;949;20.0
Sudeste;SP;62510;BRAGANÇA PAULISTA;131308;26268;20.0
Sul;SC;80454;BIGUAÇU;57679;11537;20.0
Nordeste;BA;33057;ACAJUTIBA;12019;2402;19.99
Sudeste;RJ;58858;RIO BONITO;45412;9076;19.99
Norte;TO;73512;AGUIARNÓPOLIS;3952;790;19.99
Nordeste;RN;17337;LAJES;9481;1895;19.99
Sul;PR;75957;IGUARAÇU;4057;811;19.99
Sudeste;SP;71412;SILVEIRAS;5404;1080;19.99
Nordeste;BA;38776;SÃO DESIDÉRIO;28595;5717;19.99
Sul;RS;88137;RESTINGA SÊCA;12277;2453;19.98
Sudeste;SP;62715;CAÇAPAVA;72595;14503;19.98
Nordeste;CE;14079;IBIAPINA;20158;4027;19.98
Nordeste;BA;37257;MIGUEL CALMON;19996;3995;19.98
Norte;RO;35;PORTO VELHO;367902;73500;19.98
Sudeste;MG;51152;RIO POMBA;13402;2676;19.97
Nordeste;SE;31003;SANTANA DO SÃO FRANCISCO;6340;1266;19.97
Sul;SC;81132;GAROPABA;24086;4810;19.97
Nordeste;BA;39373;TUCANO;41771;8343;19.97
Nordeste;BA;37532;NILO PEÇANHA;10011;1999;19.97
Nordeste;PB;19445;SÃO JOSÉ DE PRINCESA;3236;646;19.96
Norte;PA;5975;DOM ELISEU;30137;6016;19.96
Centro-Oeste;GO;92959;CAMPO ALEGRE DE GOIÁS;5811;1160;19.96
Norte;PA;4120;ELDORADO DOS CARAJÁS;20306;4051;19.95
Nordeste;PI;10090;AMARANTE;16004;3193;19.95
Sudeste;MG;42374;CANA VERDE;4983;994;19.95
Nordeste;PI;10278;BARRO DURO;6411;1279;19.95
Nordeste;PB;20036;CUITÉ;17388;3467;19.94
Nordeste;PE;24473;ITACURUBA;4741;945;19.93
Nordeste;RN;16098;ALEXANDRIA;11804;2352;19.93
Nordeste;CE;14699;MISSÃO VELHA;30981;6174;19.93
Sudeste;MG;54216;WENCESLAU BRAZ;2695;537;19.93
Sudeste;SP;68993;POLONI;4510;899;19.93
Sudeste;MG;40037;ABAETÉ;17445;3476;19.93
Sul;RS;87769;SÃO JOSÉ DAS MISSÕES;2443;487;19.93
Sul;SC;81078;FRAIBURGO;26265;5235;19.93
Centro-Oeste;GO;96555;NOVA GLÓRIA;6881;1371;19.92
Centro-Oeste;MT;90182;PORTO ESTRELA;3328;663;19.92
Sudeste;MG;40916;ASTOLFO DUTRA;10808;2153;19.92
Nordeste;BA;36293;ITAPETINGA;48314;9624;19.92
Nordeste;BA;34509;CATURAMA;7298;1453;19.91
Sul;PR;75086;ARIRANHA DO IVAÍ;2527;503;19.91
Norte;TO;92304;MARIANÓPOLIS DO TOCANTINS;3803;757;19.91
Norte;PA;4359;BREVES;77288;15391;19.91
Nordeste;RN;17531;MONTANHAS;9623;1915;19.9
Sudeste;MG;53392;SERRANOS;2075;413;19.9
Norte;PA;5797;SÃO GERALDO DO ARAGUAIA;19494;3879;19.9
Centro-Oeste;GO;96610;AMERICANO DO BRASIL;5599;1114;19.9
Sudeste;SP;69990;SALES OLIVEIRA;8527;1697;19.9
Sul;PR;75043;PINHAIS;99265;19758;19.9
Nordeste;CE;14737;MONSENHOR TABOSA;14947;2975;19.9
Sudeste;SP;65536;ITAPIRA;53362;10616;19.89
Sudeste;MG;44970;EUGENÓPOLIS;8752;1741;19.89
Nordeste;BA;34479;CATOLÂNDIA;4177;831;19.89
Sul;PR;74870;CAPANEMA;15204;3024;19.89
Centro-Oeste;GO;93734;GOIÂNIA;1019261;202732;19.89
Nordeste;BA;35912;IRARÁ;25619;5092;19.88
Sudeste;ES;57959;VARGEM ALTA;16002;3181;19.88
Sudeste;SP;71358;SERTÃOZINHO;93301;18546;19.88
Nordeste;BA;36510;JACOBINA;61665;12254;19.87
Nordeste;BA;38210;REMANSO;32212;6402;19.87
Sul;RS;88382;ITAARA;4530;900;19.87
Sudeste;SP;67458;NARANDIBA;4458;886;19.87
Sudeste;MG;50997;RIO DOCE;2624;521;19.86
Nordeste;RN;16691;ESPÍRITO SANTO;7961;1581;19.86
Sul;PR;74462;IVATÉ;5439;1080;19.86
Sul;PR;74403;IRACEMA DO OESTE;2427;482;19.86
Norte;RO;604;MINISTRO ANDREAZZA;6153;1222;19.86
Nordeste;BA;38652;SANTANA;21022;4173;19.85
Sudeste;MG;40991;BALDIM;7093;1408;19.85
Nordeste;PI;10740;CAMPO LARGO DO PIAUÍ;5863;1164;19.85
Sudeste;RJ;58220;AREAL;10270;2039;19.85
Sudeste;MG;48399;MIRABELA;10866;2157;19.85
Nordeste;CE;14915;ORÓS;17682;3509;19.85
Sudeste;SP;62170;BATATAIS;42270;8386;19.84
Norte;AC;1112;EPITACIOLÂNDIA;14599;2897;19.84
Sul;PR;78050;REALEZA;14524;2881;19.84
Nordeste;AL;28738;SÃO MIGUEL DOS MILAGRES;8255;1638;19.84
Centro-Oeste;MT;90409;SÃO PEDRO DA CIPA;3891;772;19.84
Sudeste;MG;41190;BELA VISTA DE MINAS;8231;1633;19.84
Sudeste;MG;52256;SÃO FRANCISCO DE SALES;4637;920;19.84
Nordeste;CE;13340;IPAPORANGA;10349;2052;19.83
Nordeste;PB;21032;NOVA FLORESTA;8307;1647;19.83
Sudeste;MG;45799;GUIRICEMA;7504;1488;19.83
Nordeste;CE;13536;CAMPOS SALES;20555;4077;19.83
Nordeste;MA;7315;BARRA DO CORDA;63831;12660;19.83
Norte;PA;4758;JACUNDÁ;30585;6064;19.83
Sudeste;MG;49018;NOVA RESENDE;13447;2666;19.83
Centro-Oeste;GO;93076;CERES;16940;3359;19.83
Nordeste;MA;8125;PRESIDENTE MÉDICI;5728;1136;19.83
Sul;RS;85812;CANDELÁRIA;22407;4443;19.83
Nordeste;PE;25879;SOLIDÃO;5531;1097;19.83
Nordeste;PB;21156;PASSAGEM;2846;564;19.82
Nordeste;BA;33375;APORÁ;14198;2814;19.82
Sudeste;MG;48577;MONTE AZUL;17843;3536;19.82
Sudeste;SP;71897;TERRA ROXA;6363;1261;19.82
Sul;PR;84654;DOURADINA;6988;1385;19.82
Centro-Oeste;GO;96750;DOVERLÂNDIA;5670;1123;19.81
Sudeste;MG;53619;TAPIRA;4968;984;19.81
Sudeste;RJ;58360;TANGUÁ;26468;5243;19.81
Nordeste;MA;7765;JENIPAPO DOS VIEIRAS;13237;2622;19.81
Norte;RR;3085;RORAINÓPOLIS;23761;4707;19.81
Norte;TO;96830;FÁTIMA;3389;671;19.8
Norte;PA;4340;AURORA DO PARÁ;18265;3617;19.8
Sul;PR;77631;PINHALÃO;5879;1164;19.8
Nordeste;BA;33979;CACHOEIRA;26041;5156;19.8
Nordeste;MA;8656;PERI MIRIM;11291;2236;19.8
Nordeste;MA;8710;PIO XII;18787;3719;19.8
Sudeste;SP;63533;CORONEL MACEDO;3793;751;19.8
Nordeste;PI;11150;LUZILÂNDIA;20147;3990;19.8
Centro-Oeste;GO;92258;ANICUNS;15170;3002;19.79
Sudeste;MG;44792;ERVÁLIA;16479;3262;19.79
Sul;RS;89753;SALTO DO JACUÍ;7867;1557;19.79
Sul;SC;81310;HERVAL D OESTE;16804;3325;19.79
Norte;PA;5630;VIGIA;39656;7847;19.79
Centro-Oeste;MT;90719;DOM AQUINO;6230;1233;19.79
Sul;SC;81515;IPUMIRIM;6026;1192;19.78
Norte;TO;73288;SÃO BENTO DO TOCANTINS;5456;1079;19.78
Norte;TO;96857;AUGUSTINÓPOLIS;13639;2698;19.78
Sudeste;MG;40649;SANTA BÁRBARA DO LESTE;6925;1370;19.78
Norte;TO;95516;PONTE ALTA DO BOM JESUS;3642;720;19.77
Norte;TO;73300;CARIRI DO TOCANTINS;3798;751;19.77
Sudeste;SP;69671;RIBEIRÃO PIRES;85765;16956;19.77
Nordeste;RN;18210;SÃO FRANCISCO DO OESTE;4098;810;19.77
Sudeste;SP;68438;PEDREIRA;33383;6599;19.77
Sudeste;MG;53252;SERICITA;7087;1401;19.77
Norte;TO;93858;GURUPI;61239;12103;19.76
Sudeste;SP;70351;SANTA GERTRUDES;19153;3784;19.76
Nordeste;RN;16055;AFONSO BEZERRA;10537;2082;19.76
Nordeste;AL;27006;PARIPUEIRA;12721;2514;19.76
Nordeste;PB;19070;ALAGOA NOVA;16592;3278;19.76
Nordeste;CE;13013;ABAIARA;7775;1536;19.76
Norte;TO;73555;CRIXÁS DO TOCANTINS;1827;361;19.76
Sul;PR;77771;PONTA GROSSA;258390;51043;19.75
Centro-Oeste;MT;90441;RIBEIRÃOZINHO;2466;487;19.75
Sudeste;MG;44490;DOM CAVATI;4341;857;19.74
Norte;PA;5673;REDENÇÃO;62358;12312;19.74
Nordeste;BA;39748;MADRE DE DEUS;17110;3378;19.74
Nordeste;BA;38334;RIBEIRA DO POMBAL;45064;8897;19.74
Norte;TO;73598;IPUEIRAS;1997;394;19.73
Nordeste;PE;23450;BONITO;30694;6057;19.73
Centro-Oeste;GO;93670;GOIANÁPOLIS;10753;2122;19.73
Nordeste;AL;27065;JEQUIÁ DA PRAIA;8245;1627;19.73
Sul;RS;86274;DOM FELICIANO;10375;2047;19.73
Sudeste;SP;67156;MOGI GUAÇU;114358;22563;19.73
Sudeste;SP;61662;ESTIVA GERBI;9490;1872;19.73
Sudeste;SP;62790;CAIABU;3330;657;19.73
Centro-Oeste;MT;91634;TORIXORÉU;3727;735;19.72
Sul;PR;75353;CURITIBA;1415148;279056;19.72
Nordeste;PI;11053;JERUMENHA;4814;949;19.71
Sul;PR;77011;MEDIANEIRA;37479;7386;19.71
Centro-Oeste;GO;92347;MIMOSO DE GOIÁS;3345;659;19.7
Centro-Oeste;MS;91901;VICENTINA;5998;1181;19.69
Sudeste;MG;50512;POUSO ALTO;5593;1101;19.69
Nordeste;BA;37834;PEDRÃO;6573;1294;19.69
Sul;RS;85006;TRINDADE DO SUL;5879;1157;19.68
Sudeste;MG;51250;RODEIRO;6844;1347;19.68
Nordeste;MA;7641;GOVERNADOR NEWTON BELLO;7695;1514;19.68
Sul;PR;74349;FLOR DA SERRA DO SUL;4381;862;19.68
Sul;PR;74667;PITANGUEIRAS;2622;516;19.68
Sudeste;MG;40878;ARGIRITA;3035;597;19.67
Nordeste;CE;13951;GRANJA;44060;8665;19.67
Sudeste;MG;41211;BELMIRO BRAGA;3228;635;19.67
Nordeste;PB;19046;SÃO JOSÉ DOS RAMOS;5940;1168;19.66
Sul;PR;74241;CRUZEIRO DO IGUAÇU;3622;712;19.66
Sul;RS;86673;FREDERICO WESTPHALEN;25048;4925;19.66
Sudeste;RJ;58084;VARRE-SAI;8788;1727;19.65
Norte;PA;4480;NOVA ESPERANÇA DO PIRIÁ;15528;3052;19.65
Norte;PA;4782;PIÇARRA;9403;1848;19.65
Centro-Oeste;GO;95656;RIALMA;9232;1814;19.65
Nordeste;BA;33529;BANZAÊ;10902;2142;19.65
Sudeste;MG;42129;GLAUCILÂNDIA;4010;788;19.65
Norte;PA;4391;CACHOEIRA DO ARARI;18975;3728;19.65
Nordeste;BA;35238;GANDU;23509;4620;19.65
Nordeste;PB;21636;SALGADO DE SÃO FÉLIX;10366;2037;19.65
Norte;RO;418;SÃO MIGUEL DO GUAPORÉ;17091;3357;19.64
Sudeste;SP;68357;PEDERNEIRAS;32588;6401;19.64
Sudeste;MG;42340;SÃO SEBASTIÃO DA VARGEM ALEGRE;3045;598;19.64
Sudeste;MG;53350;SERRA DO SALITRE;9396;1845;19.64
Nordeste;PI;12459;MORRO DO CHAPÉU DO PIAUÍ;5871;1153;19.64
Norte;PA;5657;VISEU;43477;8541;19.64
Nordeste;PE;23019;AFOGADOS DA INGAZEIRA;30094;5911;19.64
Sudeste;SP;63096;CAPIVARI;37609;7386;19.64
Sul;PR;74080;SANTA TEREZA DO OESTE;10278;2018;19.63
Sul;RS;86843;ITAPUCA;1824;358;19.63
Sudeste;MG;40010;ABADIA DOS DOURADOS;5720;1123;19.63
Nordeste;RN;16012;ACARI;9368;1839;19.63
Nordeste;RN;17310;LAGOA SALGADA;9613;1887;19.63
Sudeste;SP;66419;LINDÓIA;5869;1152;19.63
Nordeste;PE;25976;ITAMBÉ;24464;4802;19.63
Sudeste;MG;41548;SÃO DOMINGOS DAS DORES;5911;1160;19.62
Sul;PR;76112;ITAGUAJÉ;3512;689;19.62
Sul;PR;74497;BARRACÃO;7600;1491;19.62
Sudeste;SP;68179;PARANAPANEMA;13591;2666;19.62
Nordeste;MA;7927;MARANHÃOZINHO;8133;1596;19.62
Nordeste;BA;38318;RIBEIRA DO AMPARO;12452;2443;19.62
Centro-Oeste;MT;91677;VÁRZEA GRANDE;194985;38256;19.62
Nordeste;SE;31410;ESTÂNCIA;50966;9999;19.62
Nordeste;PI;11614;PIMENTEIRAS;9384;1841;19.62
Sul;SC;83518;TAIÓ;14737;2891;19.62
Nordeste;BA;33235;ANAGÉ;18704;3669;19.62
Centro-Oeste;GO;93530;FAZENDA NOVA;5536;1086;19.62
Sudeste;SP;61654;ARARAS;96612;18946;19.61
Nordeste;PB;19496;BONITO DE SANTA FÉ;7923;1554;19.61
Sudeste;SP;65013;IGARAÇU DO TIETÊ;17539;3440;19.61
Nordeste;AL;28037;MESSIAS;14073;2760;19.61
Nordeste;PB;19380;CAJAZEIRINHAS;3758;737;19.61
Nordeste;RN;17655;NOVA CRUZ;27948;5481;19.61
Centro-Oeste;GO;95036;ORIZONA;12089;2369;19.6
Sudeste;SP;65854;JABORANDI;5006;981;19.6
Sudeste;RJ;58653;NITERÓI;412252;80820;19.6
Sudeste;SP;64157;FERRAZ DE VASCONCELOS;128931;25268;19.6
Nordeste;BA;37290;MIRANGABA;12693;2488;19.6
Nordeste;MA;7188;BELA VISTA DO MARANHÃO;10096;1979;19.6
Nordeste;CE;15172;PEREIRO;14487;2840;19.6
Nordeste;CE;15679;TAUÁ;47270;9266;19.6
Nordeste;MA;7463;CENTRO NOVO DO MARANHÃO;11932;2338;19.59
Sul;SC;82333;PALHOÇA;154633;30285;19.59
Sudeste;MG;46035;IGARATINGA;8345;1635;19.59
Sudeste;MG;45772;GUIMARÂNIA;6658;1304;19.59
Sul;PR;76813;MANOEL RIBAS;11018;2157;19.58
Norte;PA;5193;PRAINHA;27386;5361;19.58
Nordeste;PB;22217;SOLÂNEA;22196;4345;19.58
Sul;SC;80047;LINDÓIA DO SUL;3810;746;19.58
Sudeste;SP;66770;MARACAÍ;10406;2038;19.58
Sudeste;ES;57991;ÁGUIA BRANCA;8898;1742;19.58
Sudeste;MG;49310;PAIVA;1859;364;19.58
Nordeste;CE;15512;SÃO JOÃO DO JAGUARIBE;5965;1168;19.58
Nordeste;BA;33197;AMARGOSA;28384;5554;19.57
Nordeste;MA;9571;SANTA INÊS;63447;12418;19.57
Nordeste;PE;24511;ILHA DE ITAMARACÁ;18612;3643;19.57
Sudeste;SP;71579;TABOÃO DA SERRA;212014;41485;19.57
Sudeste;SP;67350;MONTEIRO LOBATO;3833;750;19.57
Sudeste;MG;40746;SÃO JOÃO DO MANTENINHA;5242;1026;19.57
Sudeste;SP;70157;SANTA ALBERTINA;5093;996;19.56
Centro-Oeste;GO;95494;PONTALINA;14364;2809;19.56
Sudeste;MG;53694;TEIXEIRAS;10098;1975;19.56
Nordeste;AL;27715;JAPARATINGA;9190;1798;19.56
Sul;SC;80659;CAMPO BELO DO SUL;5981;1170;19.56
Nordeste;BA;35653;IBOTIRAMA;21431;4191;19.56
Nordeste;RN;18295;SANTO ANTÔNIO;19114;3738;19.56
Sudeste;SP;63517;COROADOS;4020;786;19.55
Nordeste;AL;28495;PORTO REAL DO COLÉGIO;17563;3434;19.55
Sudeste;SP;71617;TAGUAÍ;9253;1809;19.55
Sudeste;MG;43311;CLÁUDIO;22834;4465;19.55
Sudeste;ES;57096;IBATIBA;19598;3832;19.55
Sudeste;ES;56758;MUQUI;11078;2166;19.55
Norte;TO;95532;PONTE ALTA DO TOCANTINS;5628;1100;19.55
Sul;RS;85715;CAMBARÁ DO SUL;5136;1004;19.55
Sul;PR;75833;GUARAPUAVA;133846;26167;19.55
Sudeste;MG;47139;JEQUITIBÁ;5903;1154;19.55
Nordeste;MA;9679;ARAME;20826;4070;19.54
Sul;RS;87998;PORTÃO;25742;5030;19.54
Nordeste;PB;20630;LAGOA;4698;918;19.54
Nordeste;BA;34932;CRISTÓPOLIS;12379;2419;19.54
Nordeste;AL;28096;MURICI;20644;4033;19.54
Sudeste;SP;65692;ITATIBA;85162;16637;19.54
Sudeste;SP;65595;ITAPUÍ;9473;1851;19.54
Nordeste;PE;25755;SÃO VICENTE FÉRRER;14551;2842;19.53
Sudeste;MG;50695;ALTO JEQUITIBÁ;7177;1401;19.52
Sudeste;ES;56510;ICONHA;11401;2225;19.52
Nordeste;PI;10170;AROAZES;5575;1088;19.52
Nordeste;PI;12343;CAJAZEIRAS DO PIAUÍ;3662;715;19.52
Sudeste;RJ;58491;MAGÉ;192902;37662;19.52
Nordeste;CE;14516;LAVRAS DA MANGABEIRA;24134;4710;19.52
Sul;RS;86681;DOIS IRMÃOS DAS MISSÕES;2066;403;19.51
Sudeste;MG;53236;SENHORA DOS REMÉDIOS;8367;1632;19.51
Centro-Oeste;GO;96350;URUANA;10812;2109;19.51
Nordeste;PE;25712;SÃO JOSÉ DO EGITO;24100;4702;19.51
Nordeste;PB;19038;AGUIAR;4779;932;19.5
Sul;PR;75434;DOUTOR CAMARGO;5175;1009;19.5
Sul;RS;85081;EREBANGO;2616;510;19.5
Sul;PR;78298;RONDON;6991;1363;19.5
Nordeste;PI;10880;MORRO CABEÇA NO TEMPO;4202;819;19.49
Sudeste;SP;63932;DUMONT;7337;1430;19.49
Nordeste;PI;10600;BARRA D ALCÂNTARA;3576;697;19.49
Sul;RS;87238;JAGUARI;8702;1696;19.49
Sul;SC;83330;SÃO LOURENÇO DO OESTE;19026;3707;19.48
Norte;AC;1490;XAPURI;12774;2489;19.48
Nordeste;PI;10871;GILBUÉS;8660;1687;19.48
Nordeste;PB;22357;TEIXEIRA;12091;2355;19.48
Nordeste;RN;18198;RUY BARBOSA;4188;816;19.48
Nordeste;AL;27510;FEIRA GRANDE;19459;3791;19.48
Norte;TO;93556;FILADÉLFIA;6244;1216;19.47
Nordeste;PE;23221;CASINHAS;12078;2351;19.47
Nordeste;PE;26190;VENTUROSA;14784;2878;19.47
Norte;PA;4332;BRAGANÇA;94963;18480;19.46
Sudeste;RJ;59170;TRAJANO DE MORAES;9269;1804;19.46
Sudeste;RJ;58459;LAJE DO MURIAÉ;6944;1351;19.46
Sul;PR;77070;MOREIRA SALES;9161;1783;19.46
Sudeste;SP;71730;TAPIRATIBA;9228;1796;19.46
Nordeste;PI;11410;DOMINGOS MOURÃO;4268;830;19.45
Centro-Oeste;GO;93220;TEREZÓPOLIS DE GOIÁS;6829;1328;19.45
Nordeste;BA;33570;BARRA DO CHOÇA;28911;5623;19.45
Nordeste;MA;7137;ANAJATUBA;20568;4001;19.45
Sudeste;SP;62553;BRAÚNA;4231;823;19.45
Nordeste;PE;24759;LAJEDO;32462;6312;19.44
Nordeste;BA;35696;IGAPORÃ;12265;2384;19.44
Sul;PR;76694;LUPIONÓPOLIS;4003;778;19.44
Sul;SC;81477;INDAIAL;50898;9895;19.44
Sudeste;SP;66451;LORENA;61172;11887;19.43
Nordeste;PB;19100;CURRAL DE CIMA;6226;1210;19.43
Norte;TO;73385;LAGOA DA CONFUSÃO;10221;1986;19.43
Sul;SC;81779;JOAÇABA;22370;4347;19.43
Centro-Oeste;GO;92029;BONFINÓPOLIS;7873;1530;19.43
Nordeste;CE;14990;PACUJÁ;6659;1293;19.42
Nordeste;CE;15210;PORANGA;10071;1956;19.42
Nordeste;RN;16616;CURRAIS NOVOS;32922;6393;19.42
Sudeste;MG;44210;DELFIM MOREIRA;6363;1236;19.42
Nordeste;PI;11193;MARCOS PARENTE;4326;840;19.42
Nordeste;BA;35211;FORMOSA DO RIO PRETO;20786;4036;19.42
Sudeste;MG;50199;PIRANGUINHO;7298;1417;19.42
Nordeste;PB;20176;DUAS ESTRADAS;3885;754;19.41
Nordeste;PE;24538;ITAPETIM;11940;2317;19.41
Norte;PA;4626;PLACAS;14807;2874;19.41
Sul;SC;82597;POMERODE;27227;5286;19.41
Sudeste;MG;46434;ITAGUARA;10982;2131;19.4
Sudeste;MG;49530;PASSA TEMPO;7354;1427;19.4
Sul;PR;78891;SÃO MIGUEL DO IGUAÇU;21857;4241;19.4
Nordeste;PI;11339;NAZARÉ DO PIAUÍ;6697;1299;19.4
Sudeste;SP;61700;RIBEIRÃO GRANDE;6413;1244;19.4
Sul;PR;76651;LOBATO;3851;747;19.4
Nordeste;PB;19470;BOM SUCESSO;4846;940;19.4
Sul;PR;74730;CAMBIRA;6442;1250;19.4
Sul;PR;77119;MUNHOZ DE MELLO;3547;688;19.4
Sudeste;RJ;58211;CANTAGALO;15148;2938;19.4
Nordeste;MA;8915;ROSÁRIO;32344;6270;19.39
Sudeste;MG;41025;MÁRIO CAMPOS;12178;2361;19.39
Sul;PR;75760;NOVA TEBAS;6025;1168;19.39
Sul;RS;89486;SÃO PEDRO DAS MISSÕES;1650;320;19.39
Centro-Oeste;GO;96091;SILVÂNIA;16325;3166;19.39
Sudeste;MG;47694;LIBERDADE;4275;829;19.39
Sudeste;MG;42498;CAPIM BRANCO;8469;1642;19.39
Sudeste;MG;47953;MAR DE ESPANHA;10443;2024;19.38
Sul;PR;78190;RIO BOM;3019;585;19.38
Norte;TO;92070;ALMAS;5592;1084;19.38
Nordeste;MA;7110;AMARANTE DO MARANHÃO;28108;5448;19.38
Sul;RS;86762;GRAMADO DOS LOUREIROS;2631;510;19.38
Nordeste;RN;16233;AREZ;11506;2229;19.37
Norte;AC;1074;CRUZEIRO DO SUL;63851;12369;19.37
Nordeste;MA;8770;PORTO FRANCO;18862;3654;19.37
Nordeste;BA;33219;AMÉLIA RODRIGUES;19625;3800;19.36
Nordeste;PI;10014;AGRICOLÂNDIA;5547;1074;19.36
Sul;RS;87700;SÃO JOÃO DO POLÊSINE;2578;499;19.36
Sudeste;MG;44555;DOM VIÇOSO;3158;611;19.35
Nordeste;MA;8478;OLHO D ÁGUA DAS CUNHÃS;14387;2784;19.35
Sul;RS;88005;TRÊS FORQUILHAS;3297;638;19.35
Nordeste;SE;32018;PEDRINHAS;7917;1532;19.35
Nordeste;MA;9539;VITORINO FREIRE;22898;4428;19.34
Nordeste;MA;9253;SÃO RAIMUNDO DAS MANGABEIRAS;15701;3036;19.34
Sul;PR;78514;SANTA IZABEL DO OESTE;8780;1698;19.34
Sul;SC;83275;SÃO JOSÉ;195574;37822;19.34
Sul;RS;87270;LAGOA VERMELHA;19900;3847;19.33
Norte;TO;73008;ABREULÂNDIA;2525;488;19.33
Norte;TO;94617;MIRACEMA DO TOCANTINS;14418;2787;19.33
Sudeste;SP;65390;ITAJOBI;12328;2383;19.33
Nordeste;RN;16918;IPANGUAÇU;12911;2496;19.33
Sudeste;MG;40622;ROSÁRIO DA LIMEIRA;5195;1004;19.33
Nordeste;MA;7064;APICUM-AÇU;13470;2604;19.33
Sudeste;SP;72230;VALENTIM GENTIL;10146;1960;19.32
Sul;SC;83119;SÃO BENTO DO SUL;63838;12333;19.32
Norte;TO;93459;DOIS IRMÃOS DO TOCANTINS;5082;982;19.32
Sul;SC;81396;ILHOTA;12431;2402;19.32
Nordeste;PI;10790;FRANCINÓPOLIS;4556;880;19.32
Sul;PR;74810;CAMPO LARGO;94798;18319;19.32
Sul;PR;79898;VERA CRUZ DO OESTE;6593;1273;19.31
Sul;RS;89559;VENÂNCIO AIRES;53327;10298;19.31
Nordeste;CE;13757;CEDRO;20348;3929;19.31
Norte;PA;4170;AUGUSTO CORRÊA;39219;7575;19.31
Nordeste;BA;39110;SERROLÂNDIA;11033;2129;19.3
Nordeste;MA;7242;DAVINÓPOLIS;12223;2359;19.3
Norte;PA;4146;SANTA LUZIA DO PARÁ;18518;3574;19.3
Norte;PA;4227;BRASIL NOVO;16697;3221;19.29
Norte;TO;73032;DARCINÓPOLIS;4743;915;19.29
Nordeste;CE;15393;SABOEIRO;12621;2435;19.29
Sul;RS;86789;GRAMADO XAVIER;3049;588;19.29
Sudeste;SP;61727;HORTOLÂNDIA;164481;31721;19.29
Sudeste;SP;71234;SARAPUÍ;7398;1426;19.28
Sul;PR;79839;BRAGANEY;4330;835;19.28
Centro-Oeste;GO;93157;CÓRREGO DO OURO;3112;600;19.28
Sul;PR;79219;TERRA ROXA;13332;2571;19.28
Sul;RS;88390;SANTA CRUZ DO SUL;105305;20300;19.28
Sul;RS;87564;SAGRADA FAMÍLIA;2272;438;19.28
Nordeste;PB;19291;BAÍA DA TRAIÇÃO;8424;1624;19.28
Sul;RS;84964;IBIRAPUITÃ;3410;657;19.27
Nordeste;PB;19836;CARRAPATEIRA;2444;471;19.27
Norte;PA;4804;BELTERRA;17778;3425;19.27
Norte;TO;73563;MONTE SANTO DO TOCANTINS;2559;493;19.27
Nordeste;CE;15474;SÃO BENEDITO;37548;7230;19.26
Sudeste;MG;51551;SANTA LUZIA;164668;31707;19.26
Sudeste;MG;52230;SÃO FRANCISCO DE PAULA;5996;1155;19.26
Nordeste;RN;18279;SANTANA DO MATOS;11151;2148;19.26
Nordeste;RN;18414;SÃO JOSÉ DE MIPIBU;35789;6892;19.26
Nordeste;MA;7935;GRAJAÚ;52273;10069;19.26
Nordeste;AL;27170;BELO MONTE;6030;1161;19.25
Sul;SC;81370;IÇARA;43842;8441;19.25
Sudeste;SP;64777;GUARULHOS;948908;182660;19.25
Sudeste;SP;63398;CLEMENTINA;5273;1015;19.25
Sul;PR;77194;NOVA CANTU;6004;1156;19.25
Sudeste;SP;65170;INÚBIA PAULISTA;3159;608;19.25
Nordeste;MA;8508;SENADOR LA ROCQUE;12262;2361;19.25
Sul;SC;83674;TUBARÃO;82210;15817;19.24
Sudeste;ES;57010;VIANA;54374;10462;19.24
Sudeste;SP;63851;DOLCINÓPOLIS;2355;453;19.24
Nordeste;CE;15237;PORTEIRAS;14641;2816;19.23
Sul;RS;85200;CAMPOS BORGES;3183;612;19.23
Nordeste;RN;17990;PILÕES;3577;688;19.23
Sudeste;MG;46990;JAGUARAÇU;3209;617;19.23
Sul;SC;80195;ANITA GARIBALDI;6943;1335;19.23
Sudeste;SP;66079;JAÚ;98725;18973;19.22
Sul;PR;78310;SABÁUDIA;6748;1297;19.22
Sudeste;ES;57037;VILA VELHA;347987;66868;19.22
Nordeste;RN;16160;MAJOR SALES;3212;617;19.21
Sudeste;MG;46850;ITUMIRIM;5825;1119;19.21
Sul;SC;81612;ITAJAÍ;183857;35317;19.21
Sudeste;SP;70319;SANTA ERNESTINA;5040;968;19.21
Sudeste;SP;67253;MONTE ALEGRE DO SUL;6336;1217;19.21
Norte;AC;1511;PLÁCIDO DE CASTRO;12291;2360;19.2
Nordeste;SE;31631;ITAPORANGA D AJUDA;29786;5718;19.2
Sul;RS;87459;MAXIMILIANO DE ALMEIDA;3954;759;19.2
Norte;TO;73199;TABOCÃO;3073;590;19.2
Sudeste;RJ;58173;CAMBUCI;12296;2360;19.19
Nordeste;PE;26212;VERDEJANTE;8411;1614;19.19
Sul;PR;76279;JABOTI;4523;868;19.19
Nordeste;MA;9415;TURIAÇU;28166;5406;19.19
Sul;PR;74845;SÃO MANOEL DO PARANÁ;2070;397;19.18
Nordeste;BA;35050;ELÍSIO MEDRADO;7650;1467;19.18
Nordeste;MA;7609;GOVERNADOR EDISON LOBÃO;15378;2949;19.18
Nordeste;MA;7013;AFONSO CUNHA;7467;1432;19.18
Nordeste;MA;8257;MAGALHÃES DE ALMEIDA;12195;2339;19.18
Sudeste;SP;68314;PAULÍNIA;89901;17235;19.17
Norte;RO;752;TEIXEIRÓPOLIS;3927;753;19.17
Nordeste;PE;23671;CALUMBI;7378;1414;19.17
Sudeste;MG;45950;IBIRITÉ;122338;23451;19.17
Nordeste;RN;18058;SERRA CAIADA;9065;1738;19.17
Sudeste;MG;43630;CONQUISTA;5471;1049;19.17
Nordeste;MA;7480;CIDELÂNDIA;10660;2043;19.17
Nordeste;CE;14397;JAGUARIBE;29394;5634;19.17
Sudeste;SP;64718;GUAREÍ;8903;1706;19.16
Nordeste;PE;26050;TIMBAÚBA;42020;8052;19.16
Sul;PR;74225;CANDÓI;12050;2309;19.16
Norte;TO;93475;DUERÉ;3669;703;19.16
Sul;PR;75400;DIAMANTE D OESTE;3758;720;19.16
Sudeste;MG;46892;ITUTINGA;3559;682;19.16
Sudeste;MG;49271;PAINEIRAS;3921;751;19.15
Sul;PR;79715;SANTA HELENA;21071;4036;19.15
Nordeste;BA;39799;NORDESTINA;10580;2026;19.15
Sul;RS;87297;LAJEADO;64158;12287;19.15
Sul;RS;88935;SÃO SEBASTIÃO DO CAÍ;17536;3356;19.14
Sul;PR;74055;AGUDOS DO SUL;8981;1719;19.14
Sudeste;MG;54259;VESPASIANO;87691;16782;19.14
Sul;SC;80071;ÁGUA DOCE;5464;1046;19.14
Sudeste;MG;50750;QUELUZITO;2785;533;19.14
Nordeste;PB;19542;SÃO JOSÉ DO BREJO DO CRUZ;2613;500;19.14
Nordeste;BA;39519;URANDI;13766;2635;19.14
Sul;PR;77992;QUINTA DO SOL;4291;821;19.13
Nordeste;RN;16438;CANGUARETAMA;24690;4723;19.13
Sudeste;MG;52990;SÃO TIAGO;9396;1797;19.13
Nordeste;CE;15652;TAMBORIL;21345;4083;19.13
Sudeste;SP;63495;CORDEIRÓPOLIS;19567;3741;19.12
Sul;PR;84530;TURVO;11863;2268;19.12
Sul;RS;89192;SOLEDADE;21730;4155;19.12
Sudeste;SP;70610;SANTO ANTÔNIO DE POSSE;16288;3115;19.12
Norte;AM;98515;TONANTINS;11653;2227;19.11
Nordeste;PE;24333;IBIRAJUBA;6807;1300;19.1
Sul;RS;86932;CHARQUEADAS;24424;4666;19.1
Nordeste;PE;23434;BOM JARDIM;30623;5848;19.1
Nordeste;PB;21911;SÃO JOSÉ DE PIRANHAS;15561;2972;19.1
Norte;TO;96490;PALMEIRÓPOLIS;6163;1177;19.1
Nordeste;BA;37273;MILAGRES;8823;1685;19.1
Norte;PA;4820;SÃO JOÃO DA PONTA;6367;1216;19.1
Norte;TO;92185;DIVINÓPOLIS DO TOCANTINS;5779;1104;19.1
Centro-Oeste;GO;93483;SÃO PATRÍCIO;2457;469;19.09
Nordeste;BA;37796;PAU BRASIL;7547;1441;19.09
Sul;SC;80160;URUPEMA;2525;482;19.09
Nordeste;BA;37460;MUQUÉM DO SÃO FRANCISCO;9684;1849;19.09
Nordeste;PI;10669;BOA HORA;6884;1314;19.09
Sudeste;SP;70017;SALESÓPOLIS;14725;2811;19.09
Nordeste;PB;20150;DONA INÊS;9272;1769;19.08
Sudeste;MG;42838;CARMO DO CAJURU;19084;3642;19.08
Sudeste;RJ;58262;IGUABA GRANDE;30569;5834;19.08
Norte;TO;95370;PINDORAMA DO TOCANTINS;3710;708;19.08
Nordeste;RN;18031;PORTALEGRE;6896;1315;19.07
Nordeste;MA;8397;MONTES ALTOS;7514;1433;19.07
Sudeste;MG;50830;RESENDE COSTA;9645;1838;19.06
Sudeste;SP;71277;SEBASTIANÓPOLIS DO SUL;3007;573;19.06
Nordeste;CE;13617;CARIRÉ;15391;2933;19.06
Sudeste;RJ;58270;CONCEIÇÃO DE MACABU;16681;3180;19.06
Sudeste;MG;53830;TOMBOS;6714;1279;19.05
Sudeste;MG;41572;BOM REPOUSO;10209;1945;19.05
Sul;PR;74675;CALIFÓRNIA;6940;1322;19.05
Centro-Oeste;GO;93572;FIRMINÓPOLIS;8767;1670;19.05
Nordeste;PB;21776;SANTA TERESINHA;5773;1100;19.05
Nordeste;CE;13510;CAMOCIM;50991;9714;19.05
Centro-Oeste;GO;92100;CEZARINA;7360;1402;19.05
Sul;PR;78379;SALTO DO LONTRA;11161;2126;19.05
Sul;RS;87165;MULITERNO;2237;426;19.04
Sudeste;SP;71595;TACIBA;5069;965;19.04
Sul;PR;76953;MARMELEIRO;11778;2243;19.04
Sul;RS;88307;DOUTOR RICARDO;2080;396;19.04
Nordeste;BA;38512;SANTA BÁRBARA;20163;3839;19.04
Nordeste;BA;36650;JIQUIRIÇÁ;11479;2186;19.04
Sudeste;MG;48453;MOEDA;5316;1012;19.04
Nordeste;PB;21334;PILÕES;7122;1356;19.04
Norte;PA;4839;MARABÁ;179940;34252;19.04
Sudeste;RJ;58998;SÃO JOÃO DA BARRA;43094;8204;19.04
Nordeste;PE;23396;BODOCÓ;27831;5300;19.04
Nordeste;BA;39969;NOVA IBIÁ;5509;1049;19.04
Nordeste;CE;13030;ACARAÚ;49197;9366;19.04
Nordeste;RN;17671;OLHO D ÁGUA DO BORGES;4689;893;19.04
Nordeste;SE;31151;BOQUIM;22028;4192;19.03
Sudeste;SP;71439;SOCORRO;30482;5801;19.03
Sudeste;MG;43931;CORONEL XAVIER CHAVES;3179;605;19.03
Nordeste;PE;25917;TABIRA;21365;4065;19.03
Sudeste;MG;40207;FERVEDOURO;8564;1630;19.03
Nordeste;PI;10642;BREJO DO PIAUÍ;3894;741;19.03
Nordeste;PE;25437;SALGUEIRO;43388;8251;19.02
Sul;PR;76570;LAPA;36461;6935;19.02
Centro-Oeste;GO;96571;VICENTINÓPOLIS;7110;1352;19.02
Nordeste;PI;12033;SÃO JOSÉ DO PIAUÍ;6004;1142;19.02
Centro-Oeste;GO;93564;GAMELEIRA DE GOIÁS;3713;706;19.01
Nordeste;CE;13471;BOA VIAGEM;42595;8098;19.01
Sul;PR;74934;CASCAVEL;239954;45624;19.01
Sudeste;MG;40614;ANTÔNIO PRADO DE MINAS;1915;364;19.01
Nordeste;MA;7358;BENEDITO LEITE;4638;881;19.0
Sudeste;ES;56359;DIVINO DE SÃO LOURENÇO;4889;929;19.0
Sul;SC;80497;BOM RETIRO;6588;1252;19.0
Sul;RS;89311;TENENTE PORTELA;10706;2034;19.0
Nordeste;PI;10235;BARRAS;38201;7260;19.0
Nordeste;RN;18813;TIBAU DO SUL;13651;2594;19.0
Norte;TO;96652;WANDERLÂNDIA;7391;1404;19.0
Nordeste;MA;7722;ITINGA DO MARANHÃO;17555;3333;18.99
Nordeste;MA;9610;AÇAILÂNDIA;78000;14815;18.99
Sudeste;MG;43710;CONTAGEM;463466;87999;18.99
Nordeste;PB;19348;ZABELÊ;2666;506;18.98
Nordeste;BA;34835;CORONEL JOÃO SÁ;15065;2859;18.98
Sudeste;SP;72176;URÂNIA;6898;1309;18.98
Sudeste;SP;66117;JOANÓPOLIS;9451;1794;18.98
Sudeste;SP;68632;PINDORAMA;10497;1992;18.98
Sul;PR;76996;MATELÂNDIA;13751;2610;18.98
Norte;TO;95192;PARAÍSO DO TOCANTINS;36056;6841;18.97
Sul;RS;88587;JARI;2794;530;18.97
Nordeste;PI;11711;PRATA DO PIAUÍ;3706;703;18.97
Sudeste;SP;61743;HOLAMBRA;12570;2385;18.97
Sul;PR;76937;MARIÓPOLIS;5494;1042;18.97
Sul;RS;86177;CRISSIUMAL;10489;1990;18.97
Centro-Oeste;MT;90700;PONTAL DO ARAGUAIA;5354;1015;18.96
Nordeste;BA;38750;SANTO ESTEVÃO;39754;7537;18.96
Nordeste;RN;18619;SENADOR GEORGINO AVELINO;3761;713;18.96
Norte;RR;3026;IRACEMA;7593;1440;18.96
Sul;PR;76414;JAPURÁ;7452;1412;18.95
Sul;RS;89168;COQUEIRO BAIXO;1351;256;18.95
Sul;RS;87050;IJUÍ;63737;12078;18.95
Nordeste;PB;21555;REMÍGIO;15062;2854;18.95
Sul;SC;82554;PINHEIRO PRETO;3010;570;18.94
Sul;SC;80837;CONCÓRDIA;60391;11439;18.94
Sul;SC;80470;BLUMENAU;269370;51018;18.94
Nordeste;CE;13250;ARARIPE;17494;3312;18.93
Norte;TO;73059;MAURILÂNDIA DO TOCANTINS;3586;679;18.93
Nordeste;PB;19984;MATURÉIA;5807;1099;18.93
Sul;RS;87920;SERTÃO SANTANA;5324;1008;18.93
Sudeste;MG;49557;PASSA VINTE;2493;472;18.93
Nordeste;PI;12475;MURICI DOS PORTELAS;6070;1149;18.93
Sul;RS;89389;QUATRO IRMÃOS;1733;328;18.93
Norte;PA;4766;CACHOEIRA DO PIRIÁ;14421;2730;18.93
Nordeste;BA;39616;VÁRZEA DO POÇO;7284;1379;18.93
Sul;PR;77534;PAULA FREITAS;4763;901;18.92
Sul;RS;89044;BOA VISTA DO CADEADO;2067;391;18.92
Norte;TO;73237;TUPIRATINS;1797;340;18.92
Sul;PR;74578;BOA ESPERANÇA;3974;752;18.92
Norte;TO;73075;ANGICO;2806;531;18.92
Nordeste;BA;33316;ANTAS;10594;2004;18.92
Nordeste;BA;36757;LAFAIETE COUTINHO;4471;846;18.92
Sul;SC;83216;SÃO JOÃO BATISTA;23144;4377;18.91
Nordeste;MA;8036;IMPERATRIZ;195325;36937;18.91
Sul;PR;75345;FERNANDES PINHEIRO;5554;1050;18.91
Nordeste;PB;19224;SÃO DOMINGOS DO CARIRI;3072;581;18.91
Sudeste;MG;42030;CAJURI;4769;902;18.91
Norte;TO;95257;PEDRO AFONSO;10799;2042;18.91
Norte;AP;6173;TARTARUGALZINHO;11437;2163;18.91
Nordeste;PI;11797;RIO GRANDE DO PIAUÍ;5426;1026;18.91
Sul;PR;74551;BITURUNA;12808;2422;18.91
Sul;SC;81299;GUARUJÁ DO SUL;3992;755;18.91
Sudeste;SP;65137;INDIANA;4063;768;18.9
Sul;PR;84670;SANTA TEREZINHA DE ITAIPU;18871;3567;18.9
Sul;SC;81272;GUARAMIRIM;33628;6355;18.9
Sudeste;SP;72257;VALINHOS;94676;17893;18.9
Centro-Oeste;DF;97012;BRASÍLIA;2258320;426924;18.9
Nordeste;MA;9113;SÃO DOMINGOS DO MARANHÃO;28537;5394;18.9
Nordeste;RN;16039;ASSÚ;45551;8608;18.9
Sudeste;MG;50938;RIBEIRÃO VERMELHO;3461;654;18.9
Nordeste;PE;25151;PEDRA;18714;3535;18.89
Nordeste;PE;26174;TUPARETAMA;7990;1509;18.89
Norte;AM;2119;BARREIRINHA;22727;4294;18.89
Norte;TO;73415;RIO DOS BOIS;2668;504;18.89
Centro-Oeste;GO;95770;SANTA BÁRBARA DE GOIÁS;5600;1058;18.89
Nordeste;CE;13935;GENERAL SAMPAIO;8274;1563;18.89
Norte;PA;5231;SALINÓPOLIS;38078;7192;18.89
Sul;SC;82910;RIO DO SUL;51075;9646;18.89
Norte;AM;2739;SANTO ANTÔNIO DO IÇÁ;18469;3488;18.89
Nordeste;PI;11835;SANTA FILOMENA;5554;1049;18.89
Centro-Oeste;MT;99031;FIGUEIRÓPOLIS D OESTE;2866;541;18.88
Sudeste;MG;50210;PIRAPETINGA;9414;1777;18.88
Sudeste;SP;68977;POÁ;89811;16954;18.88
Sudeste;MG;51756;SANTANA DO JACARÉ;3915;739;18.88
Sudeste;SP;66613;MACATUBA;12402;2341;18.88
Nordeste;AL;28371;PILAR;29494;5567;18.88
Sudeste;SP;71536;TABAPUÃ;8762;1654;18.88
Norte;TO;96032;SÃO SEBASTIÃO DO TOCANTINS;3364;635;18.88
Sul;RS;85448;EUGÊNIO DE CASTRO;2554;482;18.87
Nordeste;PI;10936;INHUMA;13109;2474;18.87
Sudeste;SP;70858;SÃO JOÃO DAS DUAS PONTES;2242;423;18.87
Sul;RS;86312;DONA FRANCISCA;3059;577;18.86
Nordeste;PE;24198;GARANHUNS;99315;18733;18.86
Nordeste;BA;34312;CANDIBA;11498;2169;18.86
Sul;RS;86444;BOM PROGRESSO;2604;491;18.86
Norte;TO;73407;LAJEADO;3504;661;18.86
Nordeste;PE;24937;OROBÓ;18326;3457;18.86
Sul;RS;89290;TAQUARI;19310;3642;18.86
Nordeste;PI;11371;NOVO ORIENTE DO PIAUÍ;5158;973;18.86
Sudeste;MG;49794;PEDRA DOURADA;2730;515;18.86
Sudeste;ES;57053;VITÓRIA;267102;50378;18.86
Sul;PR;76236;IVAIPORÃ;24012;4527;18.85
Sudeste;SP;69655;RIBEIRÃO DO SUL;3926;740;18.85
Sudeste;MG;51330;SABARÁ;94323;17782;18.85
Norte;PA;4073;ALENQUER;45624;8602;18.85
Centro-Oeste;GO;93378;DAMOLÂNDIA;3634;685;18.85
Sul;PR;78212;RIO BRANCO DO SUL;27280;5143;18.85
Sudeste;MG;43575;CONGONHAL;9730;1833;18.84
Sudeste;MG;43915;CORONEL PACHECO;3068;578;18.84
Sudeste;ES;56839;PIÚMA;17326;3265;18.84
Nordeste;SE;32093;POÇO VERDE;19505;3672;18.83
Nordeste;PE;25275;PRIMAVERA;11000;2071;18.83
Sul;PR;78093;RENASCENÇA;5351;1007;18.82
Nordeste;BA;36994;MACURURÉ;6566;1236;18.82
Norte;AC;1066;PORTO WALTER;8032;1512;18.82
Nordeste;PB;20370;INGÁ;15724;2960;18.82
Nordeste;MA;7595;CEDRAL;9329;1756;18.82
Norte;PA;5355;SANTARÉM;253605;47695;18.81
Nordeste;PB;20290;GURINHÉM;11420;2148;18.81
Nordeste;CE;13978;GRANJEIRO;6328;1190;18.81
Sul;RS;85278;ARVOREZINHA;8656;1628;18.81
Sul;SC;81175;GASPAR;51557;9692;18.8
Nordeste;RN;17175;JOSÉ DA PENHA;5251;987;18.8
Sul;PR;78875;SÃO MATEUS DO SUL;34022;6396;18.8
Norte;TO;73610;BARRA DO OURO;4021;756;18.8
Norte;TO;73539;SANTA TEREZINHA DO TOCANTINS;2106;396;18.8
Nordeste;CE;13102;QUITERIANÓPOLIS;16987;3194;18.8
Nordeste;MA;7285;BOM LUGAR;11468;2156;18.8
Nordeste;BA;30660;IUIU;8643;1625;18.8
Nordeste;MA;8362;SÃO JOSÉ DOS BASÍLIOS;6388;1201;18.8
Sudeste;MG;40860;UBAPORANGA;10135;1904;18.79
Sudeste;MG;54291;VIEIRAS;4007;753;18.79
Nordeste;CE;14877;NOVA RUSSAS;24866;4672;18.79
Sul;RS;86053;CHIAPETTA;3635;683;18.79
Nordeste;PI;10847;JUREMA;5184;974;18.79
Sudeste;ES;56375;DOMINGOS MARTINS;29145;5474;18.78
Nordeste;BA;33278;ANGICAL;12831;2410;18.78
Sul;RS;88200;CAPIVARI DO SUL;3711;697;18.78
Sudeste;MG;47376;JURUAIA;9242;1736;18.78
Nordeste;BA;39845;QUIXABEIRA;8784;1650;18.78
Sul;RS;89176;SOBRADINHO;10579;1987;18.78
Sudeste;MG;51713;SANTANA DO DESERTO;3542;665;18.77
Nordeste;PE;23329;SANTA FILOMENA;12092;2270;18.77
Nordeste;CE;13005;JIJOCA DE JERICOACOARA;21575;4047;18.76
Sul;RS;88404;ESTRELA VELHA;2953;554;18.76
Norte;TO;73040;PALMEIRAS DO TOCANTINS;4232;794;18.76
Nordeste;PB;20990;NATUBA;6840;1283;18.76
Sudeste;SP;67210;MONÇÕES;2121;398;18.76
Sudeste;SP;61719;AREIÓPOLIS;8193;1537;18.76
Centro-Oeste;MT;89800;CURVELÂNDIA;4408;827;18.76
Sul;PR;79030;SERTANEJA;4818;904;18.76
Nordeste;BA;33499;BAIANÓPOLIS;12451;2334;18.75
Nordeste;PB;20010;CUBATI;6956;1304;18.75
Sul;PR;77852;PORTO VITÓRIA;3274;614;18.75
Sudeste;SP;70998;SÃO JOSÉ DOS CAMPOS;540217;101283;18.75
Nordeste;PE;23124;JUCATI;10180;1909;18.75
Sudeste;SP;62103;CANAS;3959;742;18.74
Norte;PA;4774;JURUTI;39112;7328;18.74
Sul;RS;85103;ENTRE-IJUÍS;7421;1391;18.74
Norte;PA;5878;GARRAFÃO DO NORTE;22326;4184;18.74
Sudeste;MG;51853;SANTA RITA DE JACUTINGA;4360;817;18.74
Nordeste;BA;35971;ITABUNA;141524;26518;18.74
Sul;RS;85995;CAXIAS DO SUL;342998;64272;18.74
Norte;AC;1023;PORTO ACRE;14284;2675;18.73
Sul;RS;84956;SILVEIRA MARTINS;2147;402;18.72
Sudeste;MG;49611;PATROCÍNIO;65612;12285;18.72
Sudeste;SP;67415;MORUNGABA;10613;1987;18.72
Nordeste;BA;38016;PLANALTO;20252;3790;18.71
Nordeste;SE;31674;JAPOATÃ;11510;2154;18.71
Nordeste;BA;37893;PILÃO ARCADO;28531;5338;18.71
Sul;RS;85774;CAMPO BOM;51980;9728;18.71
Sudeste;SP;63991;ELIAS FAUSTO;13526;2531;18.71
Norte;PA;4669;TRACUATEUA;25730;4813;18.71
Nordeste;AL;27855;MACEIÓ;646463;120917;18.7
Sul;RS;86428;BOA VISTA DAS MISSÕES;2075;388;18.7
Norte;PA;5010;ÓBIDOS;39920;7465;18.7
Nordeste;CE;14672;MILAGRES;22637;4230;18.69
Nordeste;SE;31836;MONTE ALEGRE DE SERGIPE;12763;2385;18.69
Sul;SC;81507;SANTA TEREZINHA DO PROGRESSO;2456;459;18.69
Sul;PR;74969;VIRMOND;3584;670;18.69
Nordeste;PB;19925;ALGODÃO DE JANDAÍRA;3119;583;18.69
Nordeste;PB;22276;SUMÉ;14168;2646;18.68
Nordeste;PB;19151;ARAÇAGI;14344;2679;18.68
Nordeste;CE;15954;ITAREMA;34502;6446;18.68
Nordeste;PB;19119;ALHANDRA;21079;3937;18.68
Centro-Oeste;GO;95753;SANCLERLÂNDIA;7135;1332;18.67
Sudeste;MG;42978;CASA GRANDE;3027;565;18.67
Nordeste;BA;38172;QUEIMADAS;20515;3830;18.67
Norte;RO;744;NOVA UNIÃO;5350;999;18.67
Sudeste;SP;66796;MARIÁPOLIS;2872;536;18.66
Nordeste;PE;25097;PASSIRA;26110;4873;18.66
Sul;PR;77518;PATO BRANCO;64406;12021;18.66
Sudeste;MG;51276;ROMARIA;3430;640;18.66
Sudeste;MG;49778;PEDRA DO INDAIÁ;3864;721;18.66
Sul;SC;80756;CAPINZAL;17174;3203;18.65
Centro-Oeste;MT;98337;DENISE;5710;1065;18.65
Nordeste;BA;36412;ITIÚBA;27758;5177;18.65
Nordeste;BA;33634;BARREIRAS;109227;20368;18.65
Nordeste;MA;8931;SAMBAÍBA;5411;1009;18.65
Nordeste;MA;9059;SÃO BENEDITO DO RIO PRETO;16310;3041;18.65
Sudeste;RJ;58599;MIRACEMA;21056;3926;18.65
Sudeste;MG;52272;SÃO FRANCISCO DO GLÓRIA;4163;776;18.64
Nordeste;RN;16411;CAMPO REDONDO;8619;1607;18.64
Sudeste;SP;65110;INDAIATUBA;192534;35890;18.64
Nordeste;PE;24813;MACHADOS;11111;2071;18.64
Norte;PA;4251;BARCARENA;102889;19175;18.64
Sudeste;MG;44458;DIVINÓPOLIS;171705;32009;18.64
Sul;RS;84786;JABOTICABA;3370;628;18.64
Centro-Oeste;GO;95311;PETROLINA DE GOIÁS;7530;1403;18.63
Sudeste;RJ;59013;SÃO JOÃO DE MERITI;340128;63367;18.63
Sudeste;MG;53759;TIRADENTES;6892;1284;18.63
Norte;AC;1538;SENADOR GUIOMARD;18638;3472;18.63
Sudeste;MG;43036;CONCEIÇÃO DA BARRA DE MINAS;3677;685;18.63
Nordeste;BA;35874;IRAMAIA;8556;1594;18.63
Nordeste;PB;21431;POMBAL;25859;4815;18.62
Nordeste;BA;34495;CATU;41271;7683;18.62
Sul;RS;84891;CAPELA DE SANTANA;8031;1495;18.62
Nordeste;PE;25038;PANELAS;19612;3652;18.62
Nordeste;PB;19267;SANTO ANDRÉ;3035;565;18.62
Sul;RS;87777;PALMEIRA DAS MISSÕES;24062;4481;18.62
Nordeste;MA;7960;MILAGRES DO MARANHÃO;6650;1238;18.62
Sudeste;SP;64890;IBIRÁ;9094;1693;18.62
Nordeste;BA;34177;CAMPO ALEGRE DE LOURDES;23549;4384;18.62
Nordeste;PE;23531;BUENOS AIRES;11990;2231;18.61
Nordeste;RN;16799;GALINHOS;2858;532;18.61
Nordeste;BA;34533;CHORROCHÓ;9081;1690;18.61
Sudeste;SP;64319;GABRIEL MONTEIRO;2682;499;18.61
Sudeste;MG;50717;PRUDENTE DE MORAIS;8555;1591;18.6
Nordeste;CE;14770;MORAÚJO;8262;1537;18.6
Nordeste;PI;12300;RIACHO FRIO;4492;835;18.59
Nordeste;AL;28479;PORTO DE PEDRAS;8457;1572;18.59
Nordeste;PB;19216;AREIA;19068;3544;18.59
Nordeste;CE;13994;GROAÍRAS;9842;1830;18.59
Nordeste;PI;11657;PIRACURUCA;25821;4799;18.59
Nordeste;BA;38415;RIO REAL;29286;5445;18.59
Nordeste;PI;12602;RIBEIRA DO PIAUÍ;3891;723;18.58
Sudeste;SP;61174;ALTAIR;2954;549;18.58
Nordeste;MA;7161;BELÁGUA;8091;1503;18.58
Sul;PR;75574;FLORESTÓPOLIS;9394;1745;18.58
Nordeste;SE;31275;CARIRA;17134;3181;18.57
Norte;TO;94633;MIRANORTE;10079;1872;18.57
Nordeste;BA;37052;MALHADA;13151;2442;18.57
Sudeste;MG;49930;PERDIGÃO;8537;1585;18.57
Nordeste;RN;18430;SÃO JOSÉ DO CAMPESTRE;10539;1957;18.57
Nordeste;BA;39950;VÁRZEA NOVA;10874;2019;18.57
Nordeste;BA;39659;VITÓRIA DA CONQUISTA;265595;49309;18.57
Centro-Oeste;GO;94293;JANDAIA;5992;1112;18.56
Nordeste;RN;17035;BOA SAÚDE;8062;1496;18.56
Sul;SC;80900;MACIEIRA;2360;438;18.56
Centro-Oeste;MT;90565;JANGADA;7473;1386;18.55
Nordeste;BA;39012;SENHOR DO BONFIM;53709;9965;18.55
Sudeste;SP;69051;PONTAL;28287;5244;18.54
Nordeste;RN;17493;MAXARANGUAPE;10437;1935;18.54
Sul;RS;85634;CACIQUE DOBLE;3985;739;18.54
Nordeste;RN;17477;MARTINS;7611;1411;18.54
Nordeste;BA;38431;RODELAS;7602;1409;18.53
Nordeste;PB;19968;MARCAÇÃO;7913;1466;18.53
Sudeste;RJ;58300;CARAPEBUS;13468;2496;18.53
Nordeste;BA;37516;NAZARÉ;22055;4087;18.53
Sul;SC;81159;GARUVA;12187;2257;18.52
Sudeste;SP;62260;TAQUARAL;2275;421;18.51
Sul;RS;85120;NOVA ESPERANÇA DO SUL;4338;803;18.51
Sul;RS;86134;CONSTANTINA;8077;1495;18.51
Sudeste;RJ;58874;RIO CLARO;14700;2721;18.51
Sudeste;MG;50016;PIAU;3238;599;18.5
Sul;RS;86347;BARÃO DO TRIUNFO;4618;854;18.49
Sudeste;ES;57932;SANTA MARIA DE JETIBÁ;31314;5791;18.49
Norte;PA;4812;MAGALHÃES BARATA;8796;1626;18.49
Nordeste;PB;22373;TRIUNFO;7597;1405;18.49
Sul;SC;80241;SANTA ROSA DO SUL;7760;1435;18.49
Nordeste;CE;15873;AMONTADA;36349;6716;18.48
Nordeste;BA;33359;ANTÔNIO GONÇALVES;8672;1602;18.47
Nordeste;BA;35130;EUCLIDES DA CUNHA;45601;8421;18.47
Sul;RS;88900;TOROPI;2745;507;18.47
Sul;PR;77917;PRUDENTÓPOLIS;39039;7208;18.46
Nordeste;RN;18490;SÃO PAULO DO POTENGI;14677;2710;18.46
Nordeste;RN;16659;ENCANTO;5141;949;18.46
Sudeste;MG;46078;IJACI;5796;1070;18.46
Nordeste;RN;18732;TABOLEIRO GRANDE;2762;510;18.46
Sudeste;ES;56227;VILA VALÉRIO;12919;2383;18.45
Sul;RS;86495;ESTÂNCIA VELHA;37229;6870;18.45
Sudeste;MG;47333;JUIZ DE FORA;395457;72952;18.45
Sul;PR;75272;CORONEL VIVIDA;17708;3268;18.45
Nordeste;PB;20559;JUAZEIRINHO;14045;2592;18.45
Sudeste;ES;56294;COLATINA;87109;16074;18.45
Sul;RS;89281;LAGOA BONITA DO SUL;2310;426;18.44
Sudeste;SP;70653;SANTO ANTÔNIO DO PINHAL;6113;1127;18.44
Nordeste;PB;19097;ALAGOINHA;12228;2255;18.44
Nordeste;MA;7528;FEIRA NOVA DO MARANHÃO;6389;1178;18.44
Nordeste;BA;36080;ITAGUAÇU DA BAHIA;10842;1999;18.44
Nordeste;PI;10154;ANTÔNIO ALMEIDA;3064;565;18.44
Nordeste;BA;38695;SANTA TEREZINHA;9441;1741;18.44
Nordeste;BA;37699;PALMAS DE MONTE ALTO;17255;3182;18.44
Norte;RO;582;SERINGUEIRAS;9666;1782;18.44
Sul;RS;86142;TRÊS PALMEIRAS;4078;752;18.44
Nordeste;BA;35572;IBIRAPUÃ;7516;1385;18.43
Sul;PR;74314;ARARUNA;10853;2000;18.43
Sul;RS;85944;CERRO GRANDE DO SUL;7118;1312;18.43
Sul;PR;79278;TOLEDO;108119;19921;18.43
Nordeste;RN;18635;SERRA DE SÃO BENTO;6185;1139;18.42
Sul;RS;86088;CERRO BRANCO;3490;643;18.42
Sudeste;MG;47813;MADRE DE DEUS DE MINAS;4478;825;18.42
Norte;TO;73261;PAU D ARCO;3551;654;18.42
Sudeste;SP;62111;BARRINHA;23638;4352;18.41
Sudeste;MG;41467;SANTA CRUZ DE MINAS;6469;1191;18.41
Nordeste;PI;11738;REDENÇÃO DO GURGUÉIA;7001;1289;18.41
Nordeste;CE;13110;ALTANEIRA;6949;1279;18.41
Nordeste;PE;25771;SERRA TALHADA;63665;11720;18.41
Norte;PA;5533;SÃO SEBASTIÃO DA BOA VISTA;23902;4401;18.41
Sul;SC;81990;MAFRA;42431;7812;18.41
Sul;SC;83755;VARGEÃO;2999;552;18.41
Nordeste;CE;13463;CHORÓ;11642;2142;18.4
Norte;RR;3034;CARACARAÍ;15259;2807;18.4
Sul;SC;81655;ITAPIRANGA;12187;2242;18.4
Nordeste;BA;30937;GAVIÃO;4375;805;18.4
Sul;SC;82295;ORLEANS;19333;3558;18.4
Nordeste;PI;10634;CURIMATÁ;9386;1726;18.39
Nordeste;BA;34770;CORAÇÃO DE MARIA;22538;4145;18.39
Sul;SC;80888;FORMOSA DO SUL;2622;482;18.38
Sudeste;SP;61867;MARAPOAMA;2797;514;18.38
Sudeste;SP;70173;SANTA BÁRBARA D OESTE;138487;25450;18.38
Nordeste;RN;18953;VERA CRUZ;11417;2099;18.38
Centro-Oeste;GO;94935;NOVA AURORA;2328;428;18.38
Nordeste;MA;8273;MATA ROMA;16271;2990;18.38
Nordeste;CE;15199;PIQUET CARNEIRO;12098;2224;18.38
Nordeste;MA;9334;TASSO FRAGOSO;6854;1260;18.38
Nordeste;CE;15636;TABULEIRO DO NORTE;26004;4779;18.38
Sul;RS;88595;SANTO AUGUSTO;11312;2079;18.38
Sudeste;MG;49476;PARAOPEBA;19694;3618;18.37
Nordeste;MA;7366;BURITIRANA;10837;1991;18.37
Norte;TO;73458;TUPIRAMA;1851;340;18.37
Nordeste;PB;19550;BORBOREMA;4895;899;18.37
Nordeste;PE;24430;IPOJUCA;89076;16362;18.37
Norte;PA;4979;MUANÁ;30413;5588;18.37
Nordeste;RN;17957;PEDRO VELHO;11914;2189;18.37
Nordeste;MA;8460;SATUBINHA;7469;1371;18.36
Nordeste;PB;19674;CACHOEIRA DOS ÍNDIOS;7912;1453;18.36
Nordeste;BA;37737;PARAMIRIM;16913;3106;18.36
Sul;PR;79952;NOVA PRATA DO IGUAÇU;8864;1627;18.36
Sul;RS;89400;ROLADOR;2396;440;18.36
Sul;RS;88366;FAZENDA VILANOVA;3798;697;18.35
Nordeste;SE;31070;ARAUÁ;9692;1778;18.35
Sul;RS;85413;BENTO GONÇALVES;92061;16896;18.35
Sul;PR;76430;JARDIM ALEGRE;9012;1654;18.35
Centro-Oeste;GO;92282;ITAGUARI;5166;948;18.35
Norte;TO;92576;AXIXÁ DO TOCANTINS;9184;1684;18.34
Nordeste;PB;21679;SANTA HELENA;5959;1093;18.34
Nordeste;PB;20796;MAMANGUAPE;34604;6346;18.34
Norte;TO;93238;CRISTALÂNDIA;5530;1014;18.34
Nordeste;MA;7986;NOVA COLINAS;4514;828;18.34
Nordeste;BA;30830;CAPIM GROSSO;24872;4561;18.34
Sudeste;MG;45837;HELIODORA;5308;973;18.33
Nordeste;PE;23590;CABROBÓ;25723;4714;18.33
Sudeste;ES;56138;ATÍLIO VIVÁCQUA;9255;1696;18.33
Nordeste;BA;37311;MONTE SANTO;41809;7664;18.33
Sul;RS;86460;CAMPESTRE DA SERRA;2886;529;18.33
Sudeste;RJ;58181;APERIBÉ;10135;1858;18.33
Sul;PR;79871;TRÊS BARRAS DO PARANÁ;9120;1672;18.33
Sul;SC;80101;JOSÉ BOITEUX;4540;832;18.33
Sul;SC;81736;JAGUARUNA;16425;3011;18.33
Nordeste;PI;10774;FLORIANO;44933;8236;18.33
Sul;SC;81566;PALMEIRA;3317;608;18.33
Nordeste;CE;13200;ERERÉ;5605;1027;18.32
Nordeste;BA;34754;CONTENDAS DO SINCORÁ;4520;828;18.32
Sul;PR;75787;SULINA;2942;539;18.32
Nordeste;MA;7030;ALCÂNTARA;17613;3226;18.32
Nordeste;PE;23230;ARCOVERDE;51729;9478;18.32
Sul;PR;75566;PRADO FERREIRA;3188;584;18.32
Nordeste;PE;23655;CALÇADO;7893;1445;18.31
Sul;PR;77356;PALMEIRA;26972;4939;18.31
Sudeste;MG;40800;SARZEDO;26228;4802;18.31
Sul;RS;88722;TABAÍ;4093;749;18.3
Sul;RS;84972;IBARAMA;3655;669;18.3
Sudeste;SP;61751;ARTUR NOGUEIRA;38528;7050;18.3
Nordeste;SE;31496;GARARU;9619;1760;18.3
Nordeste;BA;35033;DOM MACEDO COSTA;4864;890;18.3
Norte;PA;5258;SALVATERRA;20320;3719;18.3
Sul;SC;81892;LAURO MÜLLER;12330;2256;18.3
Norte;TO;73016;PIRAQUÊ;2394;438;18.3
Nordeste;PB;20230;FAGUNDES;10547;1929;18.29
Nordeste;BA;36455;ITUAÇU;15600;2852;18.28
Nordeste;RN;16241;SANTA MARIA;5115;935;18.28
Nordeste;BA;33774;BOM JESUS DA LAPA;48946;8948;18.28
Sudeste;MG;42951;CARVALHOS;3994;730;18.28
Sul;PR;75337;CRUZ MACHADO;13735;2511;18.28
Sul;PR;74721;RANCHO ALEGRE D OESTE;2352;430;18.28
Sudeste;RJ;58416;ITAOCARA;19120;3495;18.28
Norte;TO;92584;SANTA ROSA DO TOCANTINS;4257;778;18.28
Sul;RS;88242;FLORIANO PEIXOTO;1811;331;18.28
Nordeste;RN;18538;SÃO RAFAEL;7520;1374;18.27
Sul;RS;88501;TURUÇU;3449;630;18.27
Norte;PA;4952;MONTE ALEGRE;52563;9605;18.27
Sul;PR;77755;PLANALTO;10281;1878;18.27
Centro-Oeste;MS;98590;CORONEL SAPUCAIA;12105;2211;18.27
Sul;RS;87840;SÃO VALENTIM DO SUL;2224;406;18.26
Nordeste;BA;30996;JOÃO DOURADO;19862;3626;18.26
Nordeste;RN;16497;CARNAUBAIS;8684;1586;18.26
Sul;PR;76074;IRATI;45672;8338;18.26
Norte;TO;73466;OLIVEIRA DE FÁTIMA;1692;309;18.26
Nordeste;CE;13064;GRAÇA;12854;2346;18.25
Sudeste;MG;43338;COIMBRA;6598;1204;18.25
Nordeste;BA;36617;JEQUIÉ;119040;21722;18.25
Sul;RS;85260;LAGOÃO;4895;893;18.24
Nordeste;RN;16284;PORTO DO MANGUE;5103;931;18.24
Nordeste;SE;32514;UMBAÚBA;19761;3605;18.24
Sul;SC;81264;PAINEL;2599;474;18.24
Nordeste;RN;17558;MONTE ALEGRE;17267;3147;18.23
Sul;RS;87483;PORTO VERA CRUZ;1761;321;18.23
Sul;PR;79570;CÉU AZUL;8788;1602;18.23
Norte;TO;73326;CARMOLÂNDIA;2413;440;18.23
Centro-Oeste;MT;90670;CUIABÁ;456517;83215;18.23
Nordeste;BA;39098;SERRINHA;63689;11610;18.23
Nordeste;AL;27936;MARECHAL DEODORO;47095;8580;18.22
Nordeste;BA;39039;SENTO SÉ;30127;5490;18.22
Nordeste;BA;37770;PARIPIRANGA;23527;4287;18.22
Nordeste;RN;16756;FLORÂNIA;8397;1529;18.21
Nordeste;MA;7404;CAPINZAL DO NORTE;8689;1582;18.21
Sudeste;SP;72397;VIRADOURO;13103;2386;18.21
Sudeste;MG;41327;PEDRA BONITA;6260;1140;18.21
Sul;PR;75990;INÁCIO MARTINS;8367;1524;18.21
Sul;RS;88471;SANTA ROSA;57973;10550;18.2
Sul;RS;86096;COLORADO;2995;545;18.2
Nordeste;PB;21350;PILÕEZINHOS;5890;1072;18.2
Nordeste;PB;20737;LUCENA;12879;2344;18.2
Nordeste;MA;7919;GRAÇA ARANHA;6274;1142;18.2
Sudeste;SP;63258;CATIGUÁ;5688;1035;18.2
Nordeste;BA;36714;JUSSARA;14126;2570;18.19
Sul;RS;86371;ERECHIM;79130;14396;18.19
Sul;RS;85421;POUSO NOVO;1660;302;18.19
Nordeste;PI;10910;HUGO NAPOLEÃO;4428;805;18.18
Nordeste;PB;22390;UIRAÚNA;13083;2378;18.18
Sul;RS;89125;CAPÃO BONITO DO SUL;2112;384;18.18
Nordeste;BA;38911;SAPEAÇU;16207;2946;18.18
Nordeste;BA;36315;ITAPICURU;23461;4266;18.18
Nordeste;RN;18678;SERRINHA;7068;1284;18.17
Sul;RS;86215;CRUZEIRO DO SUL;9328;1695;18.17
Sul;SC;80098;ÁGUAS DE CHAPECÓ;4732;860;18.17
Sul;SC;80810;CHAPECÓ;164327;29852;18.17
Sul;SC;80713;CANELINHA;10123;1839;18.17
Nordeste;PE;25216;PETROLINA;249120;45231;18.16
Centro-Oeste;GO;94374;JOVIÂNIA;5772;1048;18.16
Sudeste;MG;45756;GUIDOVAL;6718;1220;18.16
Sudeste;SP;61093;ÁGUAS DE LINDÓIA;14061;2554;18.16
Sul;PR;75469;MANFRINÓPOLIS;3122;567;18.16
Sul;PR;76619;LEÓPOLIS;3502;636;18.16
Nordeste;BA;30759;BARRO ALTO;11523;2091;18.15
Nordeste;SE;31194;CAMPO DO BRITO;15710;2852;18.15
Sudeste;MG;44890;ESTIVA;9545;1732;18.15
Norte;RR;3077;BONFIM;12329;2238;18.15
Nordeste;PE;23043;SANTA CRUZ DA BAIXA VERDE;9916;1799;18.14
Nordeste;RN;16578;CORONEL JOÃO PESSOA;4073;739;18.14
Sul;PR;75744;ROSÁRIO DO IVAÍ;4714;855;18.14
Sul;SC;81590;ITAIÓPOLIS;16680;3026;18.14
Sudeste;SP;61565;POTIM;12546;2276;18.14
Norte;TO;73067;CACHOEIRINHA;2029;368;18.14
Nordeste;BA;37940;PIRAÍ DO NORTE;7100;1287;18.13
Sul;PR;75582;QUARTO CENTENÁRIO;3470;629;18.13
Nordeste;BA;33596;BARRA DO MENDES;12115;2196;18.13
Nordeste;MA;8290;MATINHA;20053;3634;18.12
Sudeste;ES;56120;MARATAÍZES;33342;6042;18.12
Nordeste;PE;25534;SANTA MARIA DO CAMBUCÁ;11524;2088;18.12
Sul;RS;85529;SEGREDO;5695;1032;18.12
Nordeste;MA;8214;LORETO;8569;1553;18.12
Nordeste;BA;37710;PALMEIRAS;7857;1424;18.12
Sul;PR;74900;VENTANIA;7525;1363;18.11
Sul;SC;82694;POUSO REDONDO;12260;2220;18.11
Sul;SC;80632;CAMPO ALEGRE;10133;1835;18.11
Sul;PR;74438;BALSA NOVA;12129;2195;18.1
Norte;TO;96431;XAMBIOÁ;8639;1564;18.1
Nordeste;BA;39152;SOUTO SOARES;14232;2576;18.1
Sudeste;MG;47490;LAGOA FORMOSA;15873;2871;18.09
Nordeste;BA;38792;SÃO FÉLIX;10118;1830;18.09
Nordeste;PB;22039;SÃO SEBASTIÃO DE LAGOA DE ROÇA;9171;1659;18.09
Nordeste;MA;8249;SANTO AMARO DO MARANHÃO;13330;2410;18.08
Nordeste;CE;15814;VÁRZEA ALEGRE;32554;5887;18.08
Nordeste;BA;30716;AMÉRICA DOURADA;12503;2260;18.08
Sul;PR;79979;JESUÍTAS;7384;1335;18.08
Norte;TO;73350;SANTA FÉ DO ARAGUAIA;5526;999;18.08
Sul;RS;87467;PORTO MAUÁ;2251;407;18.08
Centro-Oeste;MS;90891;ITAPORÃ;14201;2568;18.08
Sul;PR;74799;CAMPO DO TENENTE;6393;1156;18.08
Sul;PR;78719;SÃO JOÃO;9177;1659;18.08
Sudeste;MG;41971;CAETANÓPOLIS;8761;1584;18.08
Sul;SC;80705;PARAÍSO;3609;652;18.07
Norte;TO;73334;ARAGOMINAS;4450;804;18.07
Nordeste;AL;28193;OLIVENÇA;10337;1868;18.07
Nordeste;PB;22136;SERRA DA RAIZ;3167;572;18.06
Centro-Oeste;GO;95052;OURO VERDE DE GOIÁS;3766;680;18.06
Nordeste;PI;11398;OEIRAS;31021;5602;18.06
Nordeste;PI;12130;SIMÕES;12484;2254;18.06
Norte;PA;4243;SANTA BÁRBARA DO PARÁ;18358;3315;18.06
Sudeste;ES;56073;ANCHIETA;24797;4477;18.05
Sul;RS;86916;HORIZONTINA;14887;2687;18.05
Sudeste;MG;41912;CACHOEIRA DA PRATA;3473;627;18.05
Nordeste;PE;23337;BELO JARDIM;60920;10995;18.05
Nordeste;AL;28290;PASSO DE CAMARAGIBE;12513;2258;18.05
Sudeste;MG;46337;ITABIRA;88413;15960;18.05
Nordeste;RN;17817;PASSA E FICA;10054;1815;18.05
Nordeste;PE;25658;SÃO JOAQUIM DO MONTE;17631;3181;18.04
Sudeste;ES;56235;CACHOEIRO DE ITAPEMIRIM;134177;24206;18.04
Sul;RS;87475;MIRAGUAÍ;4473;807;18.04
Nordeste;MA;8206;SANTA FILOMENA DO MARANHÃO;6119;1104;18.04
Nordeste;CE;14036;GUARAMIRANGA;6646;1199;18.04
Sul;RS;86665;DERRUBADAS;2624;473;18.03
Nordeste;RN;18716;SÍTIO NOVO;5162;930;18.02
Sudeste;ES;57070;MARILÂNDIA;10864;1958;18.02
Nordeste;BA;39047;SERRA DO RAMALHO;26065;4697;18.02
Sul;RS;85650;CAIBATÉ;4013;723;18.02
Nordeste;BA;39144;SÍTIO DO MATO;11257;2029;18.02
Sul;RS;87866;SÃO VALÉRIO DO SUL;2348;423;18.02
Sul;RS;88684;NOVO CABRAIS;3764;678;18.01
Nordeste;PI;10111;ANGICAL DO PIAUÍ;6640;1196;18.01
Nordeste;RN;16250;CAMPO GRANDE;8816;1588;18.01
Sudeste;MG;47074;JECEABA;5837;1051;18.01
Sudeste;MG;41335;BETIM;301594;54318;18.01
Sul;RS;86436;ERVAL SECO;5497;990;18.01
Nordeste;RN;16080;ITAJÁ;7286;1312;18.01
Nordeste;BA;39276;TEODORO SAMPAIO;6868;1237;18.01
Centro-Oeste;MT;99074;INDIAVAÍ;2028;365;18.0
Nordeste;RN;17752;PARAZINHO;5532;996;18.0
Nordeste;BA;38636;SANTA MARIA DA VITÓRIA;30271;5446;17.99
Nordeste;PE;23990;CUPIRA;19864;3574;17.99
Sul;PR;74411;ATALAIA;3479;626;17.99
Sul;RS;86533;ESTRELA;24675;4437;17.98
Sul;RS;86479;ESPUMOSO;12400;2228;17.97
Nordeste;BA;34410;CARINHANHA;22328;4013;17.97
Sudeste;RJ;58335;DUQUE DE CAXIAS;634694;114072;17.97
Nordeste;PI;12084;ALVORADA DO GURGUÉIA;4659;837;17.97
Sudeste;MG;52914;SÃO SEBASTIÃO DO OESTE;7573;1361;17.97
Sul;PR;76716;MALLET;10552;1896;17.97
Sudeste;SP;66397;LIMEIRA;219483;39438;17.97
Nordeste;RN;17051;JAPI;5746;1032;17.96
Nordeste;BA;38067;PONTO NOVO;15183;2727;17.96
Nordeste;BA;38164;PRESIDENTE TANCREDO NEVES;21689;3896;17.96
Sul;RS;88889;PASSA SETE;3747;673;17.96
Nordeste;PI;10448;SANTA CRUZ DOS MILAGRES;3971;713;17.96
Sul;PR;75221;CARAMBEÍ;17446;3132;17.95
Sul;RS;86967;MAQUINÉ;5922;1063;17.95
Centro-Oeste;MT;90310;BARÃO DE MELGAÇO;6862;1232;17.95
Sul;PR;78735;SÃO JOÃO DO CAIUÁ;4585;823;17.95
Nordeste;RN;18651;SERRA NEGRA DO NORTE;6262;1124;17.95
Nordeste;RN;17698;OURO BRANCO;4580;822;17.95
Nordeste;RN;16551;CORONEL EZEQUIEL;4902;880;17.95
Nordeste;MA;8338;MIRADOR;16373;2939;17.95
Nordeste;PE;23914;CONDADO;19764;3545;17.94
Nordeste;PB;21253;PEDRAS DE FOGO;25239;4529;17.94
Sudeste;SP;61441;SALTINHO;7141;1281;17.94
Sudeste;MG;40002;ALFREDO VASCONCELOS;6138;1101;17.94
Nordeste;MA;7757;DUQUE BACELAR;9654;1732;17.94
Nordeste;PB;22098;SÃO VICENTE DO SERIDÓ;9254;1659;17.93
Nordeste;BA;33294;ANGUERA;10304;1847;17.93
Centro-Oeste;GO;94196;ITAPURANGA;21491;3854;17.93
Sudeste;MG;51993;SANTO ANTÔNIO DO AVENTUREIRO;3747;672;17.93
Sudeste;SP;61492;APARECIDA;26836;4808;17.92
Sudeste;MG;40401;MAMONAS;6126;1098;17.92
Norte;TO;73253;JUARINA;2277;408;17.92
Centro-Oeste;MT;91898;JUSCIMEIRA;8751;1567;17.91
Nordeste;PB;21857;SÃO JOSÉ DA LAGOA TAPADA;7125;1276;17.91
Sul;RS;86797;GIRUÁ;12735;2281;17.91
Norte;TO;73130;SANTA MARIA DO TOCANTINS;2546;456;17.91
Sudeste;MG;53430;SETE LAGOAS;167416;29964;17.9
Nordeste;BA;34231;CANARANA;20021;3583;17.9
Nordeste;PI;10855;FRONTEIRAS;9541;1708;17.9
Nordeste;RN;18015;POÇO BRANCO;11674;2090;17.9
Sudeste;SP;69876;ROSEIRA;8328;1491;17.9
Nordeste;MA;7730;DOM PEDRO;17803;3186;17.9
Norte;RO;728;PRIMAVERA DE RONDÔNIA;3047;545;17.89
Nordeste;BA;35335;GUANAMBI;67489;12072;17.89
Sul;PR;77739;PLANALTINA DO PARANÁ;3432;614;17.89
Nordeste;PE;24210;GLÓRIA DO GOITÁ;23472;4196;17.88
Nordeste;CE;98558;UMIRIM;16067;2873;17.88
Nordeste;PI;12009;SÃO JOÃO DA FRONTEIRA;5375;961;17.88
Norte;TO;95591;PORTO NACIONAL;47070;8417;17.88
Sul;PR;75230;CORBÉLIA;13858;2478;17.88
Sul;RS;88994;SAPIRANGA;61250;10949;17.88
Nordeste;BA;37079;MALHADA DE PEDRAS;7896;1412;17.88
Sul;PR;76171;ITAPEJARA D OESTE;9159;1638;17.88
Nordeste;RN;16519;CEARÁ-MIRIM;60280;10776;17.88
Sul;RS;98299;JÓIA;6196;1107;17.87
Nordeste;BA;38733;SANTO ANTÔNIO DE JESUS;77886;13917;17.87
Nordeste;PI;12483;OLHO D ÁGUA DO PIAUÍ;2708;484;17.87
Sudeste;MG;51675;SANTANA DE CATAGUASES;3385;605;17.87
Nordeste;PB;21970;SÃO JOSÉ DOS CORDEIROS;3778;675;17.87
Nordeste;CE;15610;SOLONÓPOLE;14292;2552;17.86
Nordeste;BA;39390;UAUÁ;22079;3942;17.85
Nordeste;BA;30813;CAPELA DO ALTO ALEGRE;9756;1741;17.85
Sul;PR;75213;CONTENDA;13638;2435;17.85
Nordeste;PE;23698;CAMOCIM DE SÃO FÉLIX;15623;2788;17.85
Sudeste;MG;41920;CONFINS;7057;1260;17.85
Nordeste;BA;34215;CANÁPOLIS;8772;1566;17.85
Sudeste;MG;52973;SÃO SEBASTIÃO DO RIO VERDE;2163;386;17.85
Sul;SC;81795;JOINVILLE;443225;79120;17.85
Nordeste;SE;31399;DIVINA PASTORA;4411;787;17.84
Nordeste;RN;16152;ANGICOS;10219;1823;17.84
Nordeste;RN;16594;CRUZETA;6955;1241;17.84
Norte;AM;98353;IRANDUBA;45948;8198;17.84
Sul;SC;82198;MORRO DA FUMAÇA;14207;2534;17.84
Nordeste;CE;15830;VIÇOSA DO CEARÁ;48288;8616;17.84
Norte;TO;92088;CASEARA;3951;704;17.82
Sudeste;MG;42633;CARANDAÍ;20681;3685;17.82
Nordeste;SE;31712;LARANJEIRAS;22132;3944;17.82
Nordeste;PB;19690;CACIMBA DE AREIA;4343;774;17.82
Sul;RS;85782;IMIGRANTE;2800;499;17.82
Norte;TO;73318;ARAGUANÃ;3552;633;17.82
Norte;PA;5070;OURÉM;16525;2945;17.82
Sul;SC;81205;SANTIAGO DO SUL;1538;274;17.82
Norte;PA;4871;MARAPANIM;25293;4504;17.81
Nordeste;PB;22110;SERRA BRANCA;10863;1935;17.81
Nordeste;PB;20958;MONTEIRO;27191;4843;17.81
Sul;SC;81523;SALTINHO;3274;583;17.81
Nordeste;BA;30910;FILADÉLFIA;15281;2722;17.81
Sul;SC;82031;MAJOR VIEIRA;6050;1077;17.8
Sudeste;MG;48658;MONTES CLAROS;283875;50526;17.8
Sul;RS;85847;VISTA GAÚCHA;2652;472;17.8
Nordeste;BA;34630;CONCEIÇÃO DA FEIRA;17483;3112;17.8
Nordeste;RN;16306;JUNDIÁ;4775;850;17.8
Sudeste;MG;48194;MATO VERDE;10840;1930;17.8
Centro-Oeste;MT;91219;NOSSA SENHORA DO LIVRAMENTO;13537;2408;17.79
Nordeste;PI;10499;CARACOL;8414;1497;17.79
Centro-Oeste;GO;93696;GOIANDIRA;4561;811;17.78
Sudeste;SP;67695;NOVA ODESSA;47408;8431;17.78
Norte;PA;4510;COLARES;12702;2259;17.78
Nordeste;PB;19330;BARRA DE SANTA ROSA;11480;2041;17.78
Sudeste;SP;66630;MACAUBAL;5924;1053;17.78
Nordeste;PE;24279;GRAVATÁ;67863;12065;17.78
Sul;PR;79251;TIJUCAS DO SUL;13059;2322;17.78
Nordeste;PB;21172;PATOS;67671;12023;17.77
Sul;RS;87157;ITATIBA DO SUL;3342;594;17.77
Sul;PR;74420;NOVO ITACOLOMI;2996;532;17.76
Sul;RS;87750;PAIM FILHO;3753;666;17.75
Nordeste;PE;23205;ARAÇOIABA;17404;3089;17.75
Sul;SC;81027;CAPIVARI DE BAIXO;18207;3231;17.75
Nordeste;MA;7129;BACABEIRA;16057;2850;17.75
Sudeste;ES;56502;IBITIRAMA;7471;1326;17.75
Nordeste;PB;22411;UMBUZEIRO;7797;1383;17.74
Sul;PR;78573;SANTO ANTÔNIO DO SUDOESTE;15509;2752;17.74
Nordeste;MA;8613;PEDREIRAS;28040;4973;17.74
Sul;PR;78077;REBOUÇAS;12151;2155;17.74
Nordeste;BA;34436;CASA NOVA;57206;10148;17.74
Sudeste;SP;61182;EMBAÚBA;2448;434;17.73
Sul;RS;86703;ENGENHO VELHO;1179;209;17.73
Nordeste;MA;7234;BACABAL;71838;12738;17.73
Nordeste;PB;21458;PRATA;4236;751;17.73
Nordeste;MA;8044;PAULINO NEVES;15080;2673;17.73
Nordeste;PI;11495;PALMEIRAIS;13336;2364;17.73
Nordeste;RN;18937;RAFAEL GODEIRO;3667;650;17.73
Nordeste;PE;26034;TERRA NOVA;8841;1567;17.72
Nordeste;PI;11916;SÃO FÉLIX DO PIAUÍ;3968;703;17.72
Nordeste;BA;34053;CAFARNAUM;14513;2572;17.72
Nordeste;RN;18236;SANTA CRUZ;27658;4897;17.71
Norte;TO;73342;MURICILÂNDIA;2874;509;17.71
Nordeste;RN;16004;TENENTE LAURENTINO CRUZ;5580;988;17.71
Nordeste;CE;15890;CRUZ;23786;4212;17.71
Norte;PA;4430;CAPANEMA;54759;9694;17.7
Nordeste;PE;24090;FERREIROS;10137;1794;17.7
Sul;RS;84824;DOIS LAJEADOS;3119;552;17.7
Nordeste;PI;11088;SÃO JOÃO DA CANABRAVA;4502;797;17.7
Nordeste;BA;30856;CANUDOS;13077;2314;17.7
Norte;RO;370;NOVA BRASILÂNDIA D OESTE;13407;2372;17.69
Sul;SC;83534;TANGARÁ;6620;1171;17.69
Nordeste;AL;27057;ARAPIRACA;158990;28114;17.68
Nordeste;AL;27952;MARIBONDO;11142;1970;17.68
Sul;PR;76830;MARECHAL CÂNDIDO RONDON;40475;7157;17.68
Nordeste;PI;12556;VERA MENDES;3670;649;17.68
Nordeste;PE;23051;AGRESTINA;20932;3701;17.68
Norte;PA;5436;SÃO DOMINGOS DO CAPIM;25155;4448;17.68
Sul;PR;74632;BORRAZÓPOLIS;6279;1110;17.68
Sudeste;MG;47937;MARAVILHAS;6311;1115;17.67
Nordeste;MA;8567;TRIZIDELA DO VALE;16878;2983;17.67
Nordeste;RN;16330;BOM JESUS;9083;1605;17.67
Nordeste;PB;21199;PAULISTA;10996;1943;17.67
Sul;SC;82376;PALMITOS;12297;2172;17.66
Sul;RS;86100;ANDRÉ DA ROCHA;1399;247;17.66
Sudeste;MG;40738;ARAPONGA;6500;1147;17.65
Sudeste;MG;48950;NOVA LIMA;77107;13608;17.65
Norte;PA;4316;BONITO;12897;2276;17.65
Nordeste;RN;18139;RIACHO DE SANTANA;3843;678;17.64
Nordeste;RN;30031;BARAÚNA;22038;3887;17.64
Sul;PR;75140;BOA VENTURA DE SÃO ROQUE;5080;896;17.64
Sul;RS;87530;MUÇUM;3973;701;17.64
Centro-Oeste;GO;92169;MORRO AGUDO DE GOIÁS;3067;541;17.64
Nordeste;CE;13447;CATUNDA;9313;1642;17.63
Norte;PA;4103;MÃE DO RIO;25345;4468;17.63
Sudeste;SP;66338;LAVRINHAS;6102;1076;17.63
Nordeste;PE;24872;MORENO;48774;8600;17.63
Nordeste;CE;15750;UMARI;6522;1150;17.63
Norte;AP;6009;PRACUÚBA;4022;709;17.63
Sudeste;SP;66834;MARINÓPOLIS;1754;309;17.62
Centro-Oeste;GO;94234;ITAUÇU;7690;1355;17.62
Nordeste;CE;13455;BELA CRUZ;21553;3798;17.62
Sul;PR;77399;PALOTINA;24632;4339;17.62
Sul;PR;84638;JURANDA;6202;1092;17.61
Sul;PR;74128;ÂNGULO;2817;496;17.61
Sudeste;SP;61352;AMÉRICO DE CAMPOS;4769;840;17.61
Nordeste;PI;12041;SEBASTIÃO BARROS;4633;816;17.61
Nordeste;CE;13021;MADALENA;14764;2600;17.61
Nordeste;PI;12386;JOÃO COSTA;3918;690;17.61
Norte;AP;6068;CUTIAS;6300;1109;17.6
Nordeste;PB;19798;CAMALAÚ;6294;1108;17.6
Nordeste;AL;27693;JACUÍPE;6044;1064;17.6
Nordeste;SE;31119;BARRA DOS COQUEIROS;31707;5579;17.6
Sudeste;MG;45276;FORTUNA DE MINAS;3012;530;17.6
Sudeste;SP;68195;PARANAPUÃ;3392;597;17.6
Norte;PA;5312;SANTA MARIA DO PARÁ;22313;3928;17.6
Sudeste;MG;42072;CAMACHO;3110;547;17.59
Sul;PR;78417;SANTA CECÍLIA DO PAVÃO;3121;549;17.59
Nordeste;RN;16810;GOIANINHA;22264;3917;17.59
Sul;RS;85472;BOM RETIRO DO SUL;9902;1742;17.59
Nordeste;SE;31011;AMPARO DE SÃO FRANCISCO;3095;544;17.58
Norte;TO;73083;PALMEIRANTE;4317;759;17.58
Nordeste;MA;8095;JOÃO LISBOA;21876;3846;17.58
Nordeste;PB;22055;SÃO SEBASTIÃO DO UMBUZEIRO;3304;581;17.58
Nordeste;PB;20591;JURIPIRANGA;9829;1727;17.57
Sudeste;MG;41165;NOVA PORTEIRINHA;6102;1072;17.57
Sul;RS;84840;TUNAS;3346;588;17.57
Sul;PR;75973;IMBITUVA;23461;4123;17.57
Nordeste;SE;32131;PROPRIÁ;20113;3532;17.56
Nordeste;PI;12530;TAMBORIL DO PIAUÍ;2989;525;17.56
Sudeste;MG;46159;INGAÍ;2824;496;17.56
Nordeste;RN;17795;PARNAMIRIM;147649;25930;17.56
Nordeste;PB;20532;JUAREZ TÁVORA;7954;1396;17.55
Nordeste;RN;16632;DOUTOR SEVERIANO;6326;1110;17.55
Nordeste;PE;25054;PARANATAMA;11943;2096;17.55
Sudeste;MG;49174;OURO BRANCO;30112;5281;17.54
Sul;SC;81787;BRUNÓPOLIS;2907;510;17.54
Sul;SC;80462;VARGEM;2628;461;17.54
Norte;TO;94099;ITAGUATINS;4717;827;17.53
Nordeste;SE;32190;RIBEIRÓPOLIS;14762;2588;17.53
Nordeste;PI;11436;PADRE MARCOS;6038;1058;17.52
Nordeste;PE;25933;TACAIMBÓ;11013;1930;17.52
Norte;AC;1090;MÂNCIO LIMA;14657;2568;17.52
Sul;RS;89419;TRÊS PASSOS;18437;3231;17.52
Norte;TO;73210;CENTENÁRIO;1930;338;17.51
Nordeste;BA;37133;MARAGOGIPE;34902;6111;17.51
Sudeste;SP;68152;PARAÍSO;4547;796;17.51
Sudeste;MG;51659;SANTANA DA VARGEM;5973;1045;17.5
Sul;RS;88056;PORTO XAVIER;7966;1394;17.5
Sul;SC;80330;ASCURRA;6551;1146;17.49
Nordeste;RN;18511;SÃO PEDRO;6475;1132;17.48
Sudeste;MG;44296;DESTERRO DO MELO;4211;736;17.48
Sul;RS;87688;SANTO EXPEDITO DO SUL;2242;392;17.48
Sudeste;MG;43192;CHALÉ;5275;922;17.48
Nordeste;PB;19844;APARECIDA;7247;1266;17.47
Sul;RS;87106;MORMAÇO;2764;483;17.47
Nordeste;BA;34517;CENTRAL;13497;2357;17.46
Sul;RS;88781;VESPASIANO CORRÊA;2485;434;17.46
Nordeste;BA;37850;PEDRO ALEXANDRE;10164;1775;17.46
Sudeste;SP;71390;SEVERÍNIA;11642;2033;17.46
Sudeste;MG;53490;SIMÃO PEREIRA;3145;549;17.46
Sul;SC;83453;SEARA;13942;2434;17.46
Nordeste;PI;11975;SÃO JOÃO DA SERRA;6905;1205;17.45
Norte;PA;4995;NOVA TIMBOTEUA;11967;2088;17.45
Sul;RS;84832;SÃO DOMINGOS DO SUL;2596;453;17.45
Sul;SC;81248;CAPÃO ALTO;3120;544;17.44
Sul;RS;87815;PANAMBI;32201;5616;17.44
Nordeste;RN;16950;ITAÚ;5189;905;17.44
Sul;SC;81957;LONTRAS;9347;1630;17.44
Nordeste;MA;7153;ANAPURUS;14136;2466;17.44
Centro-Oeste;GO;93149;GUARAÍTA;2781;485;17.44
Nordeste;BA;33065;ADUSTINA;12402;2163;17.44
Nordeste;PI;11134;LUIS CORREIA;27367;4769;17.43
Sul;RS;88862;ARARICÁ;6414;1118;17.43
Nordeste;AL;28312;PAULO JACINTO;6620;1154;17.43
Nordeste;PB;21016;NAZAREZINHO;7091;1236;17.43
Nordeste;CE;15539;SÃO LUÍS DO CURU;12630;2202;17.43
Sul;SC;82171;MONTE CASTELO;6982;1217;17.43
Nordeste;PE;24732;LAGOA DOS GATOS;11190;1950;17.43
Sudeste;ES;56871;RIO NOVO DO SUL;8808;1534;17.42
Sul;PR;79855;CAFELÂNDIA;13247;2307;17.42
Nordeste;CE;13811;COREAÚ;19700;3431;17.42
Nordeste;BA;34355;CANSANÇÃO;28890;5034;17.42
Nordeste;BA;34193;CAMPO FORMOSO;57975;10101;17.42
Centro-Oeste;GO;95850;SANTA ROSA DE GOIÁS;3527;614;17.41
Sul;SC;81221;BELA VISTA DO TOLDO;5321;926;17.4
Nordeste;BA;39810;PÉ DE SERRA;12191;2121;17.4
Norte;PA;4855;MARACANÃ;27798;4836;17.4
Sudeste;RJ;58238;CARMO;14237;2477;17.4
Nordeste;BA;38997;SEBASTIÃO LARANJEIRAS;7218;1256;17.4
Norte;TO;73571;PUGMIL;2328;405;17.4
Nordeste;PI;12696;COCAL DOS ALVES;5586;972;17.4
Norte;PA;4642;MARITUBA;90873;15816;17.4
Nordeste;CE;15431;SANTANA DO CARIRI;13899;2419;17.4
Sul;SC;82619;PONTE ALTA;4025;700;17.39
Sul;PR;74063;OURO VERDE DO OESTE;5332;927;17.39
Sul;SC;83577;TIMBÓ;35846;6235;17.39
Nordeste;BA;33898;BROTAS DE MACAÚBAS;9505;1653;17.39
Sul;RS;88196;ROCA SALES;7666;1333;17.39
Sudeste;MG;52370;SÃO GONÇALO DO RIO ABAIXO;11721;2038;17.39
Sul;SC;80861;IRATI;2036;354;17.39
Norte;TO;73601;LAVANDEIRA;2002;348;17.38
Nordeste;MA;7862;LAJEADO NOVO;6682;1161;17.38
Norte;PA;4278;BELÉM;1048781;182252;17.38
Nordeste;PI;11770;RIBEIRO GONÇALVES;5577;969;17.37
Nordeste;BA;36633;JEREMOABO;29071;5049;17.37
Norte;PA;4553;CURRALINHO;25964;4511;17.37
Norte;TO;92045;BURITI DO TOCANTINS;6689;1162;17.37
Sudeste;MG;44075;CRISTIANO OTONI;4448;772;17.36
Sul;PR;74489;LIDIANÓPOLIS;3461;601;17.36
Nordeste;RN;18899;UPANEMA;12260;2128;17.36
Nordeste;RN;18597;SENADOR ELÓI DE SOUZA;5748;998;17.36
Sul;RS;86010;CERRO LARGO;10195;1770;17.36
Norte;RR;3018;BOA VISTA;241509;41938;17.36
Sul;PR;74659;CAFEARA;2223;386;17.36
Nordeste;BA;33332;ANTÔNIO CARDOSO;12130;2105;17.35
Nordeste;CE;15440;SALITRE;14839;2575;17.35
Sul;PR;78611;SANTO ANTÔNIO DO CAIUÁ;2358;409;17.35
Norte;TO;94170;ITAPORÃ DO TOCANTINS;2703;469;17.35
Sul;PR;78778;SÃO JOÃO DO TRIUNFO;11623;2015;17.34
Sul;PR;79936;TUPÃSSI;6257;1085;17.34
Nordeste;PB;19887;VIEIRÓPOLIS;5431;942;17.34
Sul;SC;82759;PRESIDENTE GETÚLIO;14268;2474;17.34
Nordeste;BA;36692;JUAZEIRO;165666;28726;17.34
Nordeste;PE;26131;TRIUNFO;12186;2113;17.34
Nordeste;PE;23086;VERTENTE DO LÉRIO;8292;1438;17.34
Sudeste;MG;49379;PAPAGAIOS;11723;2032;17.33
Norte;TO;94994;NOVO ACORDO;4119;714;17.33
Nordeste;BA;36382;ITATIM;12954;2245;17.33
Sudeste;MG;41947;CÓRREGO FUNDO;5391;934;17.33
Sul;RS;88820;MARQUES DE SOUZA;3511;608;17.32
Nordeste;PB;19577;BREJO DO CRUZ;10744;1861;17.32
Sul;RS;86550;FARROUPILHA;57062;9885;17.32
Nordeste;PI;12408;JOCA MARQUES;5603;970;17.31
Sudeste;SP;69191;PRADÓPOLIS;13603;2355;17.31
Sul;SC;80780;SÃO MIGUEL DA BOA VISTA;1757;304;17.3
Nordeste;RN;17914;PEDRA PRETA;3295;570;17.3
Sudeste;MG;50954;RIO ACIMA;8371;1448;17.3
Nordeste;PB;21938;SÃO JOSÉ DO BONFIM;4531;784;17.3
Sul;RS;87289;NOVO MACHADO;3081;533;17.3
Nordeste;PE;24899;NAZARÉ DA MATA;25649;4434;17.29
Sul;PR;75450;ENÉAS MARQUES;5490;949;17.29
Nordeste;PB;20699;LASTRO;4395;760;17.29
Nordeste;MA;9032;SANTO ANTÔNIO DOS LOPES;15375;2657;17.28
Nordeste;PI;11177;MANOEL EMÍDIO;4913;849;17.28
Sudeste;RJ;58327;PORTO REAL;17925;3097;17.28
Nordeste;CE;13633;CARIRIAÇU;24954;4312;17.28
Sul;RS;87076;ILÓPOLIS;3634;628;17.28
Sudeste;SP;62570;BRODOWSKI;17196;2971;17.28
Nordeste;BA;38857;SÃO GONÇALO DOS CAMPOS;30041;5191;17.28
Sul;RS;87416;MARIANO MORO;2211;382;17.28
Nordeste;BA;34037;CAETITÉ;42181;7284;17.27
Sul;PR;74381;IGUATU;2131;368;17.27
Norte;TO;96598;SILVANÓPOLIS;4865;840;17.27
Norte;TO;96636;NOVA OLINDA;8132;1404;17.27
Sudeste;MG;49638;PATROCÍNIO DO MURIAÉ;5085;878;17.27
Nordeste;BA;38822;SÃO FÉLIX DO CORIBE;12580;2172;17.27
Nordeste;PB;20893;MOGEIRO;11482;1982;17.26
Nordeste;PI;12297;DIRCEU ARCOVERDE;6674;1152;17.26
Nordeste;PB;22071;SAPÉ;38037;6567;17.26
Centro-Oeste;MT;90107;SANTA CARMEM;4178;721;17.26
Nordeste;SE;32433;SIRIRI;6787;1171;17.25
Nordeste;BA;37575;NOVA ITARANA;6607;1140;17.25
Nordeste;RN;16713;EXTREMOZ;39504;6816;17.25
Nordeste;BA;35955;ITABERABA;48749;8411;17.25
Sul;PR;74640;PINHAL DE SÃO BENTO;2579;445;17.25
Nordeste;RN;16837;GOVERNADOR DIX-SEPT ROSADO;12132;2091;17.24
Centro-Oeste;MT;90018;ACORIZAL;7353;1268;17.24
Sul;RS;87653;NOVA PALMA;5060;872;17.23
Sul;RS;87904;SÉRIO;2072;357;17.23
Nordeste;BA;38199;QUIJINGUE;21197;3652;17.23
Nordeste;PI;10618;CRISTINO CASTRO;8594;1481;17.23
Nordeste;PE;23612;CACHOEIRINHA;16068;2768;17.23
Sul;SC;83879;XAXIM;22987;3961;17.23
Sul;RS;85545;ALEGRIA;3209;553;17.23
Nordeste;CE;13650;CARIÚS;15846;2728;17.22
Nordeste;PI;12670;CARAÚBAS DO PIAUÍ;5366;924;17.22
Nordeste;CE;14311;ITAPIÚNA;16385;2820;17.21
Nordeste;BA;38610;SANTALUZ;32102;5525;17.21
Sul;RS;88293;ROQUE GONZALES;5416;932;17.21
Sul;SC;82392;PAPANDUVA;14658;2523;17.21
Sudeste;RJ;58351;ENGENHEIRO PAULO DE FRONTIN;11116;1913;17.21
Nordeste;BA;35157;FEIRA DE SANTANA;435631;74984;17.21
Sul;RS;86649;COXILHA;2867;493;17.2
Nordeste;CE;13552;CANINDÉ;60219;10359;17.2
Nordeste;PI;12254;VALENÇA DO PIAUÍ;17671;3039;17.2
Norte;AM;2550;MANAUS;1477265;254036;17.2
Nordeste;PE;24031;ESCADA;48189;8287;17.2
Norte;AP;6041;ITAUBAL;8881;1527;17.19
Norte;RR;3123;PACARAIMA;9762;1678;17.19
Nordeste;PB;19160;LOGRADOURO;4789;823;17.19
Nordeste;SE;31038;AQUIDABÃ;17283;2970;17.18
Nordeste;CE;13498;BREJO SANTO;36964;6351;17.18
Sudeste;MG;50539;PRADOS;7485;1286;17.18
Nordeste;PI;10260;FARTURA DO PIAUÍ;4753;816;17.17
Nordeste;SE;31615;ITABI;4734;813;17.17
Nordeste;RN;16268;RIO DO FOGO;10982;1885;17.16
Nordeste;PB;20575;JUNCO DO SERIDÓ;5990;1028;17.16
Sul;RS;88978;SÃO VALENTIM;3073;527;17.15
Norte;TO;92738;BREJINHO DE NAZARÉ;4228;725;17.15
Nordeste;PI;10383;PATOS DO PIAUÍ;5568;955;17.15
Sul;RS;85677;CAIÇARA;4303;738;17.15
Sul;SC;80268;CELSO RAMOS;2766;474;17.14
Nordeste;PI;12025;SÃO JOÃO DA VARJOTA;4131;708;17.14
Nordeste;RN;16292;BARCELONA;4679;802;17.14
Nordeste;AL;27731;JARAMATAIA;5223;895;17.14
Nordeste;PB;19259;AROEIRAS;16290;2792;17.14
Sudeste;SP;70777;SÃO CAETANO DO SUL;147744;25323;17.14
Nordeste;PE;25518;SANTA MARIA DA BOA VISTA;30641;5253;17.14
Nordeste;PI;10316;BENEDITINOS;9612;1647;17.13
Sudeste;MG;49034;NOVA SERRANA;67377;11542;17.13
Nordeste;PE;23000;QUIXABA;6216;1065;17.13
Nordeste;RN;18074;PUREZA;8502;1456;17.13
Sul;RS;87300;NOVO TIRADENTES;1973;338;17.13
Sudeste;MG;40789;SÃO JOSÉ DA LAPA;19738;3382;17.13
Nordeste;PE;23140;DORMENTES;16158;2768;17.13
Centro-Oeste;GO;93831;GUARANI DE GOIÁS;4796;821;17.12
Sul;PR;79391;UNIFLOR;2155;369;17.12
Nordeste;MA;8796;PRESIDENTE DUTRA;32781;5612;17.12
Nordeste;SE;32034;PINHÃO;5635;964;17.11
Nordeste;RN;17256;LAGOA DE PEDRAS;7693;1316;17.11
Sul;SC;83950;CORREIA PINTO;12108;2070;17.1
Centro-Oeste;GO;93319;CROMÍNIA;3970;679;17.1
Norte;TO;73091;CAMPOS LINDOS;6887;1177;17.09
Nordeste;BA;39900;SÍTIO DO QUINTO;9929;1697;17.09
Nordeste;BA;37567;NOVA FÁTIMA;7957;1360;17.09
Sudeste;SP;70696;SANTÓPOLIS DO AGUAPEÍ;3231;552;17.08
Nordeste;PI;10979;ISAÍAS COELHO;6463;1104;17.08
Norte;PA;5118;PEIXE-BOI;9487;1620;17.08
Norte;AM;2135;BENJAMIN CONSTANT;24218;4131;17.06
Sul;SC;81000;SANGÃO;8877;1514;17.06
Nordeste;PI;10839;FRANCISCO SANTOS;7087;1209;17.06
Sul;PR;78670;SÃO CARLOS DO IVAÍ;5076;866;17.06
Nordeste;PI;10987;SÃO JOÃO DO ARRAIAL;7625;1301;17.06
Norte;RO;515;NOVO HORIZONTE DO OESTE;7035;1200;17.06
Sul;SC;82430;PEDRAS GRANDES;4152;708;17.05
Nordeste;PB;19615;CAAPORÃ;17081;2912;17.05
Nordeste;PE;23876;CHÃ DE ALEGRIA;11584;1975;17.05
Nordeste;BA;37931;PINDOBAÇU;16173;2757;17.05
Sul;RS;86410;ERVAL GRANDE;4359;743;17.05
Sul;SC;80080;DOUTOR PEDRINHO;3081;525;17.04
Nordeste;PI;11355;NOSSA SENHORA DOS REMÉDIOS;8627;1470;17.04
Sul;SC;81116;GOVERNADOR CELSO RAMOS;16835;2868;17.04
Sul;SC;81060;FORQUILHINHA;22444;3825;17.04
Nordeste;BA;33804;BONITO;12270;2090;17.03
Sudeste;SP;63452;CONCHAL;20926;3564;17.03
Nordeste;PI;10421;QUEIMADA NOVA;7227;1231;17.03
Nordeste;RN;16977;JAÇANÃ;6324;1077;17.03
Nordeste;PB;19020;SOBRADO;8060;1373;17.03
Sul;RS;88064;VALE DO SOL;8086;1377;17.03
Norte;TO;96270;GUARAÍ;17602;2998;17.03
Sul;PR;75167;BOM JESUS DO SUL;3699;630;17.03
Nordeste;CE;14834;MULUNGU;9751;1660;17.02
Nordeste;PB;21377;PIRPIRITUBA;8201;1396;17.02
Nordeste;RN;16063;SÃO MIGUEL DO GOSTOSO;9651;1642;17.01
Nordeste;BA;38814;SÃO FELIPE;17802;3029;17.01
Nordeste;RN;17418;MACAÍBA;54350;9246;17.01
Nordeste;SE;32417;SIMÃO DIAS;37093;6311;17.01
Sul;RS;98213;TEUTÔNIA;25631;4361;17.01
Sul;RS;89249;ITATI;3450;587;17.01
Nordeste;SE;31470;GENERAL MAYNARD;3345;569;17.01
Nordeste;MA;8850;PRIMEIRA CRUZ;11110;1890;17.01
Centro-Oeste;GO;94919;NOVA AMÉRICA;2769;471;17.01
Sul;RS;88897;SÃO PAULO DAS MISSÕES;5214;887;17.01
Sul;RS;85022;ERNESTINA;2930;498;17.0
Nordeste;BA;35890;IRAQUARA;19044;3237;17.0
Sul;RS;87408;PINHEIRINHO DO VALE;3806;647;17.0
Nordeste;BA;39470;UIBAÍ;12012;2041;16.99
Nordeste;PB;19682;TENÓRIO;3314;563;16.99
Nordeste;PE;23477;BREJÃO;9703;1649;16.99
Sul;SC;81345;TREVISO;3946;670;16.98
Norte;TO;95338;GOIATINS;8809;1496;16.98
Sul;SC;83178;SÃO DOMINGOS;7343;1247;16.98
Norte;PA;4154;ANANINDEUA;358249;60843;16.98
Sul;SC;82716;PRAIA GRANDE;6688;1135;16.97
Sul;SC;82350;PALMA SOLA;5410;918;16.97
Nordeste;RN;17876;PAU DOS FERROS;21145;3587;16.96
Norte;TO;95290;COLMÉIA;6526;1107;16.96
Sul;RS;88374;SANTA BÁRBARA DO SUL;6723;1140;16.96
Sul;RS;88285;ESPERANÇA DO SUL;3315;562;16.95
Nordeste;PI;12599;PORTO ALEGRE DO PIAUÍ;2106;357;16.95
Nordeste;PE;23370;BEZERROS;48313;8188;16.95
Nordeste;RN;17132;JOÃO CÂMARA;27705;4695;16.95
Sul;PR;75418;DOIS VIZINHOS;33146;5616;16.94
Sudeste;MG;46779;ITAVERAVA;5696;965;16.94
Nordeste;AL;28576;SANTA LUZIA DO NORTE;6471;1096;16.94
Sul;PR;75590;FLÓRIDA;2410;408;16.93
Nordeste;RN;18090;RAFAEL FERNANDES;4933;835;16.93
Nordeste;PI;11991;SÃO JOÃO DO PIAUÍ;15077;2552;16.93
Sul;RS;86568;CHARRUA;2510;425;16.93
Sul;RS;85600;VISTA ALEGRE;2612;442;16.92
Sudeste;MG;47058;JAPARAÍBA;3685;623;16.91
Norte;RR;3069;CANTÁ;17613;2978;16.91
Nordeste;SE;31852;MURIBECA;7511;1269;16.9
Nordeste;PE;23108;SANTA CRUZ;12838;2169;16.9
Norte;TO;96210;TOCANTINÓPOLIS;16077;2717;16.9
Sul;PR;75124;BELA VISTA DA CAROBA;2988;505;16.9
Nordeste;BA;39624;VARZEDO;9468;1600;16.9
Sul;SC;83496;SOMBRIO;22226;3756;16.9
Nordeste;CE;14630;MAURITI;36552;6174;16.89
Sul;SC;83038;SALTO VELOSO;3446;582;16.89
Nordeste;RN;18856;TOUROS;28142;4753;16.89
Sul;SC;83712;URUBICI;8139;1374;16.88
Norte;PA;4910;MOCAJUBA;29081;4908;16.88
Sudeste;RJ;58122;QUEIMADOS;104602;17653;16.88
Sul;RS;87599;NOVA ARAÇÁ;4136;698;16.88
Sul;SC;80594;CAIBI;5294;893;16.87
Sul;SC;81582;BANDEIRANTE;2976;502;16.87
Sul;PR;77470;PARANAPOEMA;2106;355;16.86
Norte;PA;4936;MOJU;56811;9581;16.86
Nordeste;AL;28398;PINDOBA;2895;488;16.86
Nordeste;PB;19232;AREIAL;6597;1112;16.86
Nordeste;CE;14680;MIRAÍMA;12141;2047;16.86
Nordeste;CE;14133;INDEPENDÊNCIA;21208;3573;16.85
Nordeste;RN;17272;LAGOA DE VELHOS;3314;558;16.84
Norte;TO;92487;PEQUIZEIRO;4371;736;16.84
Nordeste;PE;26093;TRACUNHAÉM;12070;2033;16.84
Sudeste;MG;41661;ALTO CAPARAÓ;4564;768;16.83
Nordeste;MA;8400;SÃO PEDRO DOS CRENTES;4689;789;16.83
Nordeste;PI;12092;SÃO PEDRO DO PIAUÍ;11541;1942;16.83
Nordeste;RN;18872;UMARIZAL;8842;1487;16.82
Sul;SC;81558;IRINEÓPOLIS;8228;1384;16.82
Nordeste;RN;18694;SEVERIANO MELO;6813;1145;16.81
Nordeste;BA;30775;BARROCAS;14895;2504;16.81
Nordeste;CE;15792;URUOCA;11317;1901;16.8
Sul;RS;87793;PALMITINHO;5953;1000;16.8
Nordeste;PB;20397;ITABAIANA;19586;3290;16.8
Nordeste;PB;22012;SÃO MIGUEL DE TAIPU;6576;1104;16.79
Sul;PR;75000;ITAIPULÂNDIA;9902;1663;16.79
Nordeste;PE;24252;GRANITO;6958;1168;16.79
Nordeste;RN;18996;VILA FLOR;3254;546;16.78
Nordeste;CE;14354;JAGUARETAMA;15538;2608;16.78
Sul;SC;80381;CERRO NEGRO;3206;538;16.78
Nordeste;PI;12653;SANTO ANTÔNIO DOS MILAGRES;1955;328;16.78
Sul;SC;82996;ROMELÂNDIA;4125;692;16.78
Nordeste;PE;23159;ALTINHO;17270;2896;16.77
Sudeste;MG;44571;DONA EUSÉBIA;5779;969;16.77
Nordeste;MA;7560;FORMOSA DA SERRA NEGRA;14076;2361;16.77
Sul;SC;82791;QUILOMBO;8066;1353;16.77
Nordeste;PB;21415;POCINHOS;15440;2589;16.77
Norte;PA;4235;BAIÃO;27595;4628;16.77
Sudeste;ES;57916;LARANJA DA TERRA;9495;1591;16.76
Norte;AP;6017;AMAPÁ;7523;1261;16.76
Nordeste;CE;14850;NOVA OLINDA;12790;2141;16.74
Sul;RS;87394;MARCELINO RAMOS;3896;652;16.74
Sudeste;RJ;58025;QUATIS;10505;1759;16.74
Nordeste;PB;20214;ESPERANÇA;26015;4356;16.74
Nordeste;PI;10030;ÁGUA BRANCA;15858;2655;16.74
Nordeste;CE;13277;ARATUBA;12289;2056;16.73
Sudeste;MG;53791;TOCANTINS;12649;2116;16.73
Nordeste;PB;19186;SERTÃOZINHO;5104;854;16.73
Nordeste;RN;16993;JANDAÍRA;6396;1070;16.73
Norte;TO;96997;BARROLÂNDIA;4903;820;16.72
Nordeste;RN;17019;JANDUÍS;4474;748;16.72
Nordeste;SE;31453;FREI PAULO;13549;2264;16.71
Sul;SC;83836;XANXERÊ;34911;5832;16.71
Nordeste;CE;15458;SANTA QUITÉRIA;33618;5618;16.71
Norte;TO;96296;PRESIDENTE KENNEDY;2825;472;16.71
Norte;TO;92410;ARAGUAÍNA;124170;20748;16.71
Sul;PR;79472;VITORINO;5942;993;16.71
Nordeste;PE;23574;CABO DE SANTO AGOSTINHO;172140;28761;16.71
Nordeste;RN;16454;CARAÚBAS;18980;3172;16.71
Sul;SC;81531;IRANI;7724;1290;16.7
Sul;RS;87823;SÃO PEDRO DO BUTIÁ;2665;445;16.7
Sul;RS;89230;TAPERA;7887;1317;16.7
Norte;TO;92002;BERNARDO SAYÃO;3604;602;16.7
Norte;TO;96130;SÍTIO NOVO DO TOCANTINS;8078;1348;16.69
Nordeste;BA;39918;TANQUE NOVO;14688;2452;16.69
Sul;PR;74101;ANAHY;2828;472;16.69
Nordeste;CE;13420;ARARENDÁ;9705;1620;16.69
Nordeste;MA;8265;SÃO DOMINGOS DO AZEITÃO;6763;1128;16.68
Nordeste;BA;39195;TANHAÇU;17984;2999;16.68
Nordeste;PB;21296;PICUÍ;15036;2508;16.68
Norte;TO;92240;GOIANORTE;4496;749;16.66
Nordeste;RN;18171;RODOLFO FERNANDES;4641;773;16.66
Sudeste;RJ;59137;SUMIDOURO;14193;2365;16.66
Sul;RS;98256;PAROBÉ;39009;6500;16.66
Nordeste;CE;15776;URUBURETAMA;18709;3114;16.64
Sudeste;SP;65293;IRACEMÁPOLIS;17617;2931;16.64
Nordeste;PB;21792;SÃO BENTO;29523;4913;16.64
Nordeste;PB;19755;CAJAZEIRAS;47827;7958;16.64
Sudeste;MG;52752;SÃO MIGUEL DO ANTA;6021;1002;16.64
Sudeste;MG;49875;PEDRO TEIXEIRA;2507;417;16.63
Norte;TO;73440;PALMAS;219783;36540;16.63
Nordeste;PI;12220;LAGOA DO SÍTIO;4865;809;16.63
Sudeste;SP;69434;RAFARD;7253;1206;16.63
Sul;RS;88706;SETE DE SETEMBRO;1804;300;16.63
Nordeste;SE;32115;PORTO DA FOLHA;25098;4171;16.62
Nordeste;PE;24350;IGARASSU;89866;14938;16.62
Sul;SC;80551;BRUSQUE;101563;16871;16.61
Nordeste;MA;7994;ICATU;23106;3838;16.61
Nordeste;PI;10995;ITAINÓPOLIS;9605;1595;16.61
Nordeste;MA;7331;BARREIRINHAS;52533;8726;16.61
Sul;PR;75655;FRANCISCO BELTRÃO;66806;11091;16.6
Norte;PA;5410;SÃO CAETANO DE ODIVELAS;15886;2637;16.6
Nordeste;PB;21512;QUEIMADAS;36681;6090;16.6
Sul;SC;80063;APIÚNA;8375;1390;16.6
Nordeste;CE;15334;REDENÇÃO;24248;4022;16.59
Sul;SC;80993;DONA EMMA;3429;569;16.59
Sul;RS;89265;JACUIZINHO;2056;341;16.59
Nordeste;BA;33030;ABARÉ;14734;2445;16.59
Nordeste;CE;15059;PARACURU;33717;5595;16.59
Sul;SC;80969;VARGEM BONITA;3962;657;16.58
Nordeste;PE;24074;FEIRA NOVA;18025;2988;16.58
Nordeste;CE;15733;UBAJARA;27963;4636;16.58
Nordeste;SE;31054;ARACAJU;422179;69977;16.58
Nordeste;RN;17353;LAJES PINTADAS;5230;867;16.58
Sul;SC;82775;PRESIDENTE NEREU;2237;371;16.58
Nordeste;PB;19879;CATOLÉ DO ROCHA;22557;3738;16.57
Sul;SC;81400;IBIAM;1985;329;16.57
Nordeste;SE;31356;NOSSA SENHORA APARECIDA;7652;1268;16.57
Sul;RS;87890;PEJUÇARA;3096;513;16.57
Nordeste;RN;16675;EQUADOR;4769;790;16.57
Sul;RS;84867;GUABIJU;1395;231;16.56
Nordeste;PB;20753;MÃE D ÁGUA;3876;642;16.56
Nordeste;BA;36552;JAGUARARI;23294;3857;16.56
Nordeste;PE;23256;BARRA DE GUABIRABA;10106;1674;16.56
Nordeste;RN;18155;RIACHUELO;6909;1144;16.56
Nordeste;MA;7790;FORTALEZA DOS NOGUEIRAS;10569;1749;16.55
Sul;RS;85146;PAVERAMA;6036;999;16.55
Norte;RR;3093;MUCAJAÍ;14383;2380;16.55
Sudeste;MG;43656;CONSELHEIRO LAFAIETE;94215;15595;16.55
Nordeste;SE;31810;MOITA BONITA;9837;1627;16.54
Sul;RS;88218;RODEIO BONITO;5375;889;16.54
Nordeste;PE;24694;LAGOA DE ITAENGA;18474;3053;16.53
Sudeste;MG;53457;SILVEIRÂNIA;2977;492;16.53
Norte;PA;5517;SÃO MIGUEL DO GUAMÁ;42257;6985;16.53
Sudeste;SP;63673;CRUZÁLIA;1966;325;16.53
Sudeste;MG;48895;NAZARENO;6298;1040;16.51
Nordeste;BA;36730;JUSSIAPE;6499;1073;16.51
Nordeste;PB;21113;OLIVEDOS;4073;672;16.5
Nordeste;BA;35432;IBICOARA;15956;2633;16.5
Nordeste;RN;17639;NÍSIA FLORESTA;23401;3860;16.5
Nordeste;BA;35939;IRECÊ;51249;8458;16.5
Sul;RS;89052;SEBERI;9356;1544;16.5
Nordeste;BA;39217;TANQUINHO;7717;1273;16.5
Sul;RS;86509;CAPITÃO;2872;474;16.5
Sudeste;MG;42579;CAPUTIRA;7830;1291;16.49
Sul;SC;81710;JACINTO MACHADO;9165;1511;16.49
Nordeste;PI;10502;SÃO BRAZ DO PIAUÍ;4155;685;16.49
Sul;RS;87556;NÃO-ME-TOQUE;13469;2220;16.48
Nordeste;RN;18791;TENENTE ANANIAS;8205;1352;16.48
Norte;TO;92193;ANANÁS;7593;1251;16.48
Sul;RS;86924;LINHA NOVA;1511;249;16.48
Centro-Oeste;GO;92665;SÃO MIGUEL DO PASSA QUATRO;4211;694;16.48
Nordeste;PB;21539;QUIXABA;2501;412;16.47
Nordeste;MA;8893;SÃO JOSÉ DE RIBAMAR;131324;21624;16.47
Nordeste;BA;35394;IBIASSUCÊ;8476;1395;16.46
Nordeste;BA;33391;ARACATU;12568;2069;16.46
Nordeste;BA;34452;CASTRO ALVES;22931;3774;16.46
Nordeste;RN;17850;PATU;9946;1636;16.45
Nordeste;PE;23116;ALAGOINHA;12070;1985;16.45
Nordeste;BA;38237;RETIROLÂNDIA;12901;2122;16.45
Sul;RS;89303;MATO QUEIMADO;1617;266;16.45
Norte;TO;73245;BRASILÂNDIA DO TOCANTINS;1994;328;16.45
Nordeste;SE;32298;SANTA ROSA DE LIMA;4659;766;16.44
Nordeste;CE;13374;BARBALHA;53415;8783;16.44
Nordeste;BA;37656;OLIVEIRA DOS BREJINHOS;16618;2732;16.44
Centro-Oeste;GO;94072;ITAGUARU;5268;866;16.44
Sul;SC;80349;SANTA TEREZINHA;6527;1073;16.44
Sul;RS;87696;NOVA PRATA;18975;3118;16.43
Nordeste;CE;15296;QUIXERAMOBIM;60112;9875;16.43
Nordeste;BA;30899;FÁTIMA;15318;2517;16.43
Sul;SC;81485;SÃO BERNARDINO;2576;423;16.42
Nordeste;BA;39942;NOVO HORIZONTE;9200;1511;16.42
Nordeste;PI;10332;BERTOLÍNIA;4969;816;16.42
Nordeste;BA;33260;ANDORINHA;13508;2217;16.41
Sul;SC;80225;ABDON BATISTA;2681;440;16.41
Nordeste;SE;32476;TOBIAS BARRETO;42750;7016;16.41
Nordeste;RN;16470;CARNAÚBA DOS DANTAS;6324;1037;16.4
Sul;RS;84913;VANINI;2018;331;16.4
Nordeste;AL;27430;COQUEIRO SECO;5554;911;16.4
Sul;RS;84999;IPÊ;5497;901;16.39
Nordeste;PB;20435;ITAPOROROCA;14182;2325;16.39
Norte;TO;73024;RIACHINHO;3503;574;16.39
Sul;SC;80535;BRAÇO DO NORTE;25562;4184;16.37
Norte;PA;4472;CASTANHAL;143934;23565;16.37
Nordeste;CE;14753;MORADA NOVA;56913;9314;16.37
Nordeste;PE;24953;OROCÓ;12481;2042;16.36
Nordeste;RN;17736;PARAÚ;4339;710;16.36
Sul;SC;81019;ERVAL VELHO;3844;629;16.36
Nordeste;MA;7218;AXIXÁ;11529;1886;16.36
Sul;SC;80314;ARROIO TRINTA;3124;511;16.36
Nordeste;PE;23299;BELÉM DE MARIA;9176;1501;16.36
Nordeste;RN;18570;SÃO VICENTE;5396;882;16.35
Sul;SC;80152;ANCHIETA;4991;816;16.35
Sudeste;MG;40770;ARAÚJOS;6636;1085;16.35
Norte;AM;2755;SÃO PAULO DE OLIVENÇA;21421;3503;16.35
Nordeste;CE;14052;HIDROLÂNDIA;16000;2616;16.35
Norte;PA;4693;IRITUIA;26388;4311;16.34
Nordeste;PE;25895;SURUBIM;48477;7920;16.34
Nordeste;CE;14974;PACOTI;10776;1761;16.34
Nordeste;BA;35254;GENTIO DO OURO;9718;1588;16.34
Sudeste;SP;62200;SANTA SALETE;1836;300;16.34
Nordeste;PB;19780;BARRA DE SANTANA;7793;1273;16.34
Sul;RS;89591;VERANÓPOLIS;18621;3040;16.33
Norte;PA;5819;CONCÓRDIA DO PARÁ;24113;3935;16.32
Nordeste;PB;20257;FREI MARTINHO;2942;480;16.32
Nordeste;CE;13838;CRATEÚS;60099;9807;16.32
Nordeste;MA;8419;MORROS;16701;2724;16.31
Sul;SC;81426;ENTRE RIOS;3097;505;16.31
Sudeste;SP;68039;PALMARES PAULISTA;7352;1199;16.31
Sul;RS;87092;INDEPENDÊNCIA;5501;897;16.31
Nordeste;PB;19461;MARIZÓPOLIS;6301;1028;16.31
Nordeste;SE;31739;MACAMBIRA;6860;1118;16.3
Sul;PR;76970;MARUMBI;3950;644;16.3
Norte;PA;4030;ACARÁ;48817;7955;16.3
Nordeste;BA;35831;IPUPIARA;8953;1459;16.3
Norte;TO;73377;SUCUPIRA;1762;287;16.29
Nordeste;PB;19623;GADO BRAVO;8093;1318;16.29
Nordeste;MA;7200;BERNARDO DO MEARIM;5015;817;16.29
Sul;RS;87351;MACHADINHO;4842;789;16.29
Sudeste;MG;42587;TOCOS DO MOJI;4159;677;16.28
Nordeste;RN;16373;CAIÇARA DO RIO DO VENTO;4196;683;16.28
Sul;PR;74179;AMPÉRE;14532;2365;16.27
Sul;RS;85987;PARAÍSO DO SUL;5367;873;16.27
Nordeste;PB;19526;POÇO DE JOSÉ DE MOURA;4432;721;16.27
Sudeste;RJ;58297;CORDEIRO;16926;2752;16.26
Sul;SC;82317;OURO;5678;923;16.26
Nordeste;BA;33910;BRUMADO;53467;8694;16.26
Nordeste;CE;15490;SÃO GONÇALO DO AMARANTE;51355;8350;16.26
Sul;SC;83658;TROMBUDO CENTRAL;5524;898;16.26
Sul;RS;86894;GUARANI DAS MISSÕES;5851;950;16.24
Nordeste;CE;15970;MILHÃ;11291;1834;16.24
Sul;RS;84743;TRÊS ARROIOS;2549;414;16.24
Sul;PR;76554;KALORÉ;4004;650;16.23
Nordeste;SE;31771;MALHADOR;10440;1694;16.23
Sul;RS;88048;UNIÃO DA SERRA;1523;247;16.22
Sul;PR;77550;PAULO FRONTIN;5698;924;16.22
Norte;TO;92401;NOVA ROSALÂNDIA;2880;467;16.22
Sul;RS;88161;BOA VISTA DO SUL;2527;410;16.22
Nordeste;BA;35475;IBIPEBA;13655;2215;16.22
Nordeste;RN;18759;TAIPU;10547;1710;16.21
Sul;PR;75108;ARAPUÃ;3263;529;16.21
Sudeste;MG;43559;CONCEIÇÃO DOS OUROS;9042;1466;16.21
Centro-Oeste;GO;92312;ARAÇU;4172;676;16.2
Sul;RS;88250;RONDA ALTA;7415;1201;16.2
Nordeste;PI;10952;IPIRANGA DO PIAUÍ;7746;1255;16.2
Nordeste;PI;10197;ARRAIAL;4367;707;16.19
Nordeste;CE;15555;SENADOR POMPEU;20302;3287;16.19
Sul;RS;89247;SANTA CECÍLIA DO SUL;1940;314;16.19
Sudeste;MG;42331;CANAÃ;4403;713;16.19
Nordeste;PE;24414;INGAZEIRA;4249;688;16.19
Nordeste;RN;18376;SÃO GONÇALO DO AMARANTE;77509;12546;16.19
Nordeste;PB;20451;ITATUBA;9118;1475;16.18
Nordeste;CE;15989;DEPUTADO IRAPUAN PINHEIRO;7474;1209;16.18
Nordeste;PE;23973;CUMARU;14479;2341;16.17
Nordeste;BA;37427;MULUNGU DO MORRO;10988;1777;16.17
Sul;RS;89770;COTIPORÃ;3488;564;16.17
Sul;SC;81442;PAIAL;1999;323;16.16
Nordeste;MA;7447;CENTRO DO GUILHERME;7966;1287;16.16
Nordeste;SE;32158;RIACHÃO DO DANTAS;17768;2872;16.16
Sul;PR;84697;MISSAL;9671;1563;16.16
Nordeste;BA;38377;RIO DO ANTÔNIO;10690;1728;16.16
Norte;TO;92142;COMBINADO;3892;629;16.16
Sul;SC;81680;TIGRINHOS;2043;330;16.15
Sul;RS;85057;ALECRIM;5602;905;16.15
Nordeste;SE;32239;SALGADO;17916;2894;16.15
Nordeste;CE;13358;BAIXIO;5464;882;16.14
Sul;PR;76031;IPIRANGA;11267;1818;16.14
Nordeste;BA;36897;LICÍNIO DE ALMEIDA;10121;1634;16.14
Nordeste;BA;33995;CACULÉ;18021;2908;16.14
Nordeste;MA;8010;IGARAPÉ GRANDE;8484;1369;16.14
Nordeste;RN;17191;JUCURUTU;15421;2489;16.14
Norte;AC;1082;RODRIGUES ALVES;12185;1967;16.14
Sul;RS;84921;BOQUEIRÃO DO LEÃO;5325;859;16.13
Nordeste;RN;16144;FERNANDO PEDROZA;3409;550;16.13
Sul;RS;87025;MATO CASTELHANO;3019;487;16.13
Nordeste;SE;31992;PEDRA MOLE;3372;544;16.13
Nordeste;PB;19127;RIACHÃO DO BACAMARTE;4999;806;16.12
Nordeste;CE;13412;BATURITÉ;28552;4603;16.12
Nordeste;CE;13137;ALTO SANTO;12108;1952;16.12
Norte;TO;73113;LAGOA DO TOCANTINS;3307;533;16.12
Nordeste;BA;34959;CRUZ DAS ALMAS;49209;7931;16.12
Sul;RS;87327;PARECI NOVO;3442;555;16.12
Nordeste;RN;16934;IPUEIRA;2185;352;16.11
Sul;RS;86878;GUAPORÉ;18948;3052;16.11
Nordeste;PB;20516;JOÃO PESSOA;591750;95347;16.11
Norte;PA;4456;CAPITÃO POÇO;42609;6865;16.11
Nordeste;PE;23892;CHÃ GRANDE;18860;3038;16.11
Nordeste;PI;10081;BONFIM DO PIAUÍ;4967;800;16.11
Nordeste;CE;14150;IPAUMIRIM;9459;1523;16.1
Sul;PR;78794;SÃO JORGE DO IVAÍ;4820;776;16.1
Nordeste;MA;7544;FERNANDO FALCÃO;9487;1527;16.1
Sudeste;MG;51578;SANTA MARGARIDA;12910;2077;16.09
Sul;RS;84883;DOUTOR MAURÍCIO CARDOSO;3822;615;16.09
Sul;RS;85138;ANTA GORDA;4872;784;16.09
Nordeste;PI;11959;SÃO GONÇALO DO PIAUÍ;5172;832;16.09
Sul;SC;80853;CORONEL FREITAS;8081;1300;16.09
Nordeste;PB;19305;BARAÚNA;4663;750;16.08
Sul;SC;80144;UNIÃO DO OESTE;2463;396;16.08
Nordeste;PB;19704;COXIXOLA;2047;329;16.07
Sul;PR;75027;NOVA ESPERANÇA DO SUDOESTE;5165;830;16.07
Nordeste;PI;11479;PALMEIRA DO PIAUÍ;4922;791;16.07
Sudeste;MG;46698;ITAPECERICA;17090;2744;16.06
Norte;PA;4294;BENEVIDES;49269;7914;16.06
Sul;SC;82058;MARAVILHA;20395;3275;16.06
Sul;RS;86339;ENCANTADO;16617;2668;16.06
Sul;PR;78018;QUITANDINHA;14118;2267;16.06
Sul;PR;76155;ITAMBÉ;5052;811;16.05
Norte;PA;4740;CURUÁ;11427;1834;16.05
Nordeste;PB;19593;BREJO DOS SANTOS;5994;962;16.05
Nordeste;CE;15156;PENTECOSTE;32386;5197;16.05
Sul;SC;82830;RIO DAS ANTAS;5383;864;16.05
Nordeste;CE;15130;PENAFORTE;8694;1395;16.05
Sul;RS;88528;CRISTAL DO SUL;2662;427;16.04
Centro-Oeste;MS;98051;DOURADINA;4920;789;16.04
Nordeste;BA;38350;RIO DE CONTAS;12117;1944;16.04
Sul;SC;81388;BOM JESUS;2593;416;16.04
Nordeste;CE;13595;CARIDADE;17474;2801;16.03
Nordeste;CE;15350;RERIUTABA;15853;2541;16.03
Nordeste;PI;10537;COCAL;23420;3755;16.03
Nordeste;PE;25135;PAULISTA;237186;38007;16.02
Nordeste;PI;12238;URUÇUÍ;18909;3029;16.02
Nordeste;RN;16110;ALMINO AFONSO;5166;827;16.01
Sul;PR;77291;OURIZONA;2830;453;16.01
Sul;SC;81337;IBICARÉ;3018;483;16.0
Nordeste;CE;13056;ACOPIARA;38571;6167;15.99
Nordeste;PB;21830;SÃO JOÃO DO TIGRE;3965;634;15.99
Sul;RS;89494;TUPARENDI;7111;1137;15.99
Nordeste;BA;34975;CURAÇÁ;27548;4406;15.99
Sul;PR;76210;IVAÍ;10656;1703;15.98
Nordeste;AL;27111;BARRA DE SÃO MIGUEL;8063;1288;15.97
Norte;PA;5037;OEIRAS DO PARÁ;25487;4067;15.96
Sul;RS;89699;VICTOR GRAEFF;2531;404;15.96
Nordeste;AL;27979;MAR VERMELHO;3653;583;15.96
Nordeste;RN;17590;MOSSORÓ;188013;30015;15.96
Nordeste;PI;10588;VÁRZEA BRANCA;4694;749;15.96
Sul;RS;84930;FAGUNDES VARELA;2439;389;15.95
Sul;RS;84808;ALTO ALEGRE;1850;295;15.95
Nordeste;BA;34274;CANDEAL;7799;1243;15.94
Sul;PR;79650;NOVA AURORA;9631;1535;15.94
Sudeste;MG;52353;SÃO GONÇALO DO PARÁ;8689;1385;15.94
Nordeste;PE;25313;RECIFE;1230407;196129;15.94
Nordeste;PB;20850;MASSARANDUBA;12155;1937;15.94
Sul;RS;86592;FELIZ;11110;1770;15.93
Sul;RS;85170;ARATIBA;6202;988;15.93
Nordeste;MA;8150;LAGO DO JUNCO;8447;1346;15.93
Norte;RR;3158;SÃO LUIZ;6082;968;15.92
Sul;SC;81108;CORONEL MARTINS;2010;320;15.92
Nordeste;PB;21750;SANTA RITA;103539;16482;15.92
Nordeste;RN;17833;PASSAGEM;4547;724;15.92
Nordeste;SE;32395;SÃO MIGUEL DO ALEIXO;3982;634;15.92
Nordeste;PI;10901;NOVO SANTO ANTÔNIO;4732;753;15.91
Nordeste;PB;19135;SÃO JOÃO DO RIO DO PEIXE;14571;2318;15.91
Sul;PR;74446;ITAPERUÇU;21624;3441;15.91
Nordeste;CE;13870;FARIAS BRITO;17579;2795;15.9
Sul;SC;82538;PINHALZINHO;15631;2485;15.9
Nordeste;PI;11630;PIO IX;15109;2402;15.9
Sudeste;MG;49913;PEQUI;3981;633;15.9
Sul;PR;74144;BOA ESPERANÇA DO IGUAÇU;2309;367;15.89
Nordeste;PB;20273;GUARABIRA;43618;6931;15.89
Nordeste;RN;16071;ÁGUA NOVA;3009;478;15.89
Sul;PR;78816;SÃO JORGE D OESTE;8006;1272;15.89
Nordeste;RN;17779;PARELHAS;17461;2774;15.89
Sudeste;MG;47473;LAGOA DOURADA;10425;1657;15.89
Sul;RS;86282;ALTO FELIZ;2870;456;15.89
Nordeste;PB;20915;MONTADAS;5373;853;15.88
Nordeste;CE;98574;VARJOTA;15992;2540;15.88
Norte;AP;6050;MACAPÁ;321597;51063;15.88
Nordeste;SE;31593;ITABAIANINHA;32189;5110;15.87
Nordeste;CE;13382;BANABUIÚ;15673;2488;15.87
Nordeste;CE;15253;POTENGI;8102;1286;15.87
Nordeste;RN;17450;MARCELINO VIEIRA;7032;1116;15.87
Sul;RS;89370;TRÊS COROAS;17414;2764;15.87
Sul;PR;77178;NOVA AMÉRICA DA COLINA;3349;531;15.86
Nordeste;PB;19003;RIACHÃO DO POÇO;4868;772;15.86
Sudeste;MG;50776;RAPOSOS;12906;2046;15.85
Sul;RS;86070;CIRÍACO;3627;575;15.85
Sul;SC;81574;ITÁ;5888;933;15.85
Sul;SC;81124;SÃO JOÃO DO ITAPERIÚ;4277;677;15.83
Nordeste;PB;22233;SOLEDADE;11716;1855;15.83
Nordeste;PI;10723;CAMPO GRANDE DO PIAUÍ;5304;839;15.82
Sul;SC;82252;NOVA TRENTO;11343;1794;15.82
Nordeste;CE;14796;MORRINHOS;19053;3014;15.82
Norte;PA;5371;SANTARÉM NOVO;6794;1075;15.82
Sul;RS;86614;FLORES DA CUNHA;25103;3969;15.81
Sul;SC;81604;FLOR DO SERTÃO;1772;280;15.8
Nordeste;PB;21890;SÃO JOSÉ DE ESPINHARAS;4450;703;15.8
Nordeste;SE;31917;NOSSA SENHORA DAS DORES;21460;3391;15.8
Sul;PR;77593;PÉROLA D OESTE;5285;835;15.8
Nordeste;PI;10553;CONCEIÇÃO DO CANINDÉ;5002;790;15.79
Nordeste;RN;17515;FRUTUOSO GOMES;4173;659;15.79
Nordeste;PI;10391;BURITI DOS LOPES;17653;2788;15.79
Sul;RS;85286;ESTAÇÃO;4871;769;15.79
Nordeste;RN;16314;BENTO FERNANDES;4926;778;15.79
Nordeste;RN;16390;CAICÓ;45036;7107;15.78
Sul;SC;80845;OURO VERDE;2040;322;15.78
Nordeste;CE;15032;PALMÁCIA;9908;1563;15.78
Norte;TO;73105;SÃO FÉLIX DO TOCANTINS;1852;292;15.77
Nordeste;AL;28533;RIO LARGO;68061;10735;15.77
Sudeste;MG;47732;LUMINÁRIAS;4351;686;15.77
Sul;SC;80438;BENEDITO NOVO;8293;1307;15.76
Nordeste;PI;10820;ILHA GRANDE;9354;1474;15.76
Norte;PA;4618;GURUPÁ;24520;3864;15.76
Norte;TO;94838;NAZARÉ;4125;650;15.76
Nordeste;PE;25739;SÃO LOURENÇO DA MATA;83623;13173;15.75
Sul;RS;85863;VISTA ALEGRE DO PRATA;1657;261;15.75
Sul;SC;81094;GALVÃO;2750;433;15.75
Nordeste;MA;8320;SÃO JOÃO DO PARAÍSO;8599;1354;15.75
Nordeste;RN;18392;SÃO JOÃO DO SABUGI;5309;836;15.75
Nordeste;MA;8168;RAPOSA;24288;3822;15.74
Sul;SC;81035;FAXINAL DOS GUEDES;8705;1369;15.73
Nordeste;CE;13919;FRECHEIRINHA;13849;2178;15.73
Sul;SC;83011;SALETE;6344;997;15.72
Sul;SC;80608;RIO RUFINO;2423;381;15.72
Sul;RS;89320;NOVO XINGU;1591;250;15.71
Nordeste;CE;13226;EUSÉBIO;59877;9404;15.71
Sul;SC;81671;ITUPORANGA;19872;3121;15.71
Nordeste;PE;24775;LIMOEIRO;45789;7188;15.7
Nordeste;SE;32379;SÃO FRANCISCO;3798;596;15.69
Nordeste;CE;14478;JUAZEIRO DO NORTE;200346;31426;15.69
Nordeste;MA;9210;SÃO LUÍS;761443;119443;15.69
Sul;RS;87378;MARAU;31646;4963;15.68
Sul;RS;84816;NOVA HARTZ;14667;2300;15.68
Nordeste;MA;9318;SUCUPIRA DO NORTE;8257;1294;15.67
Nordeste;CE;15318;QUIXERÉ;18875;2956;15.66
Nordeste;PB;19518;BOQUEIRÃO;15970;2499;15.65
Sul;SC;82414;PAULO LOPES;7411;1160;15.65
Sul;SC;82279;NOVA VENEZA;12429;1945;15.65
Sul;SC;83976;OTACÍLIO COSTA;12683;1984;15.64
Sul;PR;74284;ENTRE RIOS DO OESTE;3721;582;15.64
Sul;RS;85707;SEDE NOVA;2508;392;15.63
Nordeste;PI;10375;BOM JESUS;19900;3110;15.63
Sul;RS;87670;NOVA PETRÓPOLIS;18127;2834;15.63
Sul;RS;85405;PROTÁSIO ALVES;1939;303;15.63
Norte;PA;4634;IGARAPÉ-AÇU;31175;4874;15.63
Nordeste;PI;11533;PARNAÍBA;118423;18501;15.62
Sul;SC;83232;SÃO JOÃO DO SUL;7398;1155;15.61
Nordeste;BA;37915;PINDAÍ;12750;1989;15.6
Nordeste;PI;12521;TANQUE DO PIAUÍ;2725;425;15.6
Norte;PA;5290;SANTA IZABEL DO PARÁ;49185;7667;15.59
Sul;RS;89036;SARANDI;17132;2670;15.58
Nordeste;PE;24554;ITAQUITINGA;12828;1999;15.58
Norte;TO;73520;LUZINÓPOLIS;2601;405;15.57
Norte;TO;73202;ITAPIRATINS;3403;530;15.57
Sul;SC;80128;VITOR MEIRELES;4377;681;15.56
Nordeste;MA;9377;TIMON;124767;19409;15.56
Nordeste;RN;17574;MONTE DAS GAMELEIRAS;3052;475;15.56
Nordeste;PI;10049;BAIXA GRANDE DO RIBEIRO;11444;1779;15.55
Sul;RS;87947;SINIMBU;6825;1061;15.55
Nordeste;PI;12211;UNIÃO;38750;6024;15.55
Nordeste;CE;13170;APUIARÉS;12696;1974;15.55
Sul;RS;85731;CAMPINA DAS MISSÕES;4989;776;15.55
Sul;RS;88838;SÃO MARCOS;16687;2595;15.55
Sul;RS;87262;NOVO BARREIRO;3794;590;15.55
Nordeste;PB;20834;MARI;18460;2870;15.55
Sul;RS;87017;IBIRUBÁ;16439;2557;15.55
Sul;RS;87629;SANTA TEREZA;1750;272;15.54
Nordeste;PI;10308;JARDIM DO MULATO;4530;704;15.54
Nordeste;CE;15091;PARAMOTI;10188;1581;15.52
Nordeste;PB;19992;CRUZ DO ESPÍRITO SANTO;16431;2549;15.51
Nordeste;SE;32336;SÃO CRISTÓVÃO;61859;9592;15.51
Nordeste;PE;26271;VITÓRIA DE SANTO ANTÃO;103948;16125;15.51
Nordeste;PE;25119;PAUDALHO;45812;7101;15.5
Sul;RS;85235;ARROIO DO TIGRE;9941;1541;15.5
Nordeste;PI;12050;SÃO JULIÃO;5605;868;15.49
Nordeste;BA;38970;SEABRA;35799;5547;15.49
Sul;PR;74624;PATO BRAGADO;4506;698;15.49
Sul;RS;84948;ÁGUA SANTA;3300;511;15.48
Sul;RS;89508;TIO HUGO;2707;419;15.48
Sul;SC;82074;MASSARANDUBA;13335;2064;15.48
Sul;RS;88757;SÃO JOSÉ DO OURO;5762;891;15.46
Sul;RS;86584;COLINAS;2354;364;15.46
Sul;PR;75531;FLORAÍ;4346;672;15.46
Sul;RS;85340;PINHAL;2557;395;15.45
Nordeste;PB;21571;RIACHO DOS CAVALOS;8428;1302;15.45
Norte;RR;3131;SÃO JOÃO DA BALIZA;5728;885;15.45
Sul;RS;87637;NOVA BRÉSCIA;2805;433;15.44
Sul;SC;80950;DESCANSO;7241;1118;15.44
Sul;RS;88943;MAMPITUBA;3155;487;15.44
Nordeste;CE;15270;QUIXADÁ;61599;9507;15.43
Nordeste;PI;10138;ANÍSIO DE ABREU;7166;1105;15.42
Nordeste;PI;12165;CARIDADE DO PIAUÍ;5023;774;15.41
Nordeste;BA;36765;LAGOA REAL;10624;1637;15.41
Sul;PR;76457;JARDIM OLINDA;1350;208;15.41
Nordeste;RN;16896;IELMO MARINHO;11530;1776;15.4
Nordeste;PI;12572;CAJUEIRO DA PRAIA;7643;1177;15.4
Sul;PR;74500;MARIPÁ;5176;797;15.4
Nordeste;PB;22250;SOUSA;48187;7419;15.4
Sul;RS;89397;TRÊS DE MAIO;18415;2834;15.39
Sul;RS;87122;MORRINHOS DO SUL;3216;495;15.39
Sul;RS;89540;PINTO BANDEIRA;2438;375;15.38
Nordeste;CE;14230;IRAUÇUBA;19467;2994;15.38
Sul;RS;88358;SANANDUVA;13017;2002;15.38
Nordeste;CE;14176;IPU;33130;5095;15.38
Norte;RR;3050;ALTO ALEGRE;13408;2061;15.37
Norte;TO;73229;RECURSOLÂNDIA;2936;451;15.36
Sul;SC;82236;NOVA ERECHIM;4037;620;15.36
Nordeste;SE;31950;NOSSA SENHORA DO SOCORRO;123924;19020;15.35
Nordeste;PE;24236;GOIANA;67037;10292;15.35
Sul;RS;89613;VIADUTOS;4028;618;15.34
Sul;RS;89079;SELBACH;4334;665;15.34
Sul;RS;84859;SÃO JOÃO DA URTIGA;4198;644;15.34
Nordeste;BA;36919;LIVRAMENTO DE NOSSA SENHORA;34703;5320;15.33
Sul;PR;75426;GUAMIRANGA;6603;1012;15.33
Norte;AM;2917;AMATURÁ;7522;1153;15.33
Nordeste;SE;32450;TELHA;3641;558;15.33
Nordeste;PE;24651;JUPI;13003;1992;15.32
Nordeste;PI;11550;PAULISTANA;17052;2612;15.32
Norte;TO;94056;ITACAJÁ;5446;834;15.31
Sul;RS;87033;IGREJINHA;26693;4084;15.3
Nordeste;PB;21652;SANTA CRUZ;5529;846;15.3
Sul;SC;80217;ANITÁPOLIS;3343;511;15.29
Sudeste;ES;56081;VILA PAVÃO;7761;1187;15.29
Nordeste;PB;19950;CONGO;5388;824;15.29
Sul;SC;83135;SÃO BONIFÁCIO;2932;448;15.28
Sul;RS;89087;BOZANO;2625;401;15.28
Nordeste;RN;18910;VÁRZEA;5584;853;15.28
Nordeste;SE;31216;CANHOBA;4709;719;15.27
Nordeste;CE;14419;JAGUARUANA;28915;4416;15.27
Nordeste;CE;15598;SOBRAL;153073;23379;15.27
Nordeste;CE;14273;ITAPAJÉ;39662;6057;15.27
Nordeste;CE;14060;IBARETAMA;13532;2066;15.27
Sul;SC;81760;BARRA BONITA;1855;283;15.26
Sul;SC;80020;IPORÃ DO OESTE;7715;1177;15.26
Sul;RS;85820;MONTAURI;1514;231;15.26
Nordeste;PE;25615;SÃO CAITANO;30888;4714;15.26
Nordeste;CE;13579;CAPISTRANO;16205;2473;15.26
Sul;SC;82570;PIRATUBA;5246;800;15.25
Nordeste;PB;19860;SÃO FRANCISCO;4138;631;15.25
Sul;RS;86258;DOIS IRMÃOS;24787;3778;15.24
Sul;RS;89214;TAPEJARA;17490;2665;15.24
Sul;RS;85952;CASCA;7527;1146;15.23
Nordeste;BA;34657;CONCEIÇÃO DO ALMEIDA;14213;2164;15.23
Sul;RS;89095;SERAFINA CORRÊA;12678;1931;15.23
Nordeste;RN;17116;JARDIM DO SERIDÓ;10316;1571;15.23
Sudeste;MG;42897;CARMÓPOLIS DE MINAS;13900;2115;15.22
Sul;SC;83151;SÃO CARLOS;8222;1251;15.22
Nordeste;PI;10430;CAMPO MAIOR;35864;5457;15.22
Sul;PR;79456;VERÊ;6888;1048;15.21
Sul;PR;79910;PRANCHITA;4649;707;15.21
Sul;RS;87645;SANTO ANTÔNIO DO PALMA;2077;316;15.21
Nordeste;PB;19771;CALDAS BRANDÃO;5445;828;15.21
Sul;RS;89451;TUCUNDUVA;4755;723;15.21
Sul;SC;81302;ALTO BELA VISTA;1764;268;15.19
Nordeste;PE;23795;CARPINA;59993;9110;15.19
Sul;RS;87084;MONTE BELO DO SUL;3034;461;15.19
Nordeste;PB;21318;PILAR;10756;1634;15.19
Sul;RS;86991;IBIRAIARAS;5419;823;15.19
Nordeste;PB;21695;SANTA LUZIA;12261;1863;15.19
Sudeste;SP;62871;CAJOBI;7437;1129;15.18
Sul;RS;86231;DAVID CANABARRO;4085;620;15.18
Sul;PR;77054;MIRASELVA;1851;281;15.18
Norte;PA;5398;SANTO ANTÔNIO DO TAUÁ;26159;3972;15.18
Sul;SC;80764;NOVO HORIZONTE;2570;390;15.18
Sul;PR;74160;BOM SUCESSO DO SUL;3020;458;15.17
Sul;SC;81752;JARAGUÁ DO SUL;131454;19944;15.17
Nordeste;MA;7803;LAGO DOS RODRIGUES;8271;1254;15.16
Sul;RS;89001;ALMIRANTE TAMANDARÉ DO SUL;1979;300;15.16
Nordeste;PB;19585;AMPARO;2665;404;15.16
Nordeste;PI;10561;SÃO LOURENÇO DO PIAUÍ;4860;737;15.16
Sul;SC;80039;AGROLÂNDIA;8211;1244;15.15
Sul;RS;88560;NOVA RAMADA;2039;309;15.15
Nordeste;CE;15717;TRAIRI;49869;7553;15.15
Nordeste;PI;11290;MONSENHOR HIPÓLITO;7493;1135;15.15
Nordeste;PI;11894;SANTO INÁCIO DO PIAUÍ;3644;552;15.15
Nordeste;CE;15377;RUSSAS;58537;8867;15.15
Sul;RS;86770;GETÚLIO VARGAS;12197;1848;15.15
Sul;PR;75647;SERRANÓPOLIS DO IGUAÇU;4396;666;15.15
Nordeste;CE;14575;MARCO;23434;3549;15.14
Sul;SC;82813;RANCHO QUEIMADO;3744;567;15.14
Sul;SC;83631;TREZE TÍLIAS;6439;975;15.14
Norte;TO;92606;SANTA TEREZA DO TOCANTINS;3061;463;15.13
Sul;RS;85642;VILA MARIA;3675;556;15.13
Nordeste;PB;19372;BAYEUX;74369;11255;15.13
Nordeste;PE;26298;CAMARAGIBE;127152;19244;15.13
Sul;SC;81825;ZORTÉA;3214;486;15.12
Sul;SC;82066;MAREMA;2215;335;15.12
Sul;SC;80527;GUATAMBÚ;6236;943;15.12
Nordeste;CE;13218;ARACATI;57417;8684;15.12
Nordeste;CE;14591;MARTINÓPOLE;10730;1621;15.11
Norte;TO;92592;BABAÇULÂNDIA;6651;1005;15.11
Sudeste;RJ;58165;COMENDADOR LEVY GASPARIAN;8033;1213;15.1
Nordeste;CE;13692;CASCAVEL;60466;9131;15.1
Nordeste;PB;21598;RIO TINTO;18838;2842;15.09
Nordeste;RN;16209;SERRINHA DOS PINTOS;4196;633;15.09
Nordeste;CE;13323;TEJUÇUOCA;15973;2408;15.08
Nordeste;PB;20974;MULUNGU;9094;1371;15.08
Nordeste;BA;34673;CONCEIÇÃO DO COITÉ;54576;8227;15.07
Nordeste;BA;37451;MUNIZ FERREIRA;8206;1237;15.07
Sul;RS;85979;CATUÍPE;7517;1132;15.06
Nordeste;PE;24910;OLINDA;301943;45467;15.06
Sudeste;MG;50873;RESSAQUINHA;4433;667;15.05
Sul;RS;85065;BROCHIER;3961;596;15.05
Nordeste;RN;17213;MESSIAS TARGINO;4715;709;15.04
Sul;SC;80748;BELMONTE;2400;361;15.04
Nordeste;BA;38873;SÃO MIGUEL DAS MATAS;9030;1358;15.04
Nordeste;BA;37397;MUCUGÊ;9863;1482;15.03
Sul;RS;89060;BOA VISTA DO INCRA;2195;330;15.03
Sul;SC;81540;JUPIÁ;2255;339;15.03
Sul;RS;88234;ROLANTE;16313;2451;15.02
Nordeste;SE;31690;LAGARTO;82331;12366;15.02
Sul;SC;81213;GRAVATAL;9437;1417;15.02
Sul;RS;85332;BARÃO DE COTEGIPE;5354;804;15.02
Nordeste;SE;31933;NOSSA SENHORA DE LOURDES;6277;943;15.02
Nordeste;CE;15016;PALHANO;9841;1477;15.01
Nordeste;PE;25259;POMBOS;20453;3069;15.01
Nordeste;BA;39896;SÃO GABRIEL;16440;2467;15.01
Sul;RS;87424;PONTÃO;3373;506;15.0
Nordeste;RN;16128;TRIUNFO POTIGUAR;4239;636;15.0
Nordeste;PI;12114;SÃO RAIMUNDO NONATO;27458;4119;15.0
Sul;RS;86746;GENTIL;1673;251;15.0
Sul;RS;88854;SÃO MARTINHO;4808;721;15.0
Sudeste;RJ;58386;MACUCO;7132;1070;15.0
Sul;RS;85740;RIOZINHO;4370;655;14.99
Sul;RS;85367;TRÊS CACHOEIRAS;8189;1227;14.98
Norte;TO;73121;BOM JESUS DO TOCANTINS;3672;550;14.98
Nordeste;PI;12394;JATOBÁ DO PIAUÍ;6898;1033;14.98
Nordeste;CE;14656;MERUOCA;13277;1989;14.98
Nordeste;RN;16179;ANTÔNIO MARTINS;5912;885;14.97
Sul;SC;83291;SÃO JOSÉ DO CEDRO;10947;1638;14.96
Nordeste;PI;12491;PEDRO LAURENTINO;3276;490;14.96
Nordeste;CE;15415;SANTANA DO ACARAÚ;25778;3856;14.96
Nordeste;PB;19828;RIACHO DE SANTO ANTÔNIO;2834;424;14.96
Sul;RS;86908;LINDOLFO COLLOR;4683;700;14.95
Nordeste;PI;12190;TERESINA;592974;88646;14.95
Nordeste;PB;20672;LAGOA SECA;22056;3298;14.95
Sudeste;MG;50113;PIRACEMA;6032;902;14.95
Nordeste;PI;12726;NAZÁRIA;11555;1728;14.95
Nordeste;PE;23817;CARUARU;255270;38138;14.94
Sul;RS;85294;AUGUSTO PESTANA;5869;877;14.94
Sul;RS;86606;COQUEIROS DO SUL;2451;366;14.93
Sul;SC;81329;FREI ROGÉRIO;2251;336;14.93
Sul;RS;88463;DOM PEDRO DE ALCÂNTARA;2646;395;14.93
Nordeste;PI;10529;SÃO JOSÉ DO DIVINO;5071;757;14.93
Sul;SC;80560;RIQUEZA;3992;596;14.93
Nordeste;PI;12157;SIMPLÍCIO MENDES;10329;1542;14.93
Nordeste;PB;21814;SÃO JOÃO DO CARIRI;4578;683;14.92
Nordeste;SE;31895;NOSSA SENHORA DA GLÓRIA;30467;4539;14.9
Nordeste;PI;11274;MONSENHOR GIL;10476;1560;14.89
Nordeste;RN;16772;FRANCISCO DANTAS;2868;427;14.89
Nordeste;BA;35637;IBITITÁ;15648;2328;14.88
Nordeste;RN;16730;FELIPE GUERRA;7070;1052;14.88
Nordeste;CE;13285;PINDORETAMA;21261;3163;14.88
Nordeste;SE;31097;AREIA BRANCA;15286;2275;14.88
Sul;RS;86975;IBIAÇÁ;3988;593;14.87
Sul;SC;81280;BOCAINA DO SUL;3180;472;14.84
Nordeste;CE;15938;ICAPUÍ;17718;2629;14.84
Sul;RS;87190;JACUTINGA;2991;444;14.84
Nordeste;BA;39730;LAPÃO;22037;3270;14.84
Nordeste;SE;31313;CEDRO DE SÃO JOÃO;5345;792;14.82
Nordeste;CE;14117;IGUATU;71278;10562;14.82
Nordeste;AL;28770;SATUBA;15433;2286;14.81
Nordeste;SE;31518;GRACCHO CARDOSO;6449;955;14.81
Norte;AP;6157;SANTANA;85900;12723;14.81
Sul;SC;83097;SANTO AMARO DA IMPERATRIZ;20294;3005;14.81
Nordeste;PE;25992;TAQUARITINGA DO NORTE;22236;3292;14.8
Nordeste;PB;22179;SERRA REDONDA;6492;961;14.8
Nordeste;PI;10960;NOVA SANTA RITA;4142;613;14.8
Nordeste;CE;14532;LIMOEIRO DO NORTE;46944;6936;14.78
Nordeste;PI;10065;BOM PRINCÍPIO DO PIAUÍ;6778;1001;14.77
Norte;PA;4790;LIMOEIRO DO AJURU;22959;3388;14.76
Nordeste;PE;23027;LAGOA DO CARRO;15710;2318;14.75
Sul;RS;87580;SALVADOR DAS MISSÕES;2746;405;14.75
Nordeste;PE;26336;ITAPISSUMA;21440;3162;14.75
Sul;SC;80799;CAXAMBU DO SUL;4374;645;14.75
Nordeste;BA;38270;RIACHÃO DO JACUÍPE;27708;4086;14.75
Nordeste;PI;12580;CURRALINHOS;5297;781;14.74
Nordeste;PE;25399;SAIRÉ;11278;1661;14.73
Sul;RS;88331;SALVADOR DO SUL;5640;831;14.73
Nordeste;BA;35670;ICHU;6009;885;14.73
Sul;RS;89133;SEVERIANO DE ALMEIDA;3414;503;14.73
Sul;SC;80772;CATANDUVAS;8118;1196;14.73
Sul;RS;88080;VALE REAL;4872;717;14.72
Sul;RS;87360;PICADA CAFÉ;4533;667;14.71
Sul;SC;83313;SÃO JOSÉ DO CERRITO;7722;1136;14.71
Sul;RS;85960;CAMARGO;2637;388;14.71
Nordeste;MA;9296;SÍTIO NOVO;13984;2057;14.71
Sul;RS;87041;MATO LEITÃO;4115;605;14.7
Sul;SC;82872;RIO DO OESTE;6043;888;14.69
Sul;RS;87602;SANTA CLARA DO SUL;5711;839;14.69
Sul;RS;84875;QUINZE DE NOVEMBRO;3825;562;14.69
Nordeste;BA;38806;SÃO DOMINGOS;7986;1172;14.68
Sul;RS;85030;AJURICABA;5799;851;14.67
Sul;PR;78476;SANTA INÊS;1684;247;14.67
Nordeste;CE;13501;FORTIM;17196;2523;14.67
Nordeste;PB;19453;BOM JESUS;3055;448;14.66
Sul;RS;85014;AGUDO;12534;1837;14.66
Norte;TO;73580;BANDEIRANTES DO TOCANTINS;2799;410;14.65
Sul;SC;80292;ARMAZÉM;7195;1054;14.65
Nordeste;CE;13188;HORIZONTE;62776;9188;14.64
Nordeste;MA;8494;PAÇO DO LUMIAR;90287;13221;14.64
Sul;RS;89117;SERTÃO;5015;733;14.62
Sul;RS;87220;NOVA PÁDUA;2410;352;14.61
Nordeste;PB;19720;PARARI;2403;351;14.61
Nordeste;RN;17078;JARDIM DE ANGICOS;3156;461;14.61
Sul;RS;85154;ANTÔNIO PRADO;10712;1563;14.59
Sul;RS;84760;PROGRESSO;4932;719;14.58
Nordeste;SE;31372;CUMBE;4501;656;14.57
Sul;RS;86037;CHAPADA;7697;1121;14.56
Nordeste;CE;15997;PARAIPABA;27584;4016;14.56
Norte;RR;3042;AMAJARI;7631;1111;14.56
Sul;RS;85561;SALDANHA MARINHO;2529;368;14.55
Nordeste;RN;16195;APODI;30219;4398;14.55
Sul;PR;78336;SALGADO FILHO;3590;522;14.54
Sul;RS;86525;CARLOS GOMES;1396;203;14.54
Nordeste;PI;10685;DOM INOCÊNCIO;7564;1099;14.53
Sul;RS;88277;RONDINHA;4481;651;14.53
Norte;PA;4677;INHANGAPI;9354;1359;14.53
Sul;RS;89184;CORONEL PILAR;1569;228;14.53
Norte;AP;6076;MAZAGÃO;22212;3223;14.51
Sul;SC;83917;MARACAJÁ;6447;935;14.5
Sul;RS;85243;IPIRANGA DO SUL;2098;304;14.49
Nordeste;BA;38130;PRESIDENTE DUTRA;11979;1735;14.48
Sul;RS;86169;NOVA ALVORADA;2805;406;14.47
Sul;RS;87343;PASSO DO SOBRADO;5251;759;14.45
Nordeste;PE;26310;ABREU E LIMA;79387;11460;14.44
Sul;PR;78174;RIO AZUL;11268;1625;14.42
Nordeste;PB;21490;PUXINANÃ;12878;1857;14.42
Sul;SC;80543;PLANALTO ALEGRE;2907;419;14.41
Norte;TO;73180;SÃO MIGUEL DO TOCANTINS;9833;1417;14.41
Sudeste;MG;44598;DORES DE CAMPOS;8082;1165;14.41
Nordeste;PI;10146;CALDEIRÃO GRANDE DO PIAUÍ;5176;746;14.41
Sul;RS;86690;GARIBALDI;26403;3802;14.4
Nordeste;PI;10324;LAGOA ALEGRE;8599;1238;14.4
Sul;RS;86959;HUMAITÁ;4020;579;14.4
Nordeste;PI;12416;JUAZEIRO DO PIAUÍ;5440;783;14.39
Nordeste;PI;10340;LAGOA DO BARRO DO PIAUÍ;4646;668;14.38
Nordeste;PI;11851;SANTA LUZ;5273;758;14.38
Sul;RS;89206;CRUZALTENSE;1928;277;14.37
Norte;PA;4650;IGARAPÉ-MIRI;53657;7701;14.35
Sudeste;SP;62227;VITÓRIA BRASIL;1673;240;14.35
Nordeste;PI;12378;FRANCISCO MACEDO;2841;407;14.33
Nordeste;RN;18112;RIACHO DA CRUZ;2759;395;14.32
Nordeste;CE;15695;TIANGUÁ;59588;8531;14.32
Sul;SC;82899;RIO DOS CEDROS;8999;1286;14.29
Nordeste;PE;26077;TORITAMA;35207;5026;14.28
Norte;PA;5479;SÃO FRANCISCO DO PARÁ;15923;2274;14.28
Sul;SC;80802;ARVOREDO;2620;374;14.27
Sul;RS;86126;POÇO DAS ANTAS;2014;287;14.25
Nordeste;PI;10367;MARCOLÂNDIA;8736;1245;14.25
Nordeste;CE;14958;PACATUBA;57825;8229;14.23
Nordeste;RN;17094;JARDIM DE PIRANHAS;11100;1580;14.23
Sul;RS;98272;FORTALEZA DOS VALOS;3686;524;14.22
Sul;SC;83356;SÃO LUDGERO;9949;1415;14.22
Norte;TO;96970;APARECIDA DO RIO NEGRO;4670;664;14.22
Sul;RS;85669;TAQUARUÇU DO SUL;2822;401;14.21
Nordeste;PI;10766;CURRAIS;6287;893;14.2
Nordeste;CE;13196;AQUIRAZ;69632;9885;14.2
Norte;PA;4014;ABAETETUBA;123890;17568;14.18
Nordeste;PB;20311;GURJÃO;3193;452;14.16
Sul;PR;79790;NOVA SANTA ROSA;7055;998;14.15
Sul;RS;87610;NOVA BASSANO;7205;1018;14.13
Nordeste;PI;11878;SANTO ANTÔNIO DE LISBOA;6371;900;14.13
Sul;RS;86711;GAURAMA;5195;733;14.11
Nordeste;PI;10928;NOSSA SENHORA DE NAZARÉ;6117;863;14.11
Sul;RS;88749;VILA LÂNGARO;2175;307;14.11
Nordeste;PI;10359;BOCAINA;5573;785;14.09
Sul;SC;83690;TURVO;10409;1466;14.08
Nordeste;CE;15920;IBICUITINGA;12514;1762;14.08
Nordeste;RN;18252;SANTANA DO SERIDÓ;2635;371;14.08
Sul;RS;85197;ARROIO DO MEIO;17325;2438;14.07
Sul;RS;86622;CORONEL BARROS;2668;375;14.06
Nordeste;PB;21237;PEDRA LAVRADA;5944;836;14.06
Nordeste;RN;18457;SÃO JOSÉ DO SERIDÓ;4515;635;14.06
Sul;SC;83810;WITMARSUM;3494;491;14.05
Nordeste;RN;16853;GROSSOS;9557;1343;14.05
Sul;RS;84751;NOVA ROMA DO SUL;3182;447;14.05
Nordeste;CE;14257;ITAIÇABA;7213;1012;14.03
Nordeste;CE;13080;TURURU;15653;2195;14.02
Sul;RS;86304;AMETISTA DO SUL;6067;850;14.01
Sul;RS;86983;MARATÁ;2435;341;14.0
Sul;RS;88269;CHUVISCA;4354;609;13.99
Nordeste;BA;35017;DOM BASÍLIO;10634;1484;13.96
Sul;RS;85383;SÃO VENDELINO;2409;336;13.95
Sul;SC;83933;TIMBÉ DO SUL;4542;633;13.94
Sul;SC;81930;LEOBERTO LEAL;3293;459;13.94
Sul;SC;80420;BRAÇO DO TROMBUDO;3307;461;13.94
Sul;SC;80586;LAJEADO GRANDE;1593;222;13.94
Sul;SC;82856;RIO DO CAMPO;5436;757;13.93
Nordeste;RN;16020;SERRA DO MEL;13225;1842;13.93
Sul;SC;82155;MONDAÍ;7441;1036;13.92
Sul;SC;80136;ALFREDO WAGNER;8139;1132;13.91
Nordeste;RN;18350;SÃO FERNANDO;3720;517;13.9
Nordeste;RN;18830;TIMBAÚBA DOS BATISTAS;2748;382;13.9
Nordeste;CE;98531;QUIXELÔ;14956;2077;13.89
Sul;SC;81647;PRINCESA;2564;356;13.88
Norte;TO;96199;TOCANTÍNIA;5453;757;13.88
Nordeste;PI;12181;CURRAL NOVO DO PIAUÍ;5409;750;13.87
Sul;RS;88765;SENADOR SALGADO FILHO;2669;370;13.86
Sul;RS;86886;LAGOA DOS TRÊS CANTOS;1717;238;13.86
Sul;SC;80365;MIRIM DOCE;2265;314;13.86
Sul;RS;89460;SÃO JOSÉ DO SUL;2065;286;13.85
Nordeste;PB;19801;CATURITÉ;5518;763;13.83
Nordeste;PI;10073;ALTOS;37002;5118;13.83
Nordeste;PI;10650;DEMERVAL LOBÃO;13788;1905;13.82
Sul;SC;82970;RODEIO;9464;1307;13.81
Norte;TO;96792;RIO SONO;4294;593;13.81
Sul;RS;85936;CARLOS BARBOSA;23696;3270;13.8
Nordeste;SE;31577;ITABAIANA;76645;10580;13.8
Nordeste;CE;13854;CRATO;95932;13236;13.8
Nordeste;CE;15911;FORQUILHA;19740;2723;13.79
Nordeste;CE;13439;BEBERIBE;46979;6478;13.79
Nordeste;MA;7838;GODOFREDO VIANA;7329;1010;13.78
Nordeste;PE;24155;FREI MIGUELINHO;12929;1782;13.78
Sul;RS;89346;PAULO BENTO;2280;314;13.77
Nordeste;PI;12122;BETÂNIA DO PIAUÍ;5865;807;13.76
Nordeste;PI;11258;MIGUEL LEÃO;1890;260;13.76
Nordeste;PI;12688;CAXINGÓ;5777;795;13.76
Sul;RS;86061;VILA FLORES;3442;473;13.74
Sul;RS;85758;CAMPINAS DO SUL;4618;634;13.73
Nordeste;PI;11096;JOSÉ DE FREITAS;35332;4847;13.72
Nordeste;PB;19240;CARAÚBAS;4534;622;13.72
Nordeste;CE;13161;CHOROZINHO;18301;2511;13.72
Nordeste;PB;19810;CAMPINA GRANDE;305258;41838;13.71
Sul;SC;80519;BOTUVERÁ;4908;673;13.71
Nordeste;PE;26239;VERTENTES;16698;2290;13.71
Nordeste;CE;13730;CAUCAIA;249622;34206;13.7
Sul;SC;81183;SÃO PEDRO DE ALCÂNTARA;4795;657;13.7
Sul;RS;98230;BOM PRINCÍPIO;10683;1459;13.66
Nordeste;PE;25496;SANTA CRUZ DO CAPIBARIBE;66108;9022;13.65
Nordeste;CE;13129;BARREIRA;19586;2671;13.64
Sul;SC;81361;IOMERÊ;2888;394;13.64
Sul;RS;89222;FORQUETINHA;2588;353;13.64
Nordeste;PI;10103;BURITI DOS MONTES;6972;950;13.63
Nordeste;PI;10707;CAPITÃO GERVÁSIO OLIVEIRA;4054;552;13.62
Norte;RR;3115;NORMANDIA;9686;1319;13.62
Nordeste;PB;21130;OURO VELHO;3098;422;13.62
Sul;PR;74560;MERCEDES;4929;671;13.61
Nordeste;CE;15571;SENADOR SÁ;7038;958;13.61
Sul;SC;83852;XAVANTINA;3388;461;13.61
Sul;SC;83437;SCHROEDER;14004;1906;13.61
Nordeste;PB;19631;CABACEIRAS;5237;712;13.6
Nordeste;BA;39594;VALENTE;20175;2744;13.6
Sul;SC;80870;CORUPÁ;11990;1629;13.59
Sul;RS;85430;BOA VISTA DO BURICÁ;5645;767;13.59
Norte;RR;3000;CAROEBE;7649;1037;13.56
Nordeste;PB;19356;BARRA DE SÃO MIGUEL;6048;820;13.56
Nordeste;PB;19283;SOSSÊGO;3672;498;13.56
Nordeste;CE;14290;ITAPIPOCA;103228;13985;13.55
Nordeste;PI;10545;SIGEFREDO PACHECO;9278;1256;13.54
Nordeste;PI;10480;SANTANA DO PIAUÍ;4214;570;13.53
Nordeste;CE;14370;JAGUARIBARA;8993;1215;13.51
Norte;PA;4375;BUJARU;21846;2947;13.49
Sul;PR;77615;PIÊN;10850;1461;13.47
Sul;RS;89575;VERA CRUZ;19445;2620;13.47
Nordeste;PI;10057;ALTO LONGÁ;12857;1728;13.44
Nordeste;CE;14613;MASSAPÊ;31825;4276;13.44
Sul;SC;83771;VIDAL RAMOS;5308;713;13.43
Nordeste;PB;19763;ALCANTIL;5001;670;13.4
Nordeste;CE;13145;ACARAPE;12546;1678;13.37
Nordeste;RN;17370;LUCRÉCIA;3467;463;13.35
Nordeste;MA;7498;CÂNDIDO MENDES;14853;1981;13.34
Sul;RS;89109;CANUDOS DO VALE;1944;259;13.32
Nordeste;PI;12319;ALAGOINHA DO PIAUÍ;6145;818;13.31
Nordeste;PI;10243;CORONEL JOSÉ DIAS;5395;716;13.27
Sul;SC;80233;ANTÔNIO CARLOS;9356;1240;13.25
Sul;SC;80918;CUNHA PORÃ;8864;1173;13.23
Nordeste;CE;13242;GUAIÚBA;20884;2759;13.21
Sul;RS;87742;SÃO JOSÉ DO INHACORÁ;2244;296;13.19
Nordeste;CE;13480;ITAITINGA;38235;5040;13.18
Sul;SC;81230;GUABIRUBA;17162;2261;13.17
Norte;RR;3107;UIRAMUTÃ;9128;1202;13.17
Nordeste;SE;31437;FEIRA NOVA;6299;829;13.16
Sul;SC;80489;ARABUTÃ;3907;514;13.16
Nordeste;PB;22438;VÁRZEA;2845;374;13.15
Nordeste;CE;13048;PIRES FERREIRA;8610;1131;13.14
Sul;SC;81043;CORDILHEIRA ALTA;4131;542;13.12
Sul;SC;81256;GUARACIABA;8880;1165;13.12
Nordeste;BA;33553;BARRA DA ESTIVA;21065;2761;13.11
Sul;SC;81493;IPIRA;3857;505;13.09
Norte;PA;4413;CAMETÁ;106190;13897;13.09
Sul;RS;85723;TUPANDI;4296;562;13.08
Sul;SC;81698;JABORÁ;3843;501;13.04
Sul;SC;83615;TREZE DE MAIO;6518;849;13.03
Nordeste;PE;25330;RIACHO DAS ALMAS;20962;2731;13.03
Nordeste;CE;13897;FORTALEZA;1795713;233859;13.02
Sul;RS;89524;WESTFALIA;2689;350;13.02
Sul;SC;81086;MORRO GRANDE;2721;354;13.01
Sul;SC;80187;IRACEMINHA;3717;483;12.99
Nordeste;PB;20001;SANTA CECÍLIA;7090;920;12.98
Sul;RS;87831;PARAÍ;5977;772;12.92
Sul;SC;80110;ÁGUAS MORNAS;6493;839;12.92
Sul;RS;87149;MORRO REUTER;5415;698;12.89
Sul;RS;86401;BARRA FUNDA;2716;350;12.89
Sul;RS;88609;UBIRETAMA;1894;244;12.88
Nordeste;CE;14559;MARANGUAPE;83544;10710;12.82
Sul;RS;88617;SANTO CRISTO;12562;1610;12.82
Nordeste;PI;12718;PAU D ARCO DO PIAUÍ;5401;690;12.78
Nordeste;CE;13234;ARACOIABA;24943;3179;12.75
Nordeste;PI;11592;PICOS;54212;6905;12.74
Nordeste;CE;13269;POTIRETAMA;5834;743;12.74
Sul;SC;82139;MODELO;3479;443;12.73
Sul;RS;85324;SÃO JOSÉ DO HORTÊNCIO;3728;474;12.71
Sul;RS;87173;IVOTI;17002;2158;12.69
Sul;SC;81167;ERMO;2711;343;12.65
Sul;SC;80357;ATALANTA;2919;369;12.64
Sul;RS;86223;BARÃO;5073;641;12.64
Nordeste;PI;12513;SUSSUAPARA;6735;848;12.59
Nordeste;PI;12505;SÃO FRANCISCO DE ASSIS DO PIAUÍ;4780;602;12.59
Nordeste;PI;12424;LAGOA DO PIAUÍ;5239;659;12.58
Sul;SC;81973;LUIZ ALVES;10211;1284;12.57
Nordeste;CE;14931;PACAJUS;54458;6848;12.57
Sul;SC;80179;ANGELINA;5017;627;12.5
Sul;SC;81450;IMBUIA;5201;649;12.48
Sul;SC;81469;BOM JESUS DO OESTE;1876;234;12.47
Sul;SC;80721;SANTA HELENA;2208;275;12.45
Sul;SC;83925;PESCARIA BRAVA;8428;1045;12.4
Nordeste;CE;15857;MARACANAÚ;179488;22238;12.39
Sul;RS;84735;ÁUREA;3213;397;12.36
Nordeste;PB;19941;BOA VISTA;6123;754;12.31
Sul;SC;82112;MELEIRO;5868;722;12.3
Sul;SC;81140;JARDINÓPOLIS;1699;209;12.3
Sul;SC;80322;NOVA ITABERABA;3921;479;12.22
Nordeste;PI;12351;CAMPO ALEGRE DO FIDALGO;4536;554;12.21
Sul;RS;85189;HARMONIA;4102;500;12.19
Sul;SC;81817;LACERDÓPOLIS;1979;241;12.18
Sul;RS;87505;PRESIDENTE LUCENA;2670;324;12.13
Sul;SC;83070;SANTA ROSA DE LIMA;2019;245;12.13
Nordeste;PI;10782;GEMINIANO;6469;781;12.07
Sul;SC;83410;SAUDADES;7589;915;12.06
Sul;RS;86541;CENTENÁRIO;2650;319;12.04
Sul;RS;89028;ARROIO DO PADRE;2775;334;12.04
Sul;SC;81191;GRÃO-PARÁ;5610;675;12.03
Nordeste;PI;11819;SANTA CRUZ DO PIAUÍ;5902;710;12.03
Sul;RS;87661;SANTO ANTÔNIO DO PLANALTO;2163;260;12.02
Nordeste;PI;10944;PAQUETÁ;4173;501;12.01
Sul;RS;87807;SÃO PEDRO DA SERRA;3188;383;12.01
Sul;RS;87980;TRAVESSEIRO;1983;238;12.0
Sul;SC;82490;PETROLÂNDIA;5523;662;11.99
Sul;RS;84794;SÃO JORGE;2437;292;11.98
Sul;SC;80500;ÁGUAS FRIAS;2566;307;11.96
Sul;PR;74683;QUATRO PONTES;4065;485;11.93
Sul;SC;80640;SÃO JOÃO DO OESTE;5102;608;11.92
Sul;SC;80284;SERRA ALTA;2818;336;11.92
Sul;SC;80373;AURORA;5541;660;11.91
Nordeste;PI;10677;DOM EXPEDITO LOPES;6542;779;11.91
Sul;SC;80055;AGRONÔMICA;4554;535;11.75
Nordeste;PB;21075;NOVA PALMEIRA;3681;429;11.65
Sul;SC;81809;LUZERNA;4829;562;11.64
Nordeste;CE;13307;OCARA;25191;2933;11.64
Sul;SC;82732;PRESIDENTE CASTELLO BRANCO;1670;194;11.62
Sul;SC;81620;CUNHATAÍ;1868;216;11.56
Sul;RS;85839;CÂNDIDO GODÓI;5545;641;11.56
Sul;SC;81876;LAURENTINO;6020;693;11.51
Sul;SC;81701;CHAPADÃO DO LAGEADO;2708;311;11.48
Nordeste;PI;12068;SEBASTIÃO LEAL;4234;483;11.41
Nordeste;MA;7080;AMAPÁ DO MARANHÃO;4953;565;11.41
Sul;SC;80446;SUL BRASIL;2414;275;11.39
Sul;RS;87203;NOVA BOA VISTA;2028;231;11.39
Sul;SC;82473;PERITIBA;2879;325;11.29
Sul;RS;87440;PONTE PRETA;1828;204;11.16
Sul;SC;83372;SÃO MARTINHO;3230;359;11.11
Nordeste;PI;12564;WALL FERRAZ;4305;477;11.08
Sul;SC;83682;TUNÁPOLIS;4043;447;11.06
Nordeste;PI;10189;COIVARAS;5672;624;11.0
Sul;RS;86207;SANTA MARIA DO HERVAL;5271;571;10.83
Sul;RS;88226;NOVA CANDELÁRIA;2588;270;10.43
Sul;RS;86380;BARRA DO RIO AZUL;1751;182;10.39
Nordeste;PI;12548;VILA NOVA DO PIAUÍ;3001;307;10.23
Nordeste;PI;12335;BELÉM DO PIAUÍ;3328;338;10.16
Nordeste;PI;12327;ACAUÃ;6390;643;10.06
Nordeste;PI;12734;AROEIRAS DO ITAIM;4352;424;9.74
Nordeste;PB;21954;SÃO JOSÉ DO SABUGI;4227;400;9.46
Nordeste;PI;10286;JACOBINA DO PIAUÍ;5231;467;8.93
Sul;SC;82937;RIO FORTUNA;4372;388;8.87
Nordeste;PI;10626;BELA VISTA DO PIAUÍ;3462;253;7.31
Exterior;ZZ;38881;BELMOPAN;13;0;0.0
Exterior;ZZ;38920;COTONOU;8;0;0.0
Exterior;ZZ;39187;BRAZZAVILLE;2;0;0.0
Exterior;ZZ;38903;CONACRI;5;0;0.0
Exterior;ZZ;39225;SÃO TOMÉ;18;0;0.0
Exterior;ZZ;39263;MALABO;5;0;0.0
Exterior;ZZ;99325;ADIS ABEBA;3;0;0.0
Exterior;ZZ;30988;SARAJEVO;11;0;0.0
Exterior;ZZ;39241;ASTANA;13;0;0.0
Exterior;ZZ;39128;BAKU;5;0;0.0
Exterior;ZZ;30929;COLOMBO;12;0;0.0
Exterior;ZZ;30669;GABORONE;10;0;0.0
Exterior;ZZ;29963;LOMÉ;7;0;0.0
Exterior;ZZ;99341;LILONGUE;6;0;0.0
Exterior;ZZ;29939;LIBREVILLE;18;0;0.0
Exterior;ZZ;39284;UAGADUGU;6;0;0.0
Exterior;ZZ;99350;BAMAKO;5;0;0.0
Exterior;ZZ;99376;YANGON;6;0;0.0
Exterior;ZZ;99287;LUSACA;25;0;0.0
Exterior;ZZ;99384;CASTRIES;7;0;0.0
Exterior;ZZ;99279;SANTA ELENA DE UAIRÉN;1;0;0.0
Exterior;ZZ;99333;ST GEORGES DE LOYAPOCK;10;0;0.0
Exterior;ZZ;99244;RIVERA;19;0;0.0
Exterior;ZZ;99295;PYONGYANG;1;0;0.0
Exterior;ZZ;99236;PUERTO QUIJARRO;8;0;0.0
Exterior;ZZ;99210;COBIJA;1;0;0.0
Exterior;ZZ;99198;ABUJA;3;0;0.0
Exterior;ZZ;29424;BRIDGETOWN;22;0;0.0
Exterior;ZZ;99171;BAGDÁ;10;0;0.0
Exterior;ZZ;38989;IEREVAN;13;0;0.0
Exterior;ZZ;29521;CHUY;27;0;0.0
Exterior;ZZ;29629;DACCA;1;0;0.0
Exterior;ZZ;99139;TIRANA;9;0;0.0
Exterior;ZZ;29769;HARARE;7;0;0.0
Exterior;ZZ;29815;IAUNDÊ;14;0;0.0
Exterior;ZZ;29823;IQUITOS;17;0;0.0
Exterior;ZZ;99104;TBILISI;29;0;0.0
Exterior;ZZ;29831;ISLAMABADE;18;0;0.0
Exterior;ZZ;29874;KINSHASA;27;0;0.0
Exterior;ZZ;99147;SAINT JOHNS;1;0;0.0
