SG_UF;CD_MUNICIPIO;NM_MUNICIPIO;NR_ZONA;QT_APTOS;QT_ABSTENCOES;PCT_ABST
ZZ;29564;CIUDAD GUAYANA;1;72;72;100.0
ZZ;30686;TRÍPOLI;1;30;28;93.33
ZZ;30805;WELLINGTON;1;3118;2779;89.13
ZZ;30295;PASO LOS LIBRES;1;41;36;87.8
ZZ;30333;PORTO PRÍNCIPE;1;33;28;84.85
ZZ;29637;DAMASCO;1;775;657;84.77
ZZ;99503;EDIMBURGO;1;4447;3753;84.39
ZZ;29840;JACARTA;1;172;141;81.98
ZZ;99430;KINGSTON-JAMAICA;1;103;84;81.55
ZZ;30171;MUMBAI;1;55;44;80.0
ZZ;30619;TEL AVIV;1;3442;2712;78.79
ZZ;30902;HARTFORD;1;9181;7230;78.75
ZZ;30325;PORT OF SPAIN;1;87;68;78.16
ZZ;29513;CHICAGO;1;12452;9673;77.68
ZZ;30651;CANTÃO;1;419;320;76.37
ZZ;30503;SÃO FRANCISCO;1;15492;11596;74.85
ZZ;29980;LOS ANGELES;1;18262;13653;74.76
ZZ;30228;NOVA YORK;1;38953;28819;73.98
ZZ;29505;CARACAS;1;994;730;73.44
ZZ;30783;WASHINGTON;1;18146;13310;73.35
ZZ;30848;XANGAI;1;739;542;73.34
ZZ;30422;RIADE;1;311;227;72.99
ZZ;29807;HOUSTON;1;16438;11938;72.62
ZZ;30082;MANILA;1;229;166;72.49
ZZ;99180;NASSAU;1;69;50;72.46
ZZ;30066;MADRI;1;23464;16631;70.88
ZZ;29718;GEORGETOWN;1;178;125;70.22
ZZ;29351;BARCELONA;1;17254;12069;69.95
ZZ;29270;ACCRA;1;43;30;69.77
ZZ;30120;MILÃO;1;24594;17139;69.69
ZZ;30112;MIAMI;1;40053;27775;69.35
ZZ;29416;BOSTON;1;53358;36968;69.28
ZZ;39080;ATLANTA;1;16301;11279;69.19
ZZ;30449;ROMA;1;14153;9537;67.39
ZZ;99511;MARSELHA;1;2660;1785;67.11
ZZ;29343;BANGKOK;1;310;208;67.1
ZZ;30104;MEXICO;1;3958;2643;66.78
ZZ;30961;FARO;1;8271;5510;66.62
ZZ;30163;MOSCOU;1;252;167;66.27
ZZ;29483;CAIRO;1;203;134;66.01
ZZ;99490;ORLANDO;1;26386;17392;65.91
ZZ;30392;QUITO;1;993;650;65.46
ZZ;30821;WINDHOEK;1;37;24;64.86
ZZ;29858;KIEV;1;65;42;64.62
ZZ;30210;NOVA DELHI;1;141;91;64.54
ZZ;99155;PUERTO IGUAZÚ;1;62;40;64.52
ZZ;29955;LISBOA;1;78607;49964;63.56
ZZ;30198;NAGÓIA;1;44536;28219;63.36
ZZ;29475;CAIENA;1;3117;1965;63.04
ZZ;29408;BOGOTÁ;1;1499;943;62.91
ZZ;30570;TAIPÉ;1;622;391;62.86
ZZ;29998;LUANDA;1;716;446;62.29
ZZ;39020;ZAGREB;1;136;84;61.76
ZZ;30600;TEGUCIGALPA;1;152;93;61.18
ZZ;30740;VARSÓVIA;1;748;457;61.1
ZZ;29750;HANÓI;1;82;50;60.98
ZZ;30287;PARIS;1;26957;16417;60.9
ZZ;30279;PARAMARIBO;1;1430;870;60.84
ZZ;39102;MASCATE;1;97;59;60.82
ZZ;39306;ISTAMBUL;1;327;198;60.55
ZZ;29971;LONDRES;1;37448;22651;60.49
ZZ;29793;HONG KONG;1;668;404;60.48
ZZ;30430;RIO BRANCO;1;58;35;60.34
ZZ;30864;ZURIQUE;1;15099;9098;60.26
ZZ;30317;PEQUIM;1;342;206;60.23
ZZ;30406;RABAT;1;117;70;59.83
ZZ;29912;LAGOS;1;82;49;59.76
ZZ;30376;PRETÓRIA;1;657;392;59.67
ZZ;30180;MUNIQUE;1;13374;7951;59.45
ZZ;30562;SYDNEY;1;14031;8337;59.42
ZZ;29173;KATMANDU;1;32;19;59.38
ZZ;30090;MAPUTO;1;557;329;59.07
ZZ;29602;CÓRDOBA;1;918;542;59.04
ZZ;30244;OSLO;1;2185;1276;58.4
ZZ;29378;BELGRADO;1;115;67;58.26
ZZ;29335;ATENAS;1;1211;703;58.05
ZZ;30201;NAIRÓBI;1;112;65;58.04
ZZ;29394;BISSAU;1;88;51;57.95
ZZ;29548;SINGAPURA;1;864;500;57.87
ZZ;98000;GUATEMALA;1;284;164;57.75
ZZ;39322;NICOSIA;1;137;79;57.66
ZZ;30341;PORTO;1;47496;27217;57.3
ZZ;30635;TORONTO;1;20953;11954;57.05
ZZ;29491;CAMBERRA;1;6243;3538;56.67
ZZ;29696;FRANKFURT;1;12961;7342;56.65
ZZ;29777;HAVANA;1;92;52;56.52
ZZ;29700;GENEBRA;1;11883;6646;55.93
ZZ;30627;TÓQUIO;1;30028;16636;55.4
ZZ;29572;COCHABAMBA;1;412;225;54.61
ZZ;29360;BEIRUTE;1;8919;4822;54.06
ZZ;29580;CONCEPCIÓN;1;78;42;53.85
ZZ;29467;BUENOS AIRES;1;11748;6313;53.74
ZZ;30538;SEUL;1;485;259;53.4
ZZ;29262;ABU DHABI;1;2988;1592;53.28
ZZ;30708;TUNIS;1;47;25;53.19
ZZ;29947;LIMA;1;1616;856;52.97
ZZ;38962;DAR ES SALAAM;1;34;18;52.94
ZZ;39209;BRATISLAVA;1;129;68;52.71
ZZ;30490;SÃO DOMINGOS;1;415;218;52.53
ZZ;29440;BUCARESTE;1;130;68;52.31
ZZ;29530;CIDADE DO CABO;1;355;185;52.11
ZZ;29653;DOHA;1;758;394;51.98
ZZ;29297;ANCARA;1;77;40;51.95
ZZ;29254;ABIDJÃ;1;91;47;51.65
ZZ;30260;PANAMA;1;1399;722;51.61
ZZ;30767;VIENA;1;3134;1612;51.44
ZZ;29890;KUALA LUMPUR;1;170;87;51.18
ZZ;39063;VANCOUVER;1;12082;6170;51.07
ZZ;39004;MENDOZA;1;235;119;50.64
ZZ;30309;PEDRO JUAN CABALLERO;1;650;327;50.31
ZZ;30546;SÓFIA;1;98;49;50.0
ZZ;29661;DUBLIN;1;16720;8303;49.66
ZZ;29742;HAMAMATSU;1;13729;6811;49.61
ZZ;29432;BRUXELAS;1;10073;4982;49.46
ZZ;30457;AMSTERDÃ;1;12752;6302;49.42
ZZ;30368;PRAIA;1;146;72;49.32
ZZ;29556;CIUDAD DEL ESTE;1;5094;2508;49.23
ZZ;30520;SÃO SALVADOR;1;161;77;47.83
ZZ;29327;ASSUNÇÃO;1;2205;1054;47.8
ZZ;30511;SÃO JOSÉ;1;714;338;47.34
ZZ;29645;DÍLI;1;89;42;47.19
ZZ;29670;ENCARNACIÓN;1;281;132;46.98
ZZ;30473;SANTA CRUZ DE LA SIERRA;1;2765;1292;46.73
ZZ;29599;COPENHAGUE;1;2856;1334;46.71
ZZ;29688;ESTOCOLMO;1;4866;2259;46.42
ZZ;29386;BERLIM;1;15066;6862;45.55
ZZ;30147;MONTEVIDÉU;1;2448;1105;45.14
ZZ;30597;TEERÃ;1;45;20;44.44
ZZ;30155;MONTREAL;1;10953;4852;44.3
ZZ;29882;KUAITE;1;138;61;44.2
ZZ;29289;AMÃ;1;1489;656;44.06
ZZ;30074;MANÁGUA;1;134;59;44.03
ZZ;29785;HELSINQUE;1;1278;560;43.82
ZZ;30414;RAMALLAH;1;2135;933;43.7
ZZ;29459;BUDAPESTE;1;810;339;41.85
ZZ;30481;SANTIAGO;1;3551;1482;41.73
ZZ;30350;PRAGA;1;690;279;40.43
ZZ;30465;SALTO DEL GUAIRÁ;1;899;362;40.27
MG;51195;RIO VERMELHO;294;10175;4079;40.09
ZZ;29904;LA PAZ;1;418;167;39.95
MG;52035;SANTO ANTÔNIO DO ITAMBÉ;262;3863;1528;39.55
ZZ;29610;DACAR;1;132;52;39.39
ZZ;30252;OTTAWA;1;2357;923;39.16
MG;53295;SERRA AZUL DE MINAS;294;3725;1442;38.71
ZZ;99317;TALIN;1;320;123;38.44
MG;51632;SANTA MARIA DO SUAÇUÍ;247;12134;4577;37.72
MG;43214;CHAPADA DO NORTE;177;9254;3447;37.25
GO;92231;ANHANGÜERA;8;1738;645;37.11
MG;42285;JENIPAPO DE MINAS;177;6076;2253;37.08
ZZ;29319;ARTIGAS;1;611;226;36.99
AM;2097;BARCELOS;18;12648;4642;36.7
MG;49050;NOVO CRUZEIRO;196;24963;9102;36.46
ZZ;39160;LIUBLIANA;1;162;59;36.42
MG;48119;MATERLÂNDIA;242;4509;1638;36.33
MG;41831;BUENÓPOLIS;54;8547;3088;36.13
MG;45292;FRANCISCO BADARÓ;177;7239;2615;36.12
MG;42080;FRUTA DE LEITE;244;5143;1857;36.11
MG;52892;SÃO SEBASTIÃO DO MARANHÃO;247;8934;3200;35.82
MG;41262;PADRE CARVALHO;244;5095;1819;35.7
MG;48496;MONJOLOS;101;2627;932;35.48
MS;90875;INOCÊNCIA;23;7251;2570;35.44
ZZ;29300;ARGEL;1;48;17;35.42
MG;48356;MINAS NOVAS;177;22788;8015;35.17
MG;51357;SABINÓPOLIS;242;12417;4298;34.61
MG;52116;SANTO HIPÓLITO;95;3387;1171;34.57
MS;55000;NOVA ALVORADA DO SUL;11;16244;5589;34.41
MG;45071;FELÍCIO DOS SANTOS;294;5047;1729;34.26
MG;40096;AÇUCENA;3;8227;2815;34.22
MG;53171;SENADOR MODESTINO GONÇALVES;135;4784;1636;34.2
MG;41068;MIRAVÂNIA;166;4128;1400;33.91
MG;47392;LADAINHA;270;12287;4163;33.88
MS;91863;SANTA RITA DO PARDO;41;5541;1870;33.75
MG;40509;NOVO ORIENTE DE MINAS;269;9100;3068;33.71
MG;51519;SANTA FÉ DE MINAS;285;3706;1249;33.7
MS;91847;PARANHOS;1;9433;3176;33.67
MG;52833;SÃO ROMÃO;285;7275;2449;33.66
MS;90034;ÁGUA CLARA;23;13465;4509;33.49
MG;51292;RUBELITA;244;7524;2517;33.45
MS;98159;TACURU;33;7003;2340;33.41
MG;53414;SERRO;262;17103;5707;33.37
MG;40924;JOSENÓPOLIS;120;3576;1193;33.36
MG;41084;MONTE FORMOSO;149;4603;1534;33.33
MS;91375;PORTO MURTINHO;20;8647;2879;33.29
MG;42323;JOSÉ RAYDAN;247;4368;1449;33.17
MG;42404;SETUBINHA;165;9306;3087;33.17
MG;41297;BERILO;177;8995;2975;33.07
PB;19488;MATO GROSSO;36;3319;1090;32.84
SP;62006;ILHA COMPRIDA;51;13297;4355;32.75
PE;30015;FERNANDO DE NORONHA;4;3657;1194;32.65
MG;50636;PRESIDENTE JUSCELINO;100;4089;1335;32.65
MG;48836;NACIP RAYDAN;212;2825;922;32.64
MG;50156;PIRANGA;217;14052;4576;32.56
MG;40479;ALVORADA DE MINAS;262;4946;1610;32.55
MG;52094;SANTO ANTÔNIO DO RIO ABAIXO;83;2393;779;32.55
MG;49670;PAULISTAS;242;4222;1368;32.4
MG;43257;CIPOTÂNEA;11;5815;1883;32.38
MG;54330;VIRGEM DA LAPA;15;10159;3276;32.25
GO;96113;SÍTIO D ABADIA;123;3498;1128;32.25
MG;48330;MESQUITA;176;5447;1755;32.22
MG;47112;JEQUITAÍ;310;6548;2100;32.07
MG;49735;PEDRA AZUL;213;18355;5883;32.05
MG;51616;SANTA MARIA DO SALTO;144;4598;1472;32.01
MG;45594;GUANHÃES;121;25045;8013;31.99
MG;40118;ÁGUA BOA;67;11836;3786;31.99
MG;47155;JEQUITINHONHA;149;18092;5773;31.91
MG;46531;ITAMBACURI;136;18385;5865;31.9
RJ;60011;RIO DE JANEIRO;5;117499;37425;31.85
MG;40223;FRANCISCÓPOLIS;165;5005;1591;31.79
MG;52957;SÃO SEBASTIÃO DO RIO PRETO;113;2043;649;31.77
AM;2291;EIRUNEPÉ;11;22838;7244;31.72
MG;53210;SENHORA DO PORTO;121;3323;1054;31.72
MS;90450;BRASILÂNDIA;41;9576;3037;31.71
RS;85804;CIDREIRA;110;12724;4035;31.71
MG;52051;SANTO ANTÔNIO DO JACINTO;144;9461;2999;31.7
MT;90964;NOVA NAZARÉ;30;3521;1116;31.7
SP;62073;BARRA DO TURVO;228;6314;1993;31.56
MG;42595;CARAÍ;196;15521;4882;31.45
MT;90921;SERRA NOVA DOURADA;53;1725;542;31.42
MG;45110;FELISBURGO;149;5960;1872;31.41
AM;2453;JAPURÁ;48;5709;1793;31.41
MG;47830;MALACACHETA;165;15507;4871;31.41
MG;41750;BRAÚNAS;176;4386;1377;31.4
SP;61166;ROSANA;330;14263;4475;31.37
MG;47198;JOAÍMA;149;11145;3495;31.36
MG;45551;GRÃO MOGOL;120;12003;3761;31.33
MG;42730;CARLOS CHAGAS;73;16296;5106;31.33
MG;40525;PALMÓPOLIS;9;6338;1981;31.26
MG;41807;CAMPO AZUL;50;4494;1404;31.24
MG;49255;PADRE PARAÍSO;15;14207;4433;31.2
MG;47279;JOAQUIM FELÍCIO;54;3756;1172;31.2
MT;90271;ARIPUANÃ;11;17103;5335;31.19
MG;46930;JACINTO;144;9221;2871;31.14
MS;91413;RIBAS DO RIO PARDO;32;16370;5087;31.08
MG;44350;DIONÍSIO;251;6910;2138;30.94
AM;2496;JUTAÍ;41;15903;4919;30.93
MT;90247;SÃO JOSÉ DO XINGU;28;5340;1649;30.88
MG;49999;PESCADOR;136;3581;1104;30.83
MG;46450;ITAIPÉ;196;9564;2945;30.79
MG;40584;PONTO DOS VOLANTES;175;9457;2912;30.79
MG;41408;PONTO CHIQUE;218;3901;1201;30.79
MS;98078;ITAQUIRAÍ;25;14628;4499;30.76
SP;67237;MONGAGUÁ;189;50491;15501;30.7
MG;41386;PINTÓPOLIS;285;6546;2009;30.69
BA;38393;RIO DO PIRES;111;11178;3424;30.63
MG;52477;SÃO JOÃO DA PONTE;255;22992;7037;30.61
MS;90115;AMAMBAI;1;27203;8323;30.6
MG;40932;ATALÉIA;270;11033;3375;30.59
MG;40959;AUGUSTO DE LIMA;54;4467;1366;30.58
MG;44679;DORESÓPOLIS;220;2217;678;30.58
BA;39772;MANSIDÃO;97;10491;3203;30.53
MG;40193;ÁGUAS VERMELHAS;213;10868;3309;30.45
MT;90867;NOVA LACERDA;61;4972;1514;30.45
BA;35297;GONGOGI;73;5380;1638;30.45
MG;42293;CAMPOS ALTOS;327;10084;3068;30.42
MT;98671;COCALINHO;30;5454;1657;30.38
MG;41963;CRISÓLITA;4;4714;1432;30.38
MG;43354;COLUNA;257;6936;2102;30.31
RS;88927;BALNEÁRIO PINHAL;110;11040;3342;30.27
MG;40673;ARAÇUAÍ;15;28297;8562;30.26
MG;46418;ITACARAMBI;148;14164;4286;30.26
MG;45179;FERROS;113;8590;2596;30.22
MG;54372;VIRGINÓPOLIS;283;8530;2577;30.21
MG;45918;IBIAÍ;94;6806;2056;30.21
MT;91839;SÃO FÉLIX DO ARAGUAIA;15;8490;2562;30.18
RJ;60011;RIO DE JANEIRO;17;110622;33386;30.18
SP;61085;IARAS;205;4414;1328;30.09
MG;41823;CANTAGALO;257;3858;1159;30.04
MG;45098;SÃO GONÇALO DO RIO PRETO;101;3128;938;29.99
MG;43397;COMERCINHO;175;6685;2004;29.98
MG;43818;CORINTO;95;19765;5923;29.97
MG;43613;CONGONHAS DO NORTE;83;4429;1327;29.96
SP;61450;ANHEMBI;41;5471;1638;29.94
GO;92860;GUARINOS;39;3062;916;29.92
MG;48852;NANUQUE;190;29314;8768;29.91
MG;42200;IBIRACATU;255;5860;1752;29.9
GO;95354;PILAR DE GOIÁS;39;3938;1177;29.89
MS;91731;ELDORADO;25;8988;2686;29.88
SP;61204;ILHA SOLTEIRA;368;20245;6048;29.87
BA;36277;ITAPEBI;188;8383;2502;29.85
AM;2372;SANTA ISABEL DO RIO NEGRO;30;9379;2799;29.84
SP;70114;SANDOVALINA;261;4876;1455;29.84
MG;49697;PAVÃO;270;6314;1884;29.84
MG;54178;VARZELÂNDIA;255;17159;5119;29.83
MG;41483;SANTA CRUZ DE SALINAS;175;4496;1341;29.83
SP;61395;ANALÂNDIA;245;4681;1396;29.82
SP;68454;PEDRO DE TOLEDO;295;7891;2349;29.77
MG;45314;FRANCISCO DUMONT;44;4726;1406;29.75
MG;41734;BRÁS PIRES;261;4684;1393;29.74
MG;52213;SÃO FRANCISCO;252;41950;12471;29.73
MG;52310;SÃO GERALDO DA PIEDADE;283;3667;1090;29.72
MG;40967;LEME DO PRADO;336;4360;1295;29.7
MG;41742;BONITO DE MINAS;148;8624;2561;29.7
AM;2593;MARAÃ;49;9995;2967;29.68
MG;41033;BANDEIRA;9;4576;1358;29.68
MG;43010;CÁSSIA;78;13923;4131;29.67
MG;50610;PRESIDENTE BERNARDES;217;5729;1700;29.67
GO;92495;ARUANÃ;110;7391;2187;29.59
MG;40827;SEM PEIXE;12;3765;1112;29.54
SP;72273;VALPARAÍSO;146;15952;4712;29.54
RS;88455;SANT ANA DO LIVRAMENTO;30;72220;21324;29.53
MG;50474;POTÉ;270;12644;3733;29.52
SP;66753;MARABÁ PAULISTA;102;3188;940;29.49
MG;40940;JUVENÍLIA;342;5569;1642;29.48
MS;90859;IGUATEMI;25;10722;3161;29.48
MG;46655;ITAOBIM;175;16895;4977;29.46
MG;47210;JOANÉSIA;176;5118;1505;29.41
MG;48739;MORRO DO PILAR;83;3968;1166;29.39
MG;47619;LASSANCE;310;6216;1827;29.39
MT;90948;NOVO SANTO ANTÔNIO;15;2039;599;29.38
MG;46272;IPIAÇU;141;3926;1153;29.37
PR;79634;MATINHOS;194;35293;10358;29.35
MG;44610;DORES DE GUANHÃES;121;5278;1548;29.33
MG;42153;CAMPANÁRIO;136;3378;990;29.31
MG;47295;JORDÂNIA;144;7734;2266;29.3
MG;40541;PEDRAS DE MARIA DA CRUZ;148;8112;2377;29.3
MS;91235;NOVA ANDRADINA;5;35629;10432;29.28
RJ;60011;RIO DE JANEIRO;204;112832;33034;29.28
MG;43494;CONCEIÇÃO DO MATO DENTRO;83;19793;5793;29.27
MG;45497;GONZAGA;3;4583;1341;29.26
GO;92762;TERESINA DE GOIÁS;99;3252;950;29.21
PE;23930;CORRENTES;59;14583;4255;29.18
RS;88846;CHUÍ;43;4888;1424;29.13
MG;54437;VOLTA GRANDE;7;4431;1288;29.07
MS;90212;AQUIDAUANA;10;36393;10580;29.07
MG;44016;COUTO DE MAGALHÃES DE MINAS;101;3916;1137;29.03
RS;88498;SANTA VITÓRIA DO PALMAR;43;23324;6771;29.03
MG;50970;RIO CASCA;234;10834;3144;29.02
PE;25453;SALOÁ;136;13660;3964;29.02
MG;43958;CÓRREGO DANTA;163;3391;984;29.02
PE;24295;IATI;136;16331;4738;29.01
MG;48534;MONTALVÂNIA;342;13202;3829;29.0
ZZ;99473;BAREIN;1;69;20;28.99
MG;40533;CACHOEIRA DE PAJEÚ;213;6975;2021;28.97
MG;54399;VIRGOLÂNDIA;247;4613;1336;28.96
MG;42242;INDAIABIRA;266;6438;1864;28.95
PE;25011;PALMEIRINA;59;6511;1884;28.94
ES;56316;CONCEIÇÃO DA BARRA;27;25964;7493;28.86
GO;93394;DAVINÓPOLIS;8;4145;1196;28.85
MG;52558;SÃO JOÃO EVANGELISTA;257;12840;3704;28.85
MT;91006;CONQUISTA D OESTE;61;3426;988;28.84
SP;64416;GETULINA;297;7043;2031;28.84
PI;12106;ASSUNÇÃO DO PIAUÍ;39;7632;2200;28.83
GO;92061;CAMPOS VERDES;85;4498;1295;28.79
MG;42307;JOSÉ GONÇALVES DE MINAS;336;3806;1095;28.77
MG;54119;VARGEM BONITA;220;2601;748;28.76
MG;43095;CAXAMBU;80;17661;5076;28.74
SP;63150;CARDOSO;224;9593;2757;28.74
MG;47031;JANUÁRIA;148;51291;14736;28.73
MG;44512;DOM JOAQUIM;83;4274;1228;28.73
AM;2216;CARAUARI;21;20927;6009;28.71
MG;52590;SÃO JOSÉ DA SAFIRA;247;4189;1202;28.69
GO;93050;CAVALCANTE;99;7953;2281;28.68
MG;40410;ALTO RIO DOCE;11;10053;2882;28.67
ES;57150;PEDRO CANÁRIO;27;18937;5429;28.67
AL;27499;DOIS RIACHOS;46;9497;2719;28.63
MG;40894;ARINOS;320;14460;4138;28.62
MG;41696;BOTUMIRIM;120;5656;1618;28.61
MG;41122;NINHEIRA;237;8803;2517;28.59
SP;61000;EUCLIDES DA CUNHA PAULISTA;330;6336;1811;28.58
RS;87130;ITAQUI;24;26152;7472;28.57
MG;46795;ITINGA;15;11490;3282;28.56
MG;50857;RESPLENDOR;233;12729;3636;28.56
GO;92770;BURITI ALEGRE;5;8690;2482;28.56
RO;809;CHUPINGUAIA;8;7696;2197;28.55
MG;45454;GALILÉIA;117;5434;1551;28.54
PR;74926;ALTO PARAÍSO;117;3269;933;28.54
MG;51411;SALTO DA DIVISA;144;4987;1423;28.53
SP;70912;SÃO JOSÉ DA BELA VISTA;240;6916;1971;28.5
MG;47856;MANGA;166;16127;4594;28.49
GO;95877;SANTA TEREZA DE GOIÁS;125;3838;1093;28.48
RJ;60011;RIO DE JANEIRO;161;91866;26143;28.46
MG;53899;TUMIRITINGA;138;5517;1570;28.46
MG;44059;CRISTÁLIA;120;5202;1480;28.45
MG;44431;DIVINOLÂNDIA DE MINAS;283;6375;1813;28.44
MG;41009;LUISLÂNDIA;50;6783;1927;28.41
AL;27014;ÁGUA BRANCA;39;16513;4689;28.4
RS;89516;URUGUAIANA;57;84488;23965;28.36
MG;42757;CARMÉSIA;113;2716;770;28.35
PA;5274;SANTA CRUZ DO ARARI;2;7042;1996;28.34
GO;93297;CRIXÁS;85;13017;3688;28.33
MG;51314;RUBIM;9;7158;2028;28.33
RS;88153;RIO GRANDE;37;68531;19389;28.29
MG;48631;MONTE SANTO DE MINAS;182;17062;4819;28.24
GO;93424;PORTEIRÃO;124;3963;1118;28.21
MG;54054;UMBURATIBA;73;2736;771;28.18
AM;98418;PRESIDENTE FIGUEIREDO;51;28343;7980;28.16
AP;6084;PEDRA BRANCA DO AMAPARI;11;9909;2790;28.16
MS;98035;COSTA RICA;38;22355;6294;28.15
SP;63479;CONCHAS;41;12626;3545;28.08
SP;63975;ELDORADO;148;10787;3029;28.08
PB;21059;NOVA OLINDA;42;5895;1654;28.06
PA;4499;CHAVES;17;15966;4479;28.05
RS;85596;CACHOEIRA DO SUL;10;64488;18059;28.0
GO;94773;MOZARLÂNDIA;110;12318;3449;28.0
SP;65439;ITANHAÉM;189;85052;23812;28.0
SP;71072;SÃO PAULO;1;147692;41356;28.0
MG;40339;ALMENARA;9;31120;8709;27.99
PI;10251;BARREIRAS DO PIAUÍ;35;3633;1016;27.97
MG;41955;CACHOEIRA DOURADA;302;2798;782;27.95
SP;66230;JUQUIÁ;223;15229;4254;27.93
RS;89354;TRAMANDAÍ;110;39076;10910;27.92
AM;2313;ENVIRA;46;10870;3030;27.87
MS;90379;BATAGUASSU;6;19771;5508;27.86
MG;51497;SANTA EFIGÊNIA DE MINAS;283;3985;1110;27.85
SP;68535;PERUÍBE;295;59840;16666;27.85
GO;93289;VILA BOA;11;4021;1118;27.8
BA;38555;SANTA CRUZ CABRÁLIA;121;25527;7097;27.8
SP;71072;SÃO PAULO;3;143909;40007;27.8
MG;40100;CATUJI;196;8492;2360;27.79
MG;41688;ANGELÂNDIA;67;6879;1912;27.79
MG;40886;URUCUIA;320;7988;2220;27.79
MG;46230;IPANEMA;129;16009;4449;27.79
MA;7145;BACURITUBA;38;5647;1569;27.78
SP;69213;PRAIA GRANDE;406;139557;38768;27.78
MG;40762;SÃO JOÃO DO PACUÍ;94;4046;1123;27.76
GO;93602;LAGOA SANTA;96;1783;495;27.76
MG;52817;SÃO PEDRO DO SUAÇUÍ;212;4666;1295;27.75
MG;43117;CEDRO DO ABAETÉ;1;1420;394;27.75
MG;51934;SANTA ROSA DA SERRA;327;3513;975;27.75
MS;91111;MIRANDA;15;20066;5563;27.72
SP;71072;SÃO PAULO;5;121716;33712;27.7
PE;23558;BUÍQUE;60;42576;11784;27.68
AP;6092;OIAPOQUE;4;24220;6704;27.68
MG;48712;MORRO DA GARÇA;100;3045;843;27.68
MG;43753;CORAÇÃO DE JESUS;94;21928;6068;27.67
MS;91820;JUTI;28;5982;1655;27.67
MS;91650;TRÊS LAGOAS;51;49093;13574;27.65
MG;52795;SÃO PEDRO DOS FERROS;234;6402;1770;27.65
MT;90123;NOVA MARINGÁ;29;4626;1279;27.65
PB;21873;SÃO JOSÉ DE CAIANA;33;5643;1560;27.64
MG;51039;RIO ESPERA;11;5784;1598;27.63
PR;75850;GUARAQUEÇABA;6;7430;2053;27.63
MT;90085;CANABRAVA DO NORTE;28;4167;1151;27.62
SP;67059;MIRANTE DO PARANAPANEMA;165;12713;3511;27.62
BA;38571;SANTA CRUZ DA VITÓRIA;29;4922;1359;27.61
MS;98116;SELVÍRIA;9;7236;1995;27.57
MG;53716;TEÓFILO OTONI;269;106567;29344;27.54
SP;68497;PEREIRA BARRETO;88;19125;5263;27.52
MG;47090;JEQUERI;339;10390;2855;27.48
PE;23094;ÁGUAS BELAS;64;35255;9687;27.48
MG;48550;MONTE ALEGRE DE MINAS;179;15409;4233;27.47
MG;53996;UBAÍ;50;9797;2691;27.47
MG;41718;BRASÍLIA DE MINAS;50;27089;7438;27.46
GO;93408;BONÓPOLIS;94;3730;1024;27.45
MG;49352;FRONTEIRA DOS VALES;4;4372;1200;27.45
MS;91570;SIDROLÂNDIA;31;35153;9645;27.44
RJ;60011;RIO DE JANEIRO;14;86468;23725;27.44
MG;49719;PEÇANHA;212;11993;3287;27.41
MG;51012;RIO DO PRADO;149;4338;1189;27.41
MG;41637;BONFINÓPOLIS DE MINAS;329;5046;1383;27.41
MG;47457;LAGOA DOS PATOS;94;3774;1034;27.4
TO;73393;SÃO SALVADOR DO TOCANTINS;18;2701;740;27.4
MG;46639;ITANHOMI;138;9623;2636;27.39
RJ;60011;RIO DE JANEIRO;169;88113;24135;27.39
MT;90778;GENERAL CARNEIRO;9;4719;1292;27.38
MG;44393;DIVINO;70;16044;4392;27.37
MG;41157;TRÊS MARIAS;309;24921;6820;27.37
MS;90999;JARDIM;22;18633;5095;27.34
BA;35173;FIRMINO ALVES;137;5527;1510;27.32
AL;27235;CACIMBINHAS;46;8774;2396;27.31
MG;41564;SÃO FÉLIX DE MINAS;117;3799;1037;27.3
SP;69337;PROMISSÃO;103;26512;7237;27.3
MS;90190;APARECIDA DO TABOADO;24;19558;5338;27.29
MT;90468;BRASNORTE;56;12659;3454;27.28
SP;62839;CAIUÁ;102;3755;1024;27.27
MG;49239;OURO VERDE DE MINAS;270;7237;1973;27.26
RS;86290;DOM PEDRITO;18;29233;7966;27.25
MG;47759;LUZ;163;14672;3993;27.22
GO;92967;CASTELÂNDIA;124;3999;1088;27.21
MS;91693;ANGÉLICA;27;8695;2365;27.2
SP;65617;ITAPURA;368;3647;992;27.2
MT;98655;CAMPINÁPOLIS;26;11507;3130;27.2
MT;90980;SANTA CRUZ DO XINGU;16;2268;617;27.2
MG;50318;PLANURA;116;8677;2358;27.18
AL;27049;ESTRELA DE ALAGOAS;46;13040;3544;27.18
ES;56790;PANCAS;36;15876;4313;27.17
SP;69930;SABINO;297;4352;1182;27.16
MA;9350;TIMBIRAS;7;21254;5771;27.15
MS;90395;BATAYPORÃ;5;8414;2284;27.15
MT;89788;COLNIZA;11;19479;5289;27.15
RJ;60011;RIO DE JANEIRO;214;131225;35615;27.14
RS;89672;PALMARES DO SUL;156;10969;2977;27.14
SP;62162;QUADRA;355;4032;1094;27.13
MS;90417;BELA VISTA;17;16420;4453;27.12
RJ;60011;RIO DE JANEIRO;188;129422;35078;27.1
RJ;60011;RIO DE JANEIRO;167;69857;18925;27.09
MS;90816;GUIA LOPES DA LAGUNA;22;7950;2153;27.08
GO;92126;COLINAS DO SUL;143;3848;1042;27.08
MG;50890;RIACHO DOS MACHADOS;226;8031;2174;27.07
BA;33731;BOA NOVA;59;13066;3535;27.05
GO;92118;ALTO PARAÍSO DE GOIÁS;143;7682;2078;27.05
SP;62375;BOFETE;41;8935;2415;27.03
MS;90573;CASSILÂNDIA;3;15301;4136;27.03
MG;42692;CARBONITA;135;8159;2204;27.01
PA;4383;NOVO PROGRESSO;91;24783;6694;27.01
MG;40550;ANDRELÂNDIA;14;9886;2670;27.01
MT;98710;MARCELÂNDIA;32;9499;2565;27.0
MG;44199;DATAS;262;5139;1387;26.99
RJ;60011;RIO DE JANEIRO;10;84905;22909;26.98
SP;66990;MIRACATU;218;15311;4129;26.97
RS;85073;ALEGRETE;5;55756;15036;26.97
MT;90581;JURUENA;48;7692;2074;26.96
MG;50555;PRATA;229;22334;6019;26.95
AM;2399;IPIXUNA;45;11575;3120;26.95
RS;88315;ROSÁRIO DO SUL;39;31276;8430;26.95
SP;68330;PAULO DE FARIA;164;6111;1646;26.94
AL;27650;INHAPI;39;14561;3920;26.92
GO;93246;UIRAPURU;85;3080;829;26.92
RS;88692;SÃO GABRIEL;49;43890;11812;26.91
MG;41700;ARICANDUVA;135;5172;1390;26.88
GO;95915;SÃO DOMINGOS;47;7284;1958;26.88
MS;90654;COXIM;12;26464;7110;26.87
MS;90131;ANASTÁCIO;49;18203;4891;26.87
SP;63290;CERQUEIRA CÉSAR;205;14958;4019;26.87
MT;91979;SANTA TEREZINHA;16;5358;1439;26.86
RJ;60011;RIO DE JANEIRO;211;99895;26830;26.86
GO;93009;APARECIDA DO RIO DOCE;106;3439;923;26.84
MG;48275;MEDINA;175;16321;4381;26.84
RS;88447;MAÇAMBARÁ;24;3970;1065;26.83
SP;65676;ITARIRI;295;9789;2625;26.82
MG;40487;NAQUE;3;5485;1471;26.82
MG;46213;INIMUTABA;100;6575;1763;26.81
MS;91790;MUNDO NOVO;33;14988;4018;26.81
AM;2011;NOVO AIRÃO;34;13332;3574;26.81
TO;73164;TAIPAS DO TOCANTINS;25;2033;545;26.81
RS;84778;PIRAPÓ;52;2336;626;26.8
SP;69590;RIBEIRÃO BONITO;107;8616;2308;26.79
ES;56189;SOORETAMA;41;20980;5621;26.79
RS;85316;BAGÉ;7;48301;12942;26.79
RJ;60011;RIO DE JANEIRO;218;97724;26168;26.78
AM;2003;APUÍ;67;11540;3090;26.78
GO;96873;CAMPINAÇU;125;3775;1011;26.78
MG;40304;JAMPRUCA;136;4243;1136;26.77
MT;98310;JUÍNA;35;34218;9157;26.76
MG;42528;VERDELÂNDIA;147;6974;1866;26.76
MG;50350;POÇOS DE CALDAS;222;48820;13065;26.76
RS;85588;SÃO JOSÉ DO HERVAL;54;2231;597;26.76
MT;90727;SAPEZAL;42;20539;5495;26.75
AM;2054;ATALAIA DO NORTE;42;9508;2543;26.75
GO;94676;MONTE ALEGRE DE GOIÁS;105;5622;1504;26.75
SP;71870;TEODORO SAMPAIO;330;17020;4553;26.75
RJ;60011;RIO DE JANEIRO;125;106137;28392;26.75
MG;40380;LONTRA;255;8567;2291;26.74
MG;52396;SÃO GONÇALO DO SAPUCAÍ;253;19134;5117;26.74
MG;41599;BOM SUCESSO;46;15102;4039;26.74
MG;42099;CAMANDUCAIA;58;18995;5077;26.73
RJ;60011;RIO DE JANEIRO;4;119953;32060;26.73
RJ;60011;RIO DE JANEIRO;16;119021;31811;26.73
SP;61425;NOVA CANAÃ PAULISTA;187;2275;608;26.73
BA;34258;CANAVIEIRAS;116;25424;6796;26.73
BA;36072;ITAGIMIRIM;188;6636;1773;26.72
AL;28932;TEOTÔNIO VILELA;34;31106;8312;26.72
RS;87939;PINHEIRO MACHADO;35;9524;2544;26.71
SP;71218;SÃO VICENTE;177;107440;28694;26.71
BA;38156;PRESIDENTE JÂNIO QUADROS;60;10674;2851;26.71
RJ;58513;MANGARATIBA;54;46501;12421;26.71
RS;85685;IMBÉ;110;24070;6427;26.7
BA;36218;ITANHÉM;148;14916;3982;26.7
MG;45519;GOUVEIA;101;10625;2837;26.7
MG;45039;FAMA;8;3353;895;26.69
ES;56146;BREJETUBA;10;10987;2931;26.68
MT;99015;COMODORO;61;14317;3818;26.67
SP;62197;BAURU;300;75391;20110;26.67
MG;44318;DIAMANTINA;101;38586;10290;26.67
MS;55050;PARAÍSO DAS ÁGUAS;48;4335;1156;26.67
MS;90557;CAARAPÓ;28;22152;5907;26.67
MA;8303;SÃO JOÃO DO CARÚ;78;10141;2704;26.66
GO;93092;DIVINÓPOLIS DE GOIÁS;105;5110;1362;26.65
MG;42137;CAMBUQUIRA;61;10157;2705;26.63
RJ;60011;RIO DE JANEIRO;162;119430;31798;26.62
GO;92940;ALTO HORIZONTE;50;6397;1703;26.62
MA;8605;TURILÂNDIA;83;15977;4252;26.61
GO;93599;FLORES DE GOIÁS;11;8526;2268;26.6
PB;19364;CACIMBAS;30;6623;1761;26.59
MT;90743;CAMPOS DE JÚLIO;42;6787;1805;26.59
BA;33618;BARRA DO ROCHA;134;4427;1177;26.59
PR;78158;RIBEIRÃO DO PINHAL;82;10165;2702;26.58
RS;85316;BAGÉ;142;39501;10501;26.58
AL;27219;BRANQUINHA;9;9119;2424;26.58
RJ;60011;RIO DE JANEIRO;22;114063;30320;26.58
MG;53333;SERRA DOS AIMORÉS;190;6251;1661;26.57
SP;69779;RINÓPOLIS;210;7452;1980;26.57
AC;1031;SANTA ROSA DO PURUS;3;3927;1043;26.56
MG;50458;PORTO FIRME;217;9025;2397;26.56
GO;95893;SANTA TEREZINHA DE GOIÁS;85;8524;2264;26.56
GO;94951;NOVA ROMA;47;3006;798;26.55
RJ;60011;RIO DE JANEIRO;229;109501;29075;26.55
SP;61280;BERTIOGA;272;52928;14048;26.54
RS;88510;SANTIAGO;44;39884;10582;26.53
MT;90905;BOM JESUS DO ARAGUAIA;53;5661;1501;26.51
MG;46876;ITURAMA;142;30000;7951;26.5
SP;69213;PRAIA GRANDE;317;125754;33331;26.5
RS;88153;RIO GRANDE;163;81671;21623;26.48
RS;88625;BARRA DO QUARAÍ;57;3355;888;26.47
MA;9270;SÃO VICENTE FERRER;63;16729;4429;26.47
GO;94897;NIQUELÂNDIA;41;28256;7476;26.46
RJ;60011;RIO DE JANEIRO;170;130542;34537;26.46
SP;62995;CANANÉIA;36;10410;2753;26.45
AM;2798;TAPAUÁ;38;14621;3867;26.45
BA;36196;ITANAGRA;185;6668;1764;26.45
MG;41238;BELO HORIZONTE;33;96387;25484;26.44
MG;42471;CAPETINGA;127;5621;1486;26.44
RJ;60011;RIO DE JANEIRO;7;107301;28347;26.42
PR;77330;PALMAS;32;32266;8523;26.41
MG;54313;MATHIAS LOBATO;119;3363;888;26.4
MG;40215;AIMORÉS;5;19149;5053;26.39
MG;50350;POÇOS DE CALDAS;350;74046;19537;26.38
RJ;60011;RIO DE JANEIRO;192;62533;16496;26.38
RJ;60011;RIO DE JANEIRO;185;108039;28489;26.37
AM;2232;CAREIRO;23;27452;7236;26.36
MS;90433;BONITO;30;19254;5073;26.35
RJ;60011;RIO DE JANEIRO;24;99069;26102;26.35
RJ;60011;RIO DE JANEIRO;233;104274;27480;26.35
MG;47252;JOÃO PINHEIRO;151;38832;10231;26.35
MG;45810;GURINHATÃ;141;5083;1339;26.34
MT;90220;TABAPORÃ;27;8039;2116;26.32
PR;78697;SÃO JERÔNIMO DA SERRA;63;8538;2246;26.31
MG;46833;ITUIUTABA;141;77491;20386;26.31
SP;64491;GUAÍRA;169;28555;7511;26.3
SP;66494;LUCÉLIA;69;13549;3563;26.3
AM;2470;JURUÁ;50;7620;2004;26.3
RJ;60011;RIO DE JANEIRO;118;63536;16701;26.29
MG;42005;CURRAL DE DENTRO;266;6816;1792;26.29
SP;65757;ITIRAPUÃ;46;5150;1353;26.27
ES;56014;AFONSO CLÁUDIO;8;26254;6896;26.27
MS;90930;IVINHEMA;27;21196;5566;26.26
PR;75370;CURIÚVA;119;10807;2836;26.24
MG;51799;SANTANA DO RIACHO;143;6031;1582;26.23
MS;91138;NAVIRAÍ;2;37528;9839;26.22
RJ;59218;VALENÇA;111;56821;14897;26.22
SP;61930;BALBINOS;95;1423;373;26.21
MG;42358;CANÁPOLIS;302;8776;2299;26.2
SP;69272;PRESIDENTE EPITÁCIO;195;29804;7810;26.2
MT;98876;PORTO ESPERIDIÃO;18;8053;2109;26.19
GO;96075;SERRANÓPOLIS;18;6621;1734;26.19
SP;71714;TAPIRAÍ;89;6269;1642;26.19
MG;42463;URUANA DE MINAS;320;3686;965;26.18
MG;46710;ITAPEVA;58;9518;2492;26.18
RJ;60011;RIO DE JANEIRO;23;79681;20858;26.18
PA;4286;TRAIRÃO;34;12441;3254;26.16
RJ;60011;RIO DE JANEIRO;191;102110;26715;26.16
MG;53090;SARDOÁ;283;4955;1296;26.16
MG;50814;RECREIO;201;7959;2081;26.15
AM;2194;CANUTAMA;13;10740;2808;26.15
MT;90840;UNIÃO DO SUL;32;3630;949;26.14
MA;7307;BREJO DE AREIA;49;8475;2215;26.14
MA;7692;COROATÁ;8;46886;12249;26.13
MA;9075;SÃO BENTO;38;29322;7662;26.13
MG;45250;FORTALEZA DE MINAS;293;3215;840;26.13
SP;68233;PARDINHO;26;6139;1604;26.13
SP;62065;ARCO-ÍRIS;143;2331;609;26.13
TO;73431;RIO DA CONCEIÇÃO;25;2139;559;26.13
GO;96474;MINAÇU;130;22408;5854;26.12
BA;35718;IGUAÍ;146;17709;4626;26.12
AL;28150;OLHO D ÁGUA DO CASADO;40;7631;1993;26.12
RS;88013;PORTO ALEGRE;159;105434;27517;26.1
MA;8958;SANTA HELENA;83;24651;6433;26.1
SP;69736;RIFAINA;155;5127;1338;26.1
PR;75523;PONTAL DO PARANÁ;194;24938;6507;26.09
MG;40568;PERIQUITO;318;6318;1648;26.08
MG;41874;BURITIZEIRO;218;20491;5344;26.08
MG;45136;FELIXLÂNDIA;100;12556;3274;26.08
MA;8141;PRESIDENTE SARNEY;106;15655;4081;26.07
MA;8389;SÃO PEDRO DA ÁGUA BRANCA;92;9693;2527;26.07
BA;37958;PIRIPÁ;177;8923;2325;26.06
SP;61140;ESPÍRITO SANTO DO TURVO;114;3546;924;26.06
MA;7889;MARACAÇUMÉ;100;15698;4091;26.06
RJ;60011;RIO DE JANEIRO;234;83906;21860;26.05
AP;6106;SERRA DO NAVIO;11;4111;1071;26.05
MA;8109;PORTO RICO DO MARANHÃO;30;7200;1875;26.04
GO;93637;FORMOSO;125;4706;1225;26.03
PI;10405;PASSAGEM FRANCA DO PIAUÍ;74;4164;1084;26.03
MS;98132;SETE QUEDAS;33;7773;2023;26.03
MG;48135;MATEUS LEME;172;29334;7636;26.03
MG;42773;CARMO DA CACHOEIRA;281;9450;2459;26.02
MG;52191;SÃO DOMINGOS DO PRATA;251;14284;3716;26.02
MG;41017;BAMBUÍ;21;19001;4942;26.01
MS;91251;PARANAÍBA;13;31506;8190;26.0
PR;77275;ORTIGUEIRA;167;20079;5220;26.0
RS;87211;JAGUARÃO;25;20370;5295;25.99
MG;42420;TAPARUBA;129;4088;1062;25.98
SP;67032;MIRANDÓPOLIS;153;17999;4676;25.98
SP;62081;BREJO ALEGRE;25;2875;747;25.98
SP;63134;CARAPICUÍBA;303;131967;34286;25.98
MG;42064;FREI LAGONEGRO;135;3669;953;25.97
AL;27995;MATA GRANDE;27;18418;4784;25.97
MA;8737;PIRAPEMAS;68;12904;3351;25.97
RO;396;MACHADINHO D OESTE;32;25008;6491;25.96
MG;48291;MENDES PIMENTEL;117;4977;1292;25.96
GO;92290;APORÉ;96;3455;897;25.96
MG;52930;SÃO SEBASTIÃO DO PARAÍSO;260;51162;13277;25.95
MG;40126;DIVISA ALEGRE;213;5228;1356;25.94
RJ;58289;SÃO FRANCISCO DE ITABAPOANA;130;39905;10352;25.94
AM;2712;PAUINI;44;11565;3000;25.94
MG;54151;VÁRZEA DA PALMA;310;27190;7053;25.94
SP;63754;DESCALVADO;44;24907;6459;25.93
SP;66133;JOÃO RAMALHO;106;3518;912;25.92
SP;64297;FRANCO DA ROCHA;192;107865;27958;25.92
AM;2259;COARI;8;51479;13338;25.91
MT;91952;NOVA XAVANTINA;26;16249;4210;25.91
MG;40061;CAPITÃO ANDRADE;138;4057;1051;25.91
SP;64173;FLORA RICA;196;1428;370;25.91
SP;61263;ARAÇARIGUAMA;131;17829;4617;25.9
GO;95834;SANTA RITA DO ARAGUAIA;21;4460;1155;25.9
MG;40142;DIVISÓPOLIS;213;7088;1836;25.9
MG;45012;EXTREMA;112;43712;11317;25.89
MG;42269;JAPONVAR;50;8549;2213;25.89
MG;48917;NEPOMUCENO;192;20890;5408;25.89
MG;41351;BIAS FORTES;24;3816;988;25.89
ES;56170;BARRA DE SÃO FRANCISCO;23;34548;8941;25.88
MG;45357;FREI GASPAR;269;5965;1544;25.88
MG;45411;FRUTAL;116;42351;10962;25.88
SP;71374;SETE BARRAS;172;10260;2654;25.87
MG;44415;DIVINO DAS LARANJEIRAS;117;4710;1218;25.86
MG;45713;GUARDA-MOR;295;6295;1627;25.85
MA;7420;CENTRAL DO MARANHÃO;30;7808;2018;25.85
SP;62014;BARÃO DE ANTONINA;56;2926;756;25.84
RJ;60011;RIO DE JANEIRO;176;92656;23944;25.84
BA;39837;PINTADAS;62;8931;2308;25.84
BA;39756;MAETINGA;161;6722;1736;25.83
GO;96059;SÃO SIMÃO;97;13332;3444;25.83
PR;74691;CAMBARÁ;25;17864;4612;25.82
MA;8516;PALMEIRÂNDIA;38;17179;4435;25.82
AL;28673;SÃO JOSÉ DA TAPERA;51;23495;6061;25.8
MG;52671;SÃO JOSÉ DO GOIABAL;251;4897;1263;25.79
ES;56910;SANTA TERESA;11;20737;5348;25.79
PR;75876;GUARATUBA;161;32489;8380;25.79
SP;71218;SÃO VICENTE;340;148585;38326;25.79
MG;41858;BURITIS;324;20584;5306;25.78
MG;43990;CÓRREGO NOVO;72;3921;1011;25.78
RJ;60011;RIO DE JANEIRO;219;103860;26774;25.78
MG;41254;BELO ORIENTE;176;20697;5336;25.78
MA;8630;PENALVA;45;26013;6706;25.78
PA;4200;JACAREACANGA;102;13777;3551;25.77
PR;76317;JAGUAPITÃ;64;11056;2849;25.77
GO;92975;CAMPOS BELOS;105;14899;3838;25.76
MG;41882;CHAPADA GAÚCHA;320;9589;2470;25.76
MG;54232;VERÍSSIMO;347;3223;830;25.75
PA;4529;CUMARU DO NORTE;59;8216;2116;25.75
GO;93262;BURITINÓPOLIS;123;3507;903;25.75
MT;90824;GAÚCHA DO NORTE;57;6795;1750;25.75
MG;47317;NOVA UNIÃO;56;5802;1494;25.75
PA;4685;QUATIPURU;33;10484;2700;25.75
MT;89843;SANTO ANTÔNIO DO LESTE;40;2731;703;25.74
GO;96512;MUNDO NOVO;94;5366;1381;25.74
RS;88633;SÃO BORJA;47;46604;11991;25.73
SP;71250;SARUTAIÁ;234;3202;824;25.73
PR;74217;ANTONINA;6;15653;4027;25.73
MG;53856;TRÊS CORAÇÕES;272;56588;14560;25.73
MG;42234;CAMPO BELO;64;39354;10126;25.73
MT;89915;JAURU;41;7115;1831;25.73
MT;98817;PEIXOTO DE AZEVEDO;33;23802;6123;25.72
MT;91090;VILA BELA DA SANTÍSSIMA TRINDADE;25;11198;2880;25.72
GO;92819;CACHOEIRA ALTA;97;7723;1986;25.72
RJ;60011;RIO DE JANEIRO;8;86645;22278;25.71
SP;69698;RIBEIRÃO PRETO;266;110460;28378;25.69
AM;2836;SÃO GABRIEL DA CACHOEIRA;19;32420;8328;25.69
SP;61107;GUATAPARÁ;293;5765;1481;25.69
MS;90298;BANDEIRANTES;34;6799;1745;25.67
MG;44237;DELFINÓPOLIS;78;6314;1621;25.67
MG;50075;PIEDADE DOS GERAIS;47;5270;1353;25.67
ES;56650;MANTENÓPOLIS;36;10402;2669;25.66
MG;53651;TAQUARAÇU DE MINAS;56;5759;1478;25.66
MS;91499;ROCHEDO;34;4984;1279;25.66
RS;86720;GARRUCHOS;141;2516;645;25.64
SP;69256;PRESIDENTE BERNARDES;165;10209;2616;25.62
AM;2852;URUCARÁ;27;12648;3241;25.62
BA;36935;MACAJUBA;87;10033;2569;25.61
MA;7455;CAJAPIÓ;63;10224;2618;25.61
GO;94650;MOIPORÁ;80;2507;642;25.61
MT;90883;NOVA UBIRATÃ;43;7592;1944;25.61
SP;70190;ÁGUAS DE SANTA BÁRBARA;205;5392;1381;25.61
PE;25291;QUIPAPÁ;47;15431;3950;25.6
RJ;58971;SÃO GONÇALO;36;92503;23668;25.59
AM;2070;AUTAZES;35;32340;8273;25.58
MT;91391;POXORÉU;47;14509;3708;25.56
MG;45853;IAPU;128;8427;2154;25.56
GO;96016;SÃO MIGUEL DO ARAGUAIA;94;18389;4700;25.56
MG;49190;OURO FINO;199;25443;6501;25.55
PI;10898;GUADALUPE;46;8682;2217;25.54
MG;42170;CAMPANHA;61;12729;3249;25.52
MG;47899;MANHUMIRIM;168;17013;4340;25.51
GO;94277;IVOLÂNDIA;80;3148;803;25.51
PA;5339;SANTANA DO ARAGUAIA;46;25280;6450;25.51
MT;98990;VILA RICA;16;13846;3531;25.5
AM;2992;CAAPIRANGA;6;9486;2419;25.5
MG;48933;NOVA ERA;193;15012;3828;25.5
PR;74012;ABATIÁ;82;5976;1524;25.5
RS;87521;QUEVEDOS;81;2385;608;25.49
AL;27618;IGACI;45;20525;5231;25.49
MT;89960;RONDOLÂNDIA;61;3084;786;25.49
SP;66656;MACEDÔNIA;302;4105;1046;25.48
MA;8583;TUFILÂNDIA;77;6051;1542;25.48
MG;50679;PRESIDENTE OLEGÁRIO;230;16281;4148;25.48
TO;93130;CONCEIÇÃO DO TOCANTINS;22;3643;928;25.47
MA;8532;PARAIBANO;53;14960;3809;25.46
GO;93386;AMARALINA;88;2969;756;25.46
PA;4081;TUCUMÃ;74;28014;7129;25.45
PE;24457;IPUBI;133;24789;6308;25.45
SP;64459;GUAIÇARA;297;8162;2077;25.45
MG;42455;CAPELINHA;67;31072;7905;25.44
AL;28231;PALESTINA;11;4992;1270;25.44
MS;91316;PONTA PORÃ;52;44661;11360;25.44
BA;34819;CORIBE;61;12810;3259;25.44
MG;51390;SALINAS;244;33019;8400;25.44
GO;92789;TROMBAS;125;3059;778;25.43
PA;4715;ITAITUBA;34;85347;21702;25.43
MG;50296;PIUMHI;220;26253;6675;25.43
CE;13714;CATARINA;60;9892;2516;25.43
MG;44911;ESTRELA DALVA;7;2914;741;25.43
MS;90972;JARAGUARI;34;6048;1538;25.43
SP;69370;QUEIROZ;99;3299;839;25.43
SP;64858;IACRI;184;4766;1212;25.43
MG;50377;POCRANE;129;7548;1919;25.42
GO;92983;JESÚPOLIS;17;2726;693;25.42
GO;92223;FAINA;12;6624;1684;25.42
SP;61859;AVAÍ;300;4189;1065;25.42
RS;88013;PORTO ALEGRE;114;97943;24885;25.41
MS;91316;PONTA PORÃ;19;25296;6427;25.41
PE;23248;MANARI;63;14245;3620;25.41
MG;41238;BELO HORIZONTE;333;138762;35255;25.41
MG;48011;MARILAC;318;4681;1189;25.4
MT;89834;PARANATINGA;57;16917;4297;25.4
MG;40592;ANTÔNIO DIAS;97;9101;2311;25.39
SP;69957;SAGRES;163;2091;531;25.39
SP;67970;OURO VERDE;149;6097;1548;25.39
GO;93068;PEROLÂNDIA;18;3152;800;25.38
MG;49956;PERDIZES;291;14146;3588;25.36
AL;27910;MARAVILHA;50;8963;2273;25.36
SP;71099;SÃO PEDRO;130;28554;7240;25.36
MT;90760;CARLINDA;24;8400;2129;25.35
MG;41521;SANTO ANTÔNIO DO RETIRO;237;6670;1691;25.35
MT;90913;ITIQUIRA;10;9345;2369;25.35
PA;4847;SAPUCAIA;61;5430;1376;25.34
MG;45330;FRANCISCO SÁ;115;19570;4959;25.34
PR;75175;CONGONHINHAS;99;6609;1675;25.34
MG;50237;PIRAPORA;218;41904;10613;25.33
MG;41416;BOA ESPERANÇA;43;32515;8237;25.33
RJ;60011;RIO DE JANEIRO;238;110026;27854;25.32
RJ;60011;RIO DE JANEIRO;179;146559;37086;25.3
MT;89990;PONTES E LACERDA;25;34620;8760;25.3
AM;2674;NOVO ARIPUANÃ;29;13283;3360;25.3
MG;45896;IBIÁ;126;16840;4258;25.29
MG;43893;CORONEL MURTA;15;7295;1845;25.29
ES;56537;ITAGUAÇU;16;11742;2968;25.28
SP;64033;EMBU-GUAÇU;370;53717;13581;25.28
BA;39497;UNA;116;16864;4263;25.28
SE;32310;SANTO AMARO DAS BROTAS;11;10453;2642;25.28
MS;98175;TAQUARUSSU;5;3942;996;25.27
ES;56413;ECOPORANGA;33;19065;4816;25.26
MT;90387;NOVA BANDEIRANTES;50;10127;2558;25.26
RS;85570;CACEQUI;69;8495;2145;25.25
PR;76252;IVATUBA;154;3152;796;25.25
SP;63177;CASA BRANCA;39;19558;4938;25.25
MG;41777;BRAZÓPOLIS;51;12541;3165;25.24
SP;63436;COLÔMBIA;21;5800;1464;25.24
RJ;58777;PETRÓPOLIS;29;134152;33857;25.24
MG;48992;NOVA PONTE;340;13442;3391;25.23
PE;23639;CAETÉS;130;20683;5218;25.23
RS;88439;SANTANA DA BOA VISTA;9;6598;1665;25.23
RJ;60011;RIO DE JANEIRO;21;90818;22906;25.22
BA;38342;RIBEIRÃO DO LARGO;152;8797;2218;25.21
RJ;60011;RIO DE JANEIRO;119;150488;37933;25.21
SP;70459;SANTANA DA PONTE PENSA;187;1925;485;25.19
MG;50393;POMPÉU;223;24330;6128;25.19
PA;4537;CONCEIÇÃO DO ARAGUAIA;24;33537;8448;25.19
MG;44938;ESTRELA DO INDAIÁ;104;2723;686;25.19
GO;94870;NERÓPOLIS;54;25856;6512;25.19
GO;94536;MARZAGÃO;7;3001;756;25.19
MG;41181;NOVORIZONTE;244;4973;1252;25.18
BA;39438;UBAITABA;73;14272;3593;25.18
SP;70556;SANTO ANASTÁCIO;117;15054;3791;25.18
MG;41785;CABECEIRA GRANDE;280;5891;1483;25.17
AL;27316;CANAPI;27;14793;3724;25.17
PA;4090;ALMEIRIM;55;23890;6012;25.17
RJ;60011;RIO DE JANEIRO;216;84219;21187;25.16
GO;93777;GOIÁS;12;19216;4835;25.16
MG;44636;DORES DO INDAIÁ;104;10109;2542;25.15
BA;35599;IBIRATAIA;24;16014;4028;25.15
BA;35947;ITABELA;189;22120;5561;25.14
MS;90611;CORGUINHO;40;4479;1126;25.14
GO;92568;SANTA FÉ DE GOIÁS;95;4208;1058;25.14
MG;46256;IPATINGA;348;48443;12172;25.13
SP;61050;AGUAÍ;122;24235;6091;25.13
SP;65072;IGUAPE;51;22106;5555;25.13
MG;41904;CÔNEGO MARINHO;148;6340;1592;25.11
MA;7943;MATÕES DO NORTE;68;7654;1922;25.11
BA;39357;TREMEDAL;177;15421;3870;25.1
PR;76090;IRETAMA;141;7961;1998;25.1
MG;43699;CONSOLAÇÃO;205;2032;510;25.1
MG;42536;CAPITÃO ENÉAS;115;13076;3281;25.09
MG;43877;CORONEL FABRICIANO;97;79951;20059;25.09
SP;71072;SÃO PAULO;256;176099;44161;25.08
MS;91472;RIO VERDE DE MATO GROSSO;21;13917;3490;25.08
MA;8621;VILA NOVA DOS MARTÍRIOS;92;8903;2232;25.07
PR;77658;PINHÃO;160;23849;5979;25.07
AM;2933;ANAMÃ;6;9177;2301;25.07
SP;61824;PARISI;147;3085;773;25.06
PR;74594;BOCAIÚVA DO SUL;48;10205;2556;25.05
MG;53058;SÃO VICENTE DE MINAS;346;5681;1423;25.05
AP;6130;LARANJAL DO JARI;7;28170;7055;25.04
SP;68772;PIRAJU;94;21986;5505;25.04
MG;45616;GUAPÉ;122;10938;2738;25.03
MG;44334;DIOGO DE VASCONCELOS;171;3860;966;25.03
PR;75663;TAMARANA;146;9024;2259;25.03
MG;51136;RIO PIRACICABA;150;12444;3115;25.03
MG;42315;CAMPOS GERAIS;65;20481;5127;25.03
MG;45730;GUAXUPÉ;125;39360;9851;25.03
RS;89010;SAPUCAIA DO SUL;108;102445;25646;25.03
GO;93181;MONTIVIDIU DO NORTE;125;3716;930;25.03
GO;92614;BALIZA;35;3329;833;25.02
SP;64793;GUZOLÂNDIA;225;3558;890;25.01
MT;98639;ARAGUAIANA;9;3259;815;25.01
PA;4707;CANAÃ DOS CARAJÁS;75;73378;18350;25.01
PR;77038;MIRADOR;100;2160;540;25.0
RJ;60011;RIO DE JANEIRO;123;90391;22596;25.0
RS;88013;PORTO ALEGRE;158;112717;28176;25.0
MT;90069;QUERÊNCIA;53;18997;4750;25.0
MG;42552;CAPITÓLIO;220;8244;2060;24.99
RJ;60011;RIO DE JANEIRO;180;90813;22697;24.99
SC;83739;URUSSANGA;34;17330;4330;24.99
SP;62910;CAMPINAS;33;109831;27446;24.99
MT;73709;BOA ESPERANÇA DO NORTE;43;4326;1081;24.99
SP;62235;BENTO DE ABREU;146;2146;536;24.98
SP;68578;PIEDADE;89;42011;10496;24.98
SP;72117;UBIRAJARA;159;3995;998;24.98
PI;12246;MILTON BRANDÃO;12;7087;1770;24.98
PR;84573;FIGUEIRA;119;6360;1589;24.98
AC;1139;FEIJÓ;7;24197;6041;24.97
MG;40657;ARACITABA;250;2839;709;24.97
SP;70718;SANTOS;118;115232;28779;24.97
MG;41300;PATIS;185;5226;1305;24.97
MG;41769;BUGRE;131;4366;1090;24.97
MG;44652;DORES DO TURVO;261;5453;1361;24.96
MT;90808;NOVO MUNDO;44;6075;1516;24.95
MA;9172;SÃO JOÃO BATISTA;63;20103;5016;24.95
TO;95214;PARANÃ;18;8577;2140;24.95
RJ;58831;RESENDE;198;32921;8208;24.93
GO;92622;SÃO JOÃO DA PARAÚNA;43;2198;548;24.93
SP;61271;ÁLVARO DE CARVALHO;47;2756;687;24.93
PR;79774;FRANCISCO ALVES;97;6100;1520;24.92
SP;62197;BAURU;23;110045;27417;24.91
PR;78115;RESERVA;39;20369;5074;24.91
RS;89567;PEDRAS ALTAS;35;1976;492;24.9
SP;64653;GUARARAPES;151;23595;5876;24.9
SP;65650;ITARARÉ;57;33780;8411;24.9
MG;41238;BELO HORIZONTE;35;108138;26921;24.9
BA;33472;AURELINO LEAL;73;9612;2393;24.9
MG;41602;SÃO JOÃO DAS MISSÕES;166;9981;2485;24.9
MG;42110;CAMBUÍ;59;22533;5611;24.9
RS;87513;MOSTARDAS;122;9243;2301;24.89
MG;43532;CONCEIÇÃO DO RIO VERDE;80;10403;2589;24.89
AL;27278;CAMPO ALEGRE;47;27042;6732;24.89
MG;40444;MATIAS CARDOSO;63;7349;1829;24.89
MS;91650;TRÊS LAGOAS;9;39413;9805;24.88
PE;25798;SERRITA;76;17061;4243;24.87
SP;66435;LINS;67;53771;13372;24.87
SP;69639;RIBEIRÃO CORRENTE;240;4387;1091;24.87
MG;40312;ALFENAS;8;61027;15172;24.86
MA;7633;CODÓ;7;82435;20486;24.85
SC;80977;DIONÍSIO CERQUEIRA;50;12090;3004;24.85
AM;98434;RIO PRETO DA EVA;68;23243;5775;24.85
MG;41130;BARRA LONGA;225;5500;1367;24.85
SP;62243;IPIGUÁ;312;4916;1221;24.84
SP;69698;RIBEIRÃO PRETO;108;108817;27028;24.84
MG;50792;RAUL SOARES;231;18357;4558;24.83
BA;36790;LAJEDÃO;153;4258;1057;24.82
PB;19500;BERNARDINO BATISTA;53;3353;832;24.81
GO;94137;ITAPACI;39;15697;3894;24.81
GO;93360;ABADIA DE GOIÁS;56;15631;3878;24.81
SP;64270;FRANCISCO MORATO;367;126796;31446;24.8
SP;65030;IGARAPAVA;50;19718;4890;24.8
BA;39926;SÃO JOSÉ DA VITÓRIA;166;5258;1304;24.8
MG;44091;CRISTINA;99;8297;2058;24.8
SP;65730;ITIRAPINA;245;10400;2579;24.8
RS;89150;CAPÃO DA CANOA;150;46049;11414;24.79
PI;12076;SÃO MIGUEL DO TAPUIO;39;15612;3870;24.79
SP;62405;PAULISTÂNIA;7;1993;494;24.79
BA;35998;ITACARÉ;198;19616;4860;24.78
MG;54194;VAZANTE;295;16950;4200;24.78
PR;74470;BARBOSA FERRAZ;133;8859;2195;24.78
SP;61603;ITAOCA;10;3039;753;24.78
MG;44172;CURVELO;100;61304;15193;24.78
SP;62154;BASTOS;184;16975;4206;24.78
SP;68110;PARAGUAÇU PAULISTA;12;29958;7421;24.77
MS;98094;SÃO GABRIEL DO OESTE;40;23080;5717;24.77
MG;42544;VEREDINHA;336;5268;1305;24.77
PR;74373;ASSAÍ;35;12321;3051;24.76
SP;67652;NOVA INDEPENDÊNCIA;9;3505;868;24.76
BA;30732;ARATACA;166;6559;1624;24.76
PR;77259;NOVA LONDRINA;96;9738;2411;24.76
MT;90786;FELIZ NATAL;36;7181;1778;24.76
RJ;60011;RIO DE JANEIRO;122;88618;21930;24.75
PA;5959;OURILÂNDIA DO NORTE;74;25886;6407;24.75
MG;52698;SÃO JOSÉ DO JACURI;212;5252;1300;24.75
AC;1104;JORDÃO;5;5999;1485;24.75
MG;41670;BOTELHOS;55;12776;3162;24.75
MG;41505;SANTA HELENA DE MINAS;4;5344;1322;24.74
MS;90492;CAMAPUÃ;14;10948;2708;24.74
PR;74039;ADRIANÓPOLIS;48;5781;1430;24.74
SP;68713;PIQUETE;68;10045;2485;24.74
BA;34398;CARDEAL DA SILVA;144;8041;1989;24.74
MG;40290;ALÉM PARAÍBA;7;27004;6681;24.74
SP;63630;CRAVINHOS;293;27124;6708;24.73
SP;65633;ITAQUAQUECETUBA;377;105873;26175;24.72
MG;41289;PAI PEDRO;226;5550;1372;24.72
PR;76139;ITAMBARACÁ;57;5267;1302;24.72
MG;40460;MONTEZUMA;109;5966;1474;24.71
RO;230;COLORADO DO OESTE;8;13478;3331;24.71
MG;51870;SANTA RITA DE IBITIPOCA;24;3384;836;24.7
AM;98370;ITAMARATI;69;7343;1814;24.7
MS;91030;LADÁRIO;50;13609;3361;24.7
BA;37419;MUCURI;35;27873;6886;24.7
PR;78131;RIBEIRÃO CLARO;23;9867;2437;24.7
PR;76511;JUNDIAÍ DO SUL;82;2911;719;24.7
GO;93750;GOIANIRA;101;47570;11746;24.69
MG;45470;GONÇALVES;205;4111;1015;24.69
SP;72095;UBATUBA;144;77900;19231;24.69
SC;83194;SÃO FRANCISCO DO SUL;27;42667;10535;24.69
BA;36951;MACARANI;91;12841;3171;24.69
SP;68837;PIRAPORA DO BOM JESUS;428;14158;3494;24.68
MT;98612;ALTO TAQUARI;8;7979;1969;24.68
BA;36099;ITAJU DO COLÔNIA;137;6225;1536;24.67
SP;64394;GENERAL SALGADO;225;7966;1965;24.67
SP;70513;SANTA RITA DO PASSA QUATRO;116;19993;4933;24.67
MG;40282;JAÍBA;63;27130;6689;24.66
MG;40266;IPABA;348;13853;3416;24.66
SP;70793;SÃO CARLOS;410;86779;21398;24.66
MG;40606;RIACHINHO;329;6015;1483;24.66
GO;92690;BOM JESUS;124;18138;4473;24.66
SP;66052;JARINU;344;26768;6600;24.66
MG;45390;FRONTEIRA;116;10748;2650;24.66
MS;91430;RIO BRILHANTE;11;26188;6459;24.66
PE;25674;SÃO JOSÉ DA COROA GRANDE;42;17746;4377;24.66
SP;66532;LUÍS ANTÔNIO;133;10065;2481;24.65
GO;94218;ITARUMÃ;106;4683;1154;24.64
SP;61433;ANGATUBA;215;17865;4400;24.63
ES;56456;GUAÇUÍ;13;22346;5503;24.63
MG;41149;NOVA BELÉM;169;3553;875;24.63
RS;88099;QUARAÍ;36;17670;4353;24.63
PR;74292;ARAPOTI;164;19003;4680;24.63
SP;68691;PIQUEROBI;117;3115;767;24.62
RS;84905;JAQUIRANA;63;3757;925;24.62
SC;80209;TIMBÓ GRANDE;51;5898;1452;24.62
MG;41580;SÃO GERALDO DO BAIXIO;117;3221;793;24.62
MA;8060;PEDRO DO ROSÁRIO;106;18241;4491;24.62
MG;47716;LIMA DUARTE;162;14497;3569;24.62
PR;77437;PARANACITY;91;7616;1874;24.61
SP;70971;SÃO JOSÉ DO RIO PRETO;267;145166;35726;24.61
AL;27413;COLÔNIA LEOPOLDINA;16;15416;3792;24.6
PA;5991;SANTA MARIA DAS BARREIRAS;24;13340;3281;24.6
SP;62910;CAMPINAS;378;148756;36592;24.6
SP;70572;SANTO ANDRÉ;307;96503;23735;24.6
MT;98779;NOVO SÃO JOAQUIM;26;5505;1354;24.6
RS;85898;CANOAS;66;120495;29641;24.6
MG;51950;SANTA VITÓRIA;308;17312;4257;24.59
SP;64815;HERCULÂNDIA;184;6937;1706;24.59
MG;46175;INHAPIM;128;19666;4836;24.59
MG;40452;ALVINÓPOLIS;12;13098;3221;24.59
PB;19747;PEDRO RÉGIS;60;5725;1408;24.59
PE;23850;CEDRO;76;10190;2506;24.59
RJ;60011;RIO DE JANEIRO;241;74562;18326;24.58
AC;1473;TARAUACÁ;5;29970;7367;24.58
SP;68292;PAULICÉIA;175;5955;1464;24.58
SP;65935;JACUPIRANGA;228;12334;3032;24.58
RS;88773;SÃO LEOPOLDO;51;80617;19814;24.58
MG;41360;PINGO D ÁGUA;72;4149;1020;24.58
SC;83054;SANTA CECÍLIA;51;12255;3012;24.58
BA;30953;GUAJERU;93;6431;1580;24.57
ES;56693;MONTANHA;38;15424;3790;24.57
MG;41394;BIQUINHAS;1;2682;659;24.57
MG;46256;IPATINGA;131;66000;16207;24.56
SP;64475;GUAIMBÊ;297;4479;1100;24.56
SP;61530;APIAÍ;10;18737;4600;24.55
RJ;58041;BELFORD ROXO;154;80065;19654;24.55
RJ;60011;RIO DE JANEIRO;245;106811;26225;24.55
RS;85499;BOSSOROCA;52;5117;1256;24.55
MG;49093;OLÍMPIO NORONHA;159;2869;704;24.54
AL;27081;CAMPESTRE;53;6077;1491;24.54
SP;69698;RIBEIRÃO PRETO;265;123681;30355;24.54
SP;61883;SÃO JOÃO DE IRACEMA;225;1809;444;24.54
RS;86320;ARAMBARÉ;12;3684;904;24.54
SP;63835;DOIS CÓRREGOS;241;18565;4554;24.53
RJ;60011;RIO DE JANEIRO;242;71967;17652;24.53
MA;9237;SÃO MATEUS DO MARANHÃO;84;30147;7392;24.52
PR;74535;BELA VISTA DO PARAÍSO;77;12282;3012;24.52
PA;4588;BANNACH;60;3170;777;24.51
PE;26115;TRINDADE;133;25102;6152;24.51
SP;71072;SÃO PAULO;349;129998;31868;24.51
MG;46051;IGUATAMA;18;6258;1534;24.51
SP;71072;SÃO PAULO;2;156213;38276;24.5
RS;87874;PEDRO OSÓRIO;123;6862;1681;24.5
SP;62596;BROTAS;28;17821;4366;24.5
TO;92541;SAMPAIO;21;4157;1018;24.49
SP;63894;DRACENA;149;33614;8229;24.48
PR;84514;CANTAGALO;203;9118;2232;24.48
SP;61670;AREALVA;300;6343;1552;24.47
MG;53015;SÃO TOMÁS DE AQUINO;260;5951;1456;24.47
MG;53198;SENHORA DE OLIVEIRA;217;5747;1405;24.45
GO;93351;DAMIANÓPOLIS;123;4024;984;24.45
SP;71072;SÃO PAULO;351;131004;32025;24.45
SP;71072;SÃO PAULO;20;165348;40426;24.45
SP;63134;CARAPICUÍBA;388;158528;38752;24.44
SP;71811;TATUÍ;140;88765;21692;24.44
RO;493;ITAPUÃ DO OESTE;2;7204;1761;24.44
AM;2615;MAUÉS;5;38063;9297;24.43
MG;44539;DOM SILVÉRIO;12;4478;1094;24.43
AL;27537;FELIZ DESERTO;7;3975;971;24.43
SP;69116;PORANGABA;140;7483;1827;24.42
TO;73504;TALISMÃ;14;2560;625;24.41
RJ;60011;RIO DE JANEIRO;182;109473;26718;24.41
SP;70432;SANTA MERCEDES;175;2679;654;24.41
SP;65510;ITAPEVI;359;168609;41159;24.41
BA;34738;CONDEÚBA;60;15144;3697;24.41
SC;81663;ITAPOÁ;105;21623;5279;24.41
RS;88013;PORTO ALEGRE;113;104106;25407;24.4
MT;98698;ITAÚBA;23;4349;1061;24.4
MG;41238;BELO HORIZONTE;37;96075;23447;24.4
AM;2020;GUAJARÁ;45;12171;2969;24.39
RS;85375;BARRA DO RIBEIRO;151;10239;2497;24.39
MG;46574;ITAMOGI;260;9062;2209;24.38
SP;67890;OSASCO;315;134715;32841;24.38
MG;42366;SÃO SEBASTIÃO DO ANTA;128;5604;1366;24.38
GO;94510;MARA ROSA;88;9165;2234;24.38
SP;69531;REGISTRO;172;45214;11013;24.36
SP;65099;ILHABELA;132;31086;7574;24.36
PE;25194;PETROLÂNDIA;70;26448;6444;24.36
SP;66176;JÚLIO MESQUITA;31;3690;899;24.36
MG;54453;ITAÚ DE MINAS;293;12435;3028;24.35
PR;76198;ITAÚNA DO SUL;96;2788;679;24.35
MA;7005;ÁGUA DOCE DO MARANHÃO;12;11520;2805;24.35
RJ;60011;RIO DE JANEIRO;230;62271;15156;24.34
PR;75302;ESPERANÇA NOVA;135;2112;514;24.34
MG;51233;ROCHEDO DE MINAS;258;2917;710;24.34
SP;70033;SALMOURÃO;69;3874;943;24.34
BA;34150;CAMAMU;78;24576;5981;24.34
RS;88170;RIO PARDO;38;28673;6977;24.33
SP;70335;SANTA FÉ DO SUL;187;25810;6279;24.33
PA;4723;ANAPU;80;25278;6149;24.33
BA;36030;ITAGI;147;10639;2589;24.33
AL;28797;TANQUE D ARCA;48;6000;1459;24.32
MT;90263;APIACÁS;50;6340;1542;24.32
BA;30058;EUNÁPOLIS;188;27480;6682;24.32
MG;41815;BUENO BRANDÃO;183;8694;2114;24.32
SP;69558;RESTINGA;240;6817;1657;24.31
SP;64572;GUARAÇAÍ;153;6153;1496;24.31
MS;91782;CHAPADÃO DO SUL;48;23000;5591;24.31
SP;71072;SÃO PAULO;258;188156;45734;24.31
MA;7706;ITAIPAVA DO GRAJAÚ;15;11234;2731;24.31
RJ;60011;RIO DE JANEIRO;25;100319;24373;24.3
SP;65579;ITAPORANGA;56;11006;2674;24.3
PA;4448;BREU BRANCO;103;32173;7814;24.29
MS;91804;DOIS IRMÃOS DO BURITI;49;8601;2089;24.29
GO;96237;TRÊS RANCHOS;8;3894;946;24.29
PR;79731;TAPIRA;127;4694;1140;24.29
SP;71072;SÃO PAULO;418;195871;47550;24.28
GO;92630;BARRO ALTO;74;10023;2434;24.28
PR;74110;ALTO PIQUIRI;128;7426;1803;24.28
MT;90549;CASTANHEIRA;35;6035;1465;24.28
MG;46493;ITAMARANDIBA;135;26424;6415;24.28
MG;40517;ANDRADAS;13;30179;7327;24.28
PR;79235;TIBAGI;17;14864;3609;24.28
MG;52337;SÃO GONÇALO DO ABAETÉ;210;5648;1371;24.27
MG;52019;SANTO ANTÔNIO DO GRAMA;234;3941;956;24.26
MA;8052;SÃO LUÍS GONZAGA DO MARANHÃO;35;17211;4175;24.26
BA;37150;MARAÚ;78;16481;3999;24.26
RN;17930;PEDRO AVELINO;17;6554;1590;24.26
SP;65218;IPERÓ;369;21605;5242;24.26
SP;61387;EMILIANÓPOLIS;165;2716;659;24.26
SP;65790;ITU;59;128825;31243;24.25
SP;71072;SÃO PAULO;249;108261;26249;24.25
SP;67938;OSVALDO CRUZ;163;22809;5532;24.25
RO;19;GUAJARÁ-MIRIM;1;28928;7015;24.25
MG;40240;ICARAÍ DE MINAS;252;8823;2140;24.25
GO;92649;SÃO LUIZ DO NORTE;39;5107;1238;24.24
MT;90344;PLANALTO DA SERRA;34;3110;754;24.24
BA;35351;GUARATINGA;189;15720;3810;24.24
AM;2151;BOCA DO ACRE;14;23223;5629;24.24
PR;84611;SARANDI;206;72031;17453;24.23
BA;34371;CARAVELAS;112;16260;3940;24.23
MG;41238;BELO HORIZONTE;30;102232;24763;24.22
MG;47635;LAVRAS;160;75558;18298;24.22
PR;75914;IBIPORÃ;80;39987;9685;24.22
SP;62910;CAMPINAS;379;147496;35720;24.22
MT;98191;JUARA;27;25464;6166;24.21
MG;54097;URUCÂNIA;339;8712;2109;24.21
PE;25577;SÃO BENEDITO DO SUL;47;7832;1896;24.21
PR;74268;DIAMANTE DO SUL;112;3479;842;24.2
AL;27596;IBATEGUARA;16;11536;2792;24.2
GO;92916;CAMPESTRE DE GOIÁS;20;4041;978;24.2
MG;43052;CATAGUASES;79;52112;12608;24.19
PE;24317;IBIMIRIM;128;21737;5258;24.19
MG;48976;NOVA MÓDICA;136;3589;868;24.19
SP;67717;NOVO HORIZONTE;79;28606;6920;24.19
MG;47678;LEOPOLDINA;161;40162;9715;24.19
CE;15075;PARAMBU;19;27269;6593;24.18
GO;96334;URUAÇU;50;30439;7361;24.18
SP;66818;MARÍLIA;70;84424;20416;24.18
SP;70416;SANTA MARIA DA SERRA;130;4225;1021;24.17
AL;27251;CAJUEIRO;5;14474;3499;24.17
SP;66214;JUNQUEIRÓPOLIS;196;14112;3409;24.16
RO;477;CANDEIAS DO JAMARI;21;20465;4945;24.16
MG;53376;SERRANIA;8;6378;1541;24.16
MG;42145;GOIABEIRA;89;3104;750;24.16
PI;12017;SÃO JOSÉ DO PEIXE;61;3371;814;24.15
SP;71757;TAQUARITINGA;139;38620;9325;24.15
PR;74918;CARLÓPOLIS;56;12148;2934;24.15
RS;85111;ALVORADA;124;64973;15690;24.15
MS;90158;ANAURILÂNDIA;6;6297;1520;24.14
SP;69892;RUBIÁCEA;151;2390;577;24.14
GO;92894;CALDAS NOVAS;7;68138;16446;24.14
SP;61360;BARRA DO CHAPÉU;10;4672;1128;24.14
BA;36358;ITAQUARA;76;6754;1630;24.13
TO;92479;ARRAIAS;22;8201;1979;24.13
PR;75892;IBAITI;79;21627;5217;24.12
MG;46396;ITACAMBIRA;184;4825;1164;24.12
SP;71838;TAUBATÉ;141;88230;21283;24.12
MG;51071;RIO NOVO;235;7131;1719;24.11
SP;63037;CÂNDIDO RODRIGUES;139;2853;688;24.11
MG;45535;GOVERNADOR VALADARES;119;61097;14730;24.11
PI;10294;BATALHA;45;22539;5435;24.11
SP;70718;SANTOS;273;123366;29735;24.1
RS;89141;CAPÃO DO CIPÓ;44;3105;748;24.09
GO;94013;ISRAELÂNDIA;79;2989;720;24.09
RJ;58971;SÃO GONÇALO;68;81072;19527;24.09
SP;62197;BAURU;387;92900;22373;24.08
SC;80012;ABELARDO LUZ;71;12625;3040;24.08
MG;46558;ITAMBÉ DO MATO DENTRO;132;2720;655;24.08
SP;70572;SANTO ANDRÉ;264;78066;18802;24.08
MG;42218;CAMPINA VERDE;229;14505;3493;24.08
MT;98752;NOVA CANAÃ DO NORTE;23;10256;2469;24.07
AM;98450;SÃO SEBASTIÃO DO UATUMÃ;27;7748;1865;24.07
SP;69450;RANCHARIA;106;22888;5508;24.07
AM;2879;URUCURITUBA;3;14200;3418;24.07
BA;36013;ITAETÉ;119;11361;2735;24.07
ES;56979;SÃO MATEUS;21;92268;22209;24.07
MG;53910;TUPACIGUARA;274;20966;5047;24.07
PB;20656;LAGOA DE DENTRO;60;7869;1894;24.07
BA;34797;CORDEIROS;60;7148;1720;24.06
MS;90638;CORUMBÁ;7;44330;10667;24.06
PE;25593;SÃO BENTO DO UNA;52;38192;9188;24.06
BA;38075;PORTO SEGURO;122;85501;20568;24.06
RS;88811;SÃO LUIZ GONZAGA;52;26267;6317;24.05
MG;41530;BOM JESUS DO AMPARO;22;5181;1246;24.05
ES;56634;LINHARES;25;122598;29479;24.05
SP;69477;REDENÇÃO DA SERRA;128;4304;1035;24.05
SP;71072;SÃO PAULO;6;165700;39851;24.05
BA;33936;BUERAREMA;166;13021;3132;24.05
PA;4596;FARO;89;7131;1714;24.04
SP;62677;CABRÁLIA PAULISTA;159;3698;889;24.04
PE;23752;CAPOEIRAS;130;16542;3976;24.04
SP;62316;BIRITIBA MIRIM;319;24212;5820;24.04
RS;86398;HERVAL;92;5214;1253;24.03
BA;37192;MASCOTE;133;9177;2205;24.03
SP;69914;RUBINÉIA;187;3917;941;24.02
SP;68594;PILAR DO SUL;318;22434;5388;24.02
SP;71072;SÃO PAULO;251;113422;27232;24.01
AL;27197;BOCA DA MATA;48;19738;4740;24.01
MG;48097;MARTINHO CAMPOS;45;11161;2680;24.01
MT;91332;PONTE BRANCA;8;2037;489;24.01
RN;16225;TIBAU;49;9238;2218;24.01
SP;67113;MOCOCA;73;49126;11793;24.01
MG;53074;SAPUCAÍ-MIRIM;205;6091;1462;24.0
MG;41246;ORIZÂNIA;70;6817;1636;24.0
GO;94358;JAUPACI;79;3160;758;23.99
ES;56049;IRUPI;19;11392;2733;23.99
MS;90638;CORUMBÁ;50;23218;5569;23.99
MS;98019;BODOQUENA;15;6487;1556;23.99
BA;39640;VEREDA;148;6714;1611;23.99
ES;56472;GUARAPARI;24;101964;24456;23.98
MA;8486;SENADOR ALEXANDRE COSTA;6;8450;2026;23.98
SP;66036;JARDINÓPOLIS;204;29784;7142;23.98
PE;24856;MIRANDIBA;69;11941;2864;23.98
MT;90476;CÁCERES;6;62205;14913;23.97
RJ;58971;SÃO GONÇALO;87;86214;20669;23.97
SP;71072;SÃO PAULO;320;182122;43658;23.97
SP;70670;SANTO EXPEDITO;182;2682;643;23.97
GO;95397;PIRACANJUBA;25;18846;4515;23.96
SP;71072;SÃO PAULO;376;181769;43551;23.96
MG;41998;CAETÉ;56;34347;8230;23.96
MG;40045;BRASILÂNDIA DE MINAS;151;12436;2978;23.95
SC;82511;BALNEÁRIO PIÇARRAS;68;23277;5575;23.95
SP;69230;PRESIDENTE ALVES;95;3391;812;23.95
PR;75620;RIO BRANCO DO IVAÍ;136;3520;843;23.95
PR;74098;ALTO PARANÁ;87;10406;2492;23.95
SP;70076;SALTO DE PIRAPORA;294;31402;7520;23.95
SP;62634;BURITAMA;214;13143;3146;23.94
SP;63959;ECHAPORÃ;15;5070;1214;23.94
BA;37818;PAULO AFONSO;84;43361;10381;23.94
PB;22330;TAVARES;34;11897;2847;23.93
BA;38954;SAÚDE;115;9154;2191;23.93
SP;70718;SANTOS;272;110234;26383;23.93
RJ;58750;PARATY;57;35461;8486;23.93
PR;79430;WENCESLAU BRAZ;20;14549;3481;23.93
MG;41092;BARÃO DE MONTE ALTO;201;5613;1343;23.93
MG;53775;TIROS;254;6214;1487;23.93
PR;75361;FOZ DO JORDÃO;168;4360;1043;23.92
MG;44814;ESMERALDAS;108;56992;13634;23.92
SP;67636;NOVA GUATAPORANGA;175;2019;483;23.92
SP;64637;GUARANTÃ;31;4765;1140;23.92
GO;92754;BRITÂNIA;95;5183;1240;23.92
MG;47430;LAGOA DA PRATA;156;37445;8958;23.92
MG;42250;CAMPO DO MEIO;65;10449;2499;23.92
MG;41319;BERTÓPOLIS;4;4066;972;23.91
SP;67610;NOVA GRANADA;78;14794;3537;23.91
SP;65714;ITATINGA;26;14071;3364;23.91
RJ;58130;CABO FRIO;256;102615;24538;23.91
MG;49336;PALMA;201;5273;1261;23.91
MA;8559;PARNARAMA;36;26242;6271;23.9
RS;89630;VIAMÃO;59;84973;20312;23.9
MG;45632;GUARACIABA;225;8024;1918;23.9
BA;33111;AIQUARA;147;4318;1032;23.9
PI;10758;FLORES DO PIAUÍ;72;4318;1032;23.9
GO;96938;ÁGUA FRIA DE GOIÁS;131;5099;1218;23.89
MG;47554;LAMBARI;159;17336;4141;23.89
MG;47791;MACHADO;164;30436;7267;23.88
PR;79693;PÉROLA;135;9508;2270;23.87
RJ;60011;RIO DE JANEIRO;243;87958;20996;23.87
RJ;58670;NOVA FRIBURGO;26;64310;15350;23.87
MG;46671;ITAPAGIPE;297;10384;2479;23.87
ES;56596;IÚNA;18;21285;5079;23.86
SP;72192;URU;95;1622;387;23.86
MT;91294;POCONÉ;4;25545;6095;23.86
SP;65331;IRAPURU;196;4556;1087;23.86
SP;65250;IPORANGA;148;3303;788;23.86
SP;67130;MOGI DAS CRUZES;287;161781;38596;23.86
MG;50032;PIEDADE DE PONTE NOVA;339;3812;909;23.85
MT;91618;TESOURO;2;2759;658;23.85
SP;61921;ZACARIAS;214;2570;613;23.85
MG;46957;JACUÍ;260;6410;1529;23.85
MT;91910;ÁGUA BOA;30;21159;5046;23.85
SC;81434;IMBITUBA;73;42184;10055;23.84
GO;93270;CRISTIANÓPOLIS;32;4023;959;23.84
SP;62340;NANTES;167;2206;526;23.84
MS;90174;ANTÔNIO JOÃO;52;7911;1886;23.84
RS;88412;SANTA MARIA;135;105824;25228;23.84
PR;74195;ANDIRÁ;57;16359;3898;23.83
PR;76058;IPORÃ;97;12170;2900;23.83
ES;56030;ALEGRE;4;23554;5614;23.83
SP;72010;TUPÃ;143;47261;11262;23.83
MG;41238;BELO HORIZONTE;36;92920;22146;23.83
SP;68012;PALESTINA;224;8996;2144;23.83
MG;51896;SANTA RITA DO ITUETO;233;5151;1227;23.82
SP;61999;BARBOSA;289;4970;1184;23.82
GO;92444;NOVO PLANALTO;55;4131;984;23.82
SP;70270;SANTA CRUZ DAS PALMEIRAS;39;21443;5108;23.82
GO;94595;MINEIROS;21;51739;12326;23.82
MG;40177;ÁGUAS FORMOSAS;4;14491;3450;23.81
BA;35530;IBIQUERA;42;4187;997;23.81
RJ;58050;BARRA DO PIRAÍ;93;69309;16505;23.81
RS;88013;PORTO ALEGRE;1;101337;24127;23.81
SP;68055;PALMEIRA D OESTE;232;7437;1771;23.81
MG;53813;TOLEDO;112;7507;1787;23.8
SP;67911;OSCAR BRESSANE;12;2450;583;23.8
MG;41238;BELO HORIZONTE;39;127151;30260;23.8
SP;70238;SANTA CLARA D OESTE;187;2441;581;23.8
AM;2046;CAREIRO DA VÁRZEA;31;18436;4387;23.8
AL;28410;PIRANHAS;40;20101;4785;23.8
MG;53597;TAIOBEIRAS;266;27594;6565;23.79
PR;75299;CRUZEIRO DO OESTE;86;16510;3928;23.79
SP;62146;PRATÂNIA;129;4725;1124;23.79
PE;24716;LAGOA DO OURO;59;12046;2866;23.79
SP;62774;CAFELÂNDIA;31;12245;2913;23.79
BA;33782;BOM JESUS DA SERRA;59;9372;2230;23.79
AL;28657;SÃO JOSÉ DA LAJE;16;17824;4240;23.79
BA;37478;MURITIBA;131;23640;5621;23.78
SP;65498;ITAPEVA;53;68478;16285;23.78
SP;62189;SANTA CRUZ DA ESPERANÇA;32;2342;557;23.78
SP;70955;SÃO JOSÉ DO RIO PARDO;124;39191;9318;23.78
RJ;60011;RIO DE JANEIRO;9;162015;38520;23.78
RS;88986;ACEGUÁ;7;3982;947;23.78
SP;69310;PRESIDENTE VENCESLAU;102;26379;6274;23.78
SP;65838;ITUVERAVA;60;27366;6504;23.77
MG;41629;SÃO JOAQUIM DE BICAS;41;25074;5960;23.77
RJ;58696;NOVA IGUAÇU;27;79577;18916;23.77
SP;71471;SUD MENNUCCI;88;6041;1436;23.77
PR;78590;SANTO ANTÔNIO DA PLATINA;22;32125;7636;23.77
PR;75604;RESERVA DO IGUAÇU;160;5460;1298;23.77
MT;91812;PEDRA PRETA;45;14477;3441;23.77
RS;85855;CANELA;65;34975;8314;23.77
MG;44113;CRUCILÂNDIA;47;5672;1348;23.77
RS;87955;PIRATINI;78;14591;3467;23.76
MS;91278;PEDRO GOMES;26;6048;1437;23.76
PR;74454;BANDEIRANTES;58;24411;5801;23.76
SP;66575;LUPÉRCIO;180;3317;788;23.76
SC;83259;SÃO JOAQUIM;28;19522;4637;23.75
RJ;59196;TRÊS RIOS;40;19261;4575;23.75
RS;88013;PORTO ALEGRE;161;105139;24966;23.75
RS;85456;BOM JESUS;63;8592;2041;23.75
PR;75060;SAUDADE DO IGUAÇU;103;5302;1259;23.75
MT;90697;DIAMANTINO;7;16562;3933;23.75
BA;30678;JABORANDI;61;10158;2413;23.75
MG;41238;BELO HORIZONTE;29;99656;23660;23.74
PB;20192;EMAS;32;3824;908;23.74
PR;76597;LARANJEIRAS DO SUL;45;24304;5769;23.74
RO;132;VILHENA;4;71595;16995;23.74
MG;40070;ACAIACA;225;3518;835;23.74
MG;52736;SÃO LOURENÇO;259;34836;8265;23.73
GO;94153;ITAPIRAPUÃ;95;6866;1629;23.73
GO;92150;ALVORADA DO NORTE;123;6780;1609;23.73
BA;38091;POTIRAGUÁ;138;7860;1865;23.73
MG;44750;ENGENHEIRO NAVARRO;44;6173;1465;23.73
SP;64114;FERNANDÓPOLIS;150;50193;11909;23.73
RS;86517;ESTEIO;97;65833;15621;23.73
SP;71072;SÃO PAULO;372;238533;56588;23.72
PE;23493;BREJINHO;99;7811;1853;23.72
RO;779;BURITIS;34;23318;5531;23.72
AM;2950;BERURI;54;15139;3591;23.72
BA;38830;SÃO FRANCISCO DO CONDE;162;33764;8009;23.72
BA;35092;ENTRE RIOS;144;31166;7392;23.72
MT;91510;RONDONÓPOLIS;10;81877;19412;23.71
MA;7056;ALDEIAS ALTAS;5;18506;4387;23.71
AM;2330;FONTE BOA;10;17120;4057;23.7
SP;63916;DUARTINA;159;9858;2336;23.7
SP;71072;SÃO PAULO;260;180213;42708;23.7
SP;71072;SÃO PAULO;4;136450;32324;23.69
MG;40150;AGUANIL;64;4331;1026;23.69
SP;61964;MESÓPOLIS;427;1887;447;23.69
PR;75094;CLEVELÂNDIA;47;13247;3138;23.69
RS;85111;ALVORADA;74;71024;16829;23.69
SP;68659;ESPÍRITO SANTO DO PINHAL;91;30946;7331;23.69
MA;8370;MONÇÃO;43;21263;5038;23.69
BA;35556;IBIRAPITANGA;134;14359;3401;23.69
SP;71072;SÃO PAULO;328;179410;42500;23.69
SP;68950;PLATINA;83;2775;657;23.68
SP;67750;OCAUÇU;180;3441;815;23.68
SC;80667;CALMON;6;3186;754;23.67
MG;52876;SÃO SEBASTIÃO DA BELA VISTA;248;6472;1532;23.67
PI;10804;GUARIBAS;79;4478;1060;23.67
PE;23264;JATOBÁ;89;11616;2749;23.67
MG;49492;PASSABÉM;132;1914;453;23.67
MG;45934;IBIRACI;127;9469;2241;23.67
SP;67539;NHANDEARA;162;7745;1833;23.67
PI;12203;JÚLIO BORGES;88;5222;1236;23.67
RO;299;ROLIM DE MOURA;29;41088;9724;23.67
MT;90166;NOVA MARILÂNDIA;17;3030;717;23.66
PE;24015;CUSTÓDIA;65;29588;7000;23.66
GO;93971;IPAMERI;14;20506;4851;23.66
SP;70297;SANTA CRUZ DO RIO PARDO;114;34041;8053;23.66
MS;91758;DEODÁPOLIS;39;10690;2529;23.66
MG;51373;SACRAMENTO;243;20911;4948;23.66
PE;25810;SERTÂNIA;62;27423;6488;23.66
GO;95133;PALMELO;27;2406;569;23.65
SP;63215;CASTILHO;9;15377;3636;23.65
RS;85537;BUTIÁ;116;14823;3505;23.65
MG;44474;DIVISA NOVA;55;5108;1208;23.65
BA;39250;TAPIRAMUTÁ;54;11283;2667;23.64
MG;44156;CRUZÍLIA;346;12917;3053;23.64
MT;90484;CAMPO NOVO DO PARECIS;60;31126;7359;23.64
GO;92720;SIMOLÂNDIA;123;5580;1319;23.64
SP;63550;CORUMBATAÍ;245;3523;833;23.64
MG;51594;SANTA MARIA DE ITABIRA;113;8798;2079;23.63
PB;19194;ARARUNA;20;14816;3501;23.63
SP;65234;IPEÚNA;245;5852;1383;23.63
MG;52159;SÃO BENTO ABADE;272;4193;991;23.63
MT;90662;RIBEIRÃO CASCALHEIRA;31;7618;1800;23.63
SE;31291;CARMÓPOLIS;14;12534;2960;23.62
SE;31232;CANINDÉ DE SÃO FRANCISCO;28;24727;5840;23.62
SC;81744;BALNEÁRIO GAIVOTA;54;12988;3068;23.62
MA;7781;JUNCO DO MARANHÃO;100;5092;1202;23.61
MT;98957;TERRA NOVA DO NORTE;33;9125;2154;23.61
MG;50059;PIEDADE DO RIO GRANDE;24;4083;964;23.61
MG;41203;OLHOS D ÁGUA;44;5281;1247;23.61
PR;78530;SANTA MARIANA;109;9361;2210;23.61
BA;39535;URUÇUCA;198;18222;4303;23.61
MG;42560;VERMELHO NOVO;231;5097;1203;23.6
MG;46256;IPATINGA;130;62187;14674;23.6
PR;74993;CENTENÁRIO DO SUL;159;8551;2017;23.59
SP;71072;SÃO PAULO;404;193359;45612;23.59
RO;701;PARECIS;19;3875;914;23.59
RJ;58696;NOVA IGUAÇU;84;142315;33558;23.58
PR;75280;CORUMBATAÍ DO SUL;133;3757;886;23.58
PB;19852;CATINGUEIRA;32;5416;1277;23.58
GO;95451;PIRES DO RIO;27;22071;5205;23.58
RO;647;RIO CRESPO;26;3508;827;23.57
SP;62090;BARRETOS;21;85200;20082;23.57
RS;88536;SANTO ÂNGELO;45;58898;13882;23.57
GO;94030;ITABERAÍ;15;33230;7829;23.56
MA;8028;OLINDA NOVA DO MARANHÃO;86;11175;2631;23.54
GO;93190;CORUMBAÍBA;5;7145;1682;23.54
SP;64750;GUARUJÁ;212;130977;30835;23.54
RS;86240;ELDORADO DO SUL;90;26775;6302;23.54
MG;52850;SÃO ROQUE DE MINAS;220;5891;1386;23.53
PE;23060;XEXÉU;38;11213;2638;23.53
SP;71072;SÃO PAULO;420;116825;27494;23.53
RS;88412;SANTA MARIA;41;101291;23836;23.53
MG;48798;MUTUM;188;21564;5075;23.53
MT;98850;PORTO ALEGRE DO NORTE;28;7904;1859;23.52
SP;69078;PONTES GESTAL;224;2368;557;23.52
GO;92886;COCALZINHO DE GOIÁS;26;17515;4119;23.52
MG;43737;COQUEIRAL;192;7797;1834;23.52
SP;65633;ITAQUAQUECETUBA;419;152146;35791;23.52
MG;41610;BONFIM;47;7317;1721;23.52
SP;64530;GUAPIARA;37;13629;3205;23.52
RS;89630;VIAMÃO;72;76689;18038;23.52
RJ;58432;ITAPERUNA;107;76037;17884;23.52
MG;43672;CONSELHEIRO PENA;89;15714;3694;23.51
MG;40703;SÃO JOÃO DA LAGOA;94;5131;1206;23.5
SC;80942;SÃO CRISTÓVÃO DO SUL;11;3557;836;23.5
RS;87726;SÃO JOSÉ DOS AUSENTES;63;3387;796;23.5
PA;5550;SENADOR JOSÉ PORFÍRIO;54;14884;3497;23.5
SP;68799;PIRAJUÍ;95;14814;3482;23.5
MT;90280;CONFRESA;28;26068;6123;23.49
SP;61468;UBARANA;64;4496;1056;23.49
SP;71072;SÃO PAULO;255;182354;42832;23.49
AL;28614;SANTANA DO MUNDAÚ;21;9415;2212;23.49
MA;8672;PINDARÉ-MIRIM;43;25951;6097;23.49
GO;92320;MATRINCHÃ;95;3955;929;23.49
MT;89826;NOVA SANTA HELENA;23;3384;795;23.49
RJ;60011;RIO DE JANEIRO;246;110754;26010;23.48
RJ;58939;SANTO ANTÔNIO DE PÁDUA;34;33702;7914;23.48
MT;90050;ALTO ARAGUAIA;8;11527;2706;23.48
MA;8524;SERRANO DO MARANHÃO;107;9228;2167;23.48
BA;39292;TEOFILÂNDIA;123;18692;4388;23.48
RS;86860;LAJEADO DO BUGRE;32;2108;495;23.48
MG;41378;BICAS;42;11578;2717;23.47
SP;61484;CAJATI;228;22016;5167;23.47
BA;33871;BREJOLÂNDIA;190;8415;1975;23.47
MS;55018;ALCINÓPOLIS;38;3809;894;23.47
SP;62758;CACONDE;30;13333;3129;23.47
PR;79197;TERRA RICA;105;11783;2766;23.47
AM;2518;LÁBREA;12;29351;6888;23.47
MG;41432;BOCAINA DE MINAS;306;4428;1039;23.46
BA;33383;ARAÇÁS;200;10800;2534;23.46
GO;93335;CUMARI;8;2613;613;23.46
SP;71072;SÃO PAULO;373;163463;38342;23.46
MG;42854;CARMO DO PARANAÍBA;76;22245;5219;23.46
GO;92851;CAÇU;106;10792;2532;23.46
SP;64190;FLOREAL;162;2670;626;23.45
MG;45659;GUARANÉSIA;125;14892;3492;23.45
MA;8346;SÃO JOÃO DO SOTER;6;14327;3359;23.45
MA;8222;SANTANA DO MARANHÃO;51;8165;1915;23.45
RJ;58971;SÃO GONÇALO;135;117602;27562;23.44
MG;41238;BELO HORIZONTE;38;108892;25528;23.44
GO;96733;CACHOEIRA DOURADA;16;7232;1695;23.44
PA;4502;ABEL FIGUEIREDO;51;6010;1409;23.44
SP;67890;OSASCO;331;123409;28926;23.44
GO;92835;CACHOEIRA DE GOIÁS;80;2065;484;23.44
MG;52175;SÃO BRÁS DO SUAÇUÍ;106;3755;880;23.44
PI;10510;CASTELO DO PIAUÍ;34;16956;3973;23.43
PR;77097;MORRETES;51;14680;3439;23.43
GO;95958;PLANALTINA;44;66587;15603;23.43
GO;94250;ITUMBIARA;16;74876;17542;23.43
PA;5452;SÃO FÉLIX DO XINGU;53;43015;10080;23.43
SC;80934;CURITIBANOS;11;31343;7344;23.43
SP;69574;RIBEIRA;10;2889;677;23.43
PR;76295;JACAREZINHO;24;29711;6959;23.42
MA;7951;GUIMARÃES;30;9820;2300;23.42
PI;11673;PIRIPIRI;11;53170;12449;23.41
MG;51098;RIO PARANAÍBA;254;11055;2588;23.41
PR;75078;CIDADE GAÚCHA;127;8899;2083;23.41
SP;62383;OUROESTE;302;7997;1872;23.41
PR;77798;PORECATU;65;9608;2249;23.41
GO;96539;NOVA CRIXÁS;110;9335;2185;23.41
PA;4197;AVEIRO;34;11870;2777;23.4
MG;43451;CONCEIÇÃO DAS ALAGOAS;82;20159;4718;23.4
GO;92207;EDEALINA;68;4159;973;23.4
PI;11932;SÃO FRANCISCO DO PIAUÍ;94;6210;1453;23.4
MG;46914;JABOTICATUBAS;143;16254;3804;23.4
SP;70572;SANTO ANDRÉ;156;103333;24181;23.4
GO;92266;GOUVELÂNDIA;46;4011;938;23.39
AL;27359;CARNEIROS;19;7751;1813;23.39
MG;51772;SANTANA DO MANHUAÇU;167;7807;1826;23.39
MG;41424;REDUTO;167;5853;1369;23.39
MA;7714;CURURUPU;14;26322;6158;23.39
SP;64610;GUARANI D OESTE;302;1783;417;23.39
SP;67997;PACAEMBU;196;7523;1760;23.39
MG;47236;JOÃO MONLEVADE;150;61219;14310;23.38
GO;92037;ÁGUA LIMPA;5;2635;616;23.38
PB;20494;JERICÓ;36;6938;1622;23.38
MS;90794;GLÓRIA DE DOURADOS;39;8125;1900;23.38
SP;66850;MARTINÓPOLIS;71;18046;4217;23.37
SP;67016;MIRA ESTRELA;224;2892;676;23.37
MG;41238;BELO HORIZONTE;28;105150;24571;23.37
SP;70130;SANTA ADÉLIA;111;10828;2530;23.37
PE;25178;PESQUEIRA;55;52492;12270;23.37
MG;47996;MARIANA;171;52424;12254;23.37
MG;52132;SANTOS DUMONT;250;37567;8774;23.36
MG;42161;GOIANÁ;235;4491;1049;23.36
ES;56774;NOVA VENÉCIA;30;41191;9624;23.36
MG;41343;PIEDADE DE CARATINGA;71;7808;1824;23.36
SP;71072;SÃO PAULO;246;159212;37198;23.36
BA;33090;ÉRICO CARDOSO;111;8440;1972;23.36
PI;11576;PEDRO II;12;35312;8245;23.35
PR;75191;CONSELHEIRO MAIRINCK;79;3221;752;23.35
RS;85618;CACHOEIRINHA;143;102594;23958;23.35
BA;36706;JUCURUÇU;172;8448;1972;23.34
SP;61891;AVARÉ;17;64380;15026;23.34
SP;68756;PIRACICABA;93;105709;24677;23.34
RN;17396;LUÍS GOMES;42;7360;1718;23.34
MG;52531;SÃO JOÃO DO PARAÍSO;237;18054;4214;23.34
SP;66893;MAUÁ;339;98876;23074;23.34
MG;41475;BOM DESPACHO;45;39052;9113;23.34
GO;92878;CAIAPÔNIA;6;13208;3082;23.33
MA;8311;MATÕES;81;27285;6366;23.33
AM;98396;MANAQUIRI;23;15304;3571;23.33
PA;5614;TUCURUÍ;40;73025;17039;23.33
ES;57975;VENDA NOVA DO IMIGRANTE;40;20198;4712;23.33
MG;48259;MEDEIROS;21;3335;778;23.33
SP;69752;RINCÃO;239;7171;1673;23.33
GO;92460;PALESTINA DE GOIÁS;102;3576;834;23.32
MG;48810;MUZAMBINHO;189;17966;4189;23.32
SP;64092;FARTURA;234;12518;2919;23.32
PR;75396;DIAMANTE DO NORTE;96;4379;1021;23.32
BA;38598;SANTA INÊS;38;8217;1916;23.32
MA;8699;PINHEIRO;37;62812;14646;23.32
RJ;58017;ANGRA DOS REIS;147;76555;17842;23.31
MT;90352;BARRA DO GARÇAS;9;47123;10986;23.31
SP;68756;PIRACICABA;270;158688;36998;23.31
MT;91936;CANARANA;31;17766;4142;23.31
SP;62120;PRACINHA;69;1476;344;23.31
PE;25690;SÃO JOSÉ DO BELMONTE;74;28341;6603;23.3
SP;63770;DIADEMA;426;84166;19614;23.3
SC;80926;PONTE ALTA DO NORTE;11;2635;614;23.3
GO;93815;GUAPÓ;56;14861;3463;23.3
RS;85219;ARROIO DOS RATOS;50;10249;2387;23.29
GO;92339;ARAGARÇAS;35;13908;3239;23.29
MG;51438;SANTA BÁRBARA;245;24261;5650;23.29
RS;88188;DILERMANDO DE AGUIAR;81;3281;764;23.29
MA;9016;SANTA RITA;18;28000;6522;23.29
SP;61794;ASSIS;15;69743;16241;23.29
PR;75779;GUAPOREMA;127;1979;461;23.29
MS;55069;FIGUEIRÃO;14;2805;653;23.28
PR;74322;FAZENDA RIO GRANDE;144;94019;21891;23.28
SP;67954;OURINHOS;82;76480;17800;23.27
SP;71196;SÃO SIMÃO;133;11158;2596;23.27
MG;44733;ENGENHEIRO CALDAS;267;7790;1813;23.27
SP;72079;TURMALINA;233;1955;455;23.27
MG;45535;GOVERNADOR VALADARES;318;73430;17082;23.26
SP;66958;MIGUELÓPOLIS;208;15123;3518;23.26
PR;75248;CORONEL DOMINGOS SOARES;32;5280;1228;23.26
BA;39853;RAFAEL JAMBEIRO;43;19049;4431;23.26
MS;91880;SONORA;26;11254;2618;23.26
SP;72311;VARGEM GRANDE DO SUL;229;30430;7077;23.26
PA;5150;PORTEL;44;41746;9709;23.26
AM;2410;ITACOATIARA;3;76067;17682;23.25
GO;92657;BELA VISTA DE GOIÁS;32;24222;5632;23.25
SP;66516;LUCIANÓPOLIS;159;2146;499;23.25
RN;16187;VENHA-VER;43;3918;911;23.25
RO;78;ARIQUEMES;7;72512;16850;23.24
SP;71072;SÃO PAULO;252;110445;25672;23.24
ES;56995;SERRA;59;123925;28796;23.24
SP;65412;ITAJU;19;3176;738;23.24
SP;70971;SÃO JOSÉ DO RIO PRETO;125;90586;21052;23.24
SP;62952;CAMPOS DO JORDÃO;35;38107;8854;23.23
AL;28274;PÃO DE AÇÚCAR;11;18843;4377;23.23
PB;19534;IGARACY;66;5888;1368;23.23
AL;28835;TRAIPU;20;19176;4454;23.23
PR;75256;CORNÉLIO PROCÓPIO;26;35102;8153;23.23
ES;56499;IBIRAÇU;14;9933;2306;23.22
PR;76490;JOAQUIM TÁVORA;55;9226;2142;23.22
RO;663;MONTE NEGRO;25;10191;2366;23.22
CE;14338;ITATIRA;33;19602;4551;23.22
MS;55034;JAPORÃ;33;6581;1528;23.22
MG;53732;TIMÓTEO;98;59600;13836;23.21
RS;85049;DEZESSEIS DE NOVEMBRO;52;2615;607;23.21
MS;91154;NIOAQUE;45;10377;2409;23.21
SP;71170;SÃO SEBASTIÃO DA GRAMA;229;8398;1948;23.2
SP;69353;QUATÁ;106;10121;2348;23.2
RJ;59153;TERESÓPOLIS;38;61291;14219;23.2
MA;8001;NOVA OLINDA DO MARANHÃO;80;13507;3134;23.2
SP;71072;SÃO PAULO;405;107709;24976;23.19
SP;66290;LARANJAL PAULISTA;142;20780;4819;23.19
MG;41106;NATALÂNDIA;329;3571;828;23.19
BA;39870;SANTA LUZIA;133;9034;2095;23.19
PR;75736;GUAIRAÇÁ;105;5399;1252;23.19
AL;27154;BELÉM;28;5054;1172;23.19
RS;88579;SANTO ANTÔNIO DAS MISSÕES;141;8347;1936;23.19
MT;90620;MATUPÁ;33;15134;3510;23.19
RS;88480;UNISTALDA;44;2687;623;23.19
ES;56200;PONTO BELO;38;6490;1505;23.19
GO;95559;PORANGATU;55;30959;7176;23.18
MA;7196;ARARI;27;24000;5562;23.18
ES;56570;ITARANA;11;9584;2222;23.18
SP;65315;IRAPUÃ;207;5489;1272;23.17
SP;71072;SÃO PAULO;353;181371;42031;23.17
BA;34991;DÁRIO MEIRA;147;8515;1972;23.16
PA;5215;PRIMAVERA;33;11339;2626;23.16
MG;45977;IBITIÚRA DE MINAS;13;3709;859;23.16
RO;159;JARU;10;41260;9555;23.16
SP;71072;SÃO PAULO;408;171821;39780;23.15
SP;62910;CAMPINAS;423;115339;26705;23.15
GO;93998;IPORÁ;53;26609;6160;23.15
SP;71072;SÃO PAULO;346;187342;43351;23.14
MG;43079;CATAS ALTAS DA NORUEGA;87;4149;960;23.14
MG;43834;COROACI;212;7969;1844;23.14
TO;95699;LIZARDA;35;3099;717;23.14
SP;64874;IBATÉ;410;26265;6077;23.14
MG;42510;CAPINÓPOLIS;302;11606;2686;23.14
SP;68519;PEREIRAS;41;6469;1496;23.13
BA;35076;ENCRUZILHADA;152;15576;3602;23.13
RS;86835;GRAVATAÍ;71;93718;21680;23.13
MG;50130;PIRAJUBA;82;4817;1114;23.13
PI;11231;MIGUEL ALVES;17;27719;6412;23.13
GO;93173;CORUMBÁ DE GOIÁS;26;7930;1834;23.13
MG;40851;AREADO;19;11770;2722;23.13
MA;7900;MARAJÁ DO SENA;102;6771;1566;23.13
PE;25410;SALGADINHO;88;7134;1650;23.13
PB;19437;BOA VENTURA;42;5167;1195;23.13
SP;71994;TRÊS FRONTEIRAS;187;5256;1215;23.12
RS;89338;TORRES;85;33260;7689;23.12
MT;90093;ALTO PARAGUAI;7;6195;1432;23.12
PA;4260;ÁGUA AZUL DO NORTE;61;10878;2515;23.12
MG;50571;PRATÁPOLIS;293;7457;1724;23.12
RS;88013;PORTO ALEGRE;111;105625;24422;23.12
PA;5851;CURIONÓPOLIS;58;17009;3930;23.11
PR;75752;GUAPIRAMA;55;4064;939;23.11
MG;49395;PARACATU;203;68278;15776;23.11
SP;62910;CAMPINAS;380;111524;25769;23.11
SP;64351;GARÇA;47;32368;7476;23.1
RO;787;PIMENTEIRAS DO OESTE;16;2286;528;23.1
PB;20133;DIAMANTE;42;5910;1365;23.1
PR;74748;RIO BONITO DO IGUAÇU;45;11105;2564;23.09
SP;67814;ONDA VERDE;78;4387;1013;23.09
RJ;58130;CABO FRIO;96;77067;17792;23.09
SP;68934;PLANALTO;214;3962;915;23.09
MG;43478;CONCEIÇÃO DE IPANEMA;129;4497;1038;23.08
RS;89710;TAVARES;122;4533;1046;23.08
MG;46973;JACUTINGA;13;19258;4444;23.08
SP;61557;ARAÇATUBA;299;73587;16987;23.08
ES;56308;GOVERNADOR LINDENBERG;51;9107;2102;23.08
MG;47872;MANHUAÇU;167;62011;14307;23.07
SP;70211;SANTA BRANCA;112;11889;2743;23.07
MG;46094;ILICÍNEA;122;9938;2293;23.07
GO;95737;RUBIATABA;76;15629;3605;23.07
BA;37877;PIATÃ;105;17470;4030;23.07
SP;71072;SÃO PAULO;350;180600;41667;23.07
MG;41238;BELO HORIZONTE;331;102663;23682;23.07
AL;28690;SÃO LUÍS DO QUITUNDE;17;23573;5437;23.06
MG;40088;CARNEIRINHO;142;7997;1844;23.06
MG;40169;DURANDÉ;168;6586;1519;23.06
MG;48518;MONSENHOR PAULO;61;6960;1605;23.06
SP;64955;IBIÚNA;191;61951;14286;23.06
PE;25232;POÇÃO;55;10334;2382;23.05
BA;35793;IPIAÚ;24;32735;7546;23.05
SP;68390;PEDRANÓPOLIS;302;2682;618;23.04
GO;93122;CALDAZINHA;40;4292;989;23.04
SP;71072;SÃO PAULO;327;171760;39571;23.04
MG;49590;PATOS DE MINAS;210;48422;11155;23.04
PI;10715;ELISEU MARTINS;67;4015;925;23.04
RJ;58041;BELFORD ROXO;152;98478;22678;23.03
MT;89877;ALTA FLORESTA;24;43203;9950;23.03
BA;36838;LAMARÃO;160;8523;1963;23.03
MG;54135;VARGINHA;281;104607;24095;23.03
SP;69396;QUELUZ;42;7112;1638;23.03
AL;28916;SENADOR RUI PALMEIRA;51;9681;2230;23.03
SP;64211;FLÓRIDA PAULISTA;157;7407;1706;23.03
MS;90530;CARACOL;17;4723;1087;23.02
BA;39454;UBATÃ;134;11980;2758;23.02
SP;61115;ÁGUAS DE SÃO PEDRO;130;4335;998;23.02
RS;85553;CAÇAPAVA DO SUL;9;25010;5758;23.02
MG;42447;UNIÃO DE MINAS;142;3158;727;23.02
RJ;58203;RIO DAS OSTRAS;184;107737;24797;23.02
BA;36153;ITAMARI;151;6100;1404;23.02
MG;40797;ARAXÁ;17;81839;18833;23.01
SP;61344;CANITAR;313;4337;998;23.01
SC;82678;PORTO UNIÃO;25;25684;5911;23.01
SP;71072;SÃO PAULO;325;149556;34418;23.01
SP;67890;OSASCO;332;75676;17416;23.01
SP;65870;JABOTICABAL;61;50931;11716;23.0
MA;9598;PAULO RAMOS;102;16850;3875;23.0
SP;67130;MOGI DAS CRUZES;319;76409;17575;23.0
RN;18775;TANGARÁ;53;12583;2894;23.0
GO;95230;PARAÚNA;43;9273;2133;23.0
SC;80683;BALNEÁRIO BARRA DO SUL;27;11418;2626;23.0
BA;39179;TABOCAS DO BREJO VELHO;190;11241;2584;22.99
MG;46019;IGARAPÉ;41;35009;8048;22.99
MT;91359;PORTO DOS GAÚCHOS;27;4455;1024;22.99
MG;54070;UNAÍ;280;64172;14750;22.99
MG;49450;PARAISÓPOLIS;205;16472;3787;22.99
AM;2275;CODAJÁS;7;17092;3930;22.99
SP;70890;SÃO JOAQUIM DA BARRA;123;35828;8238;22.99
SP;63657;CRISTAIS PAULISTA;240;7311;1681;22.99
SP;66893;MAUÁ;365;122471;28161;22.99
PE;23302;JAQUEIRA;43;9225;2120;22.98
RS;88072;PUTINGA;145;3807;875;22.98
MG;48232;MATUTINA;254;3386;778;22.98
SP;63231;CATANDUVA;40;86119;19787;22.98
SP;70572;SANTO ANDRÉ;306;90145;20713;22.98
PR;79499;XAMBRÊ;117;5375;1235;22.98
SP;72435;VOTORANTIM;220;92608;21268;22.97
BA;38113;PRADO;112;25814;5930;22.97
SP;63614;COTIA;286;67765;15563;22.97
PR;79111;TAPEJARA;86;11635;2672;22.97
RS;85308;ARROIO DO SAL;85;9495;2181;22.97
MA;8087;PERITORÓ;8;16364;3759;22.97
PE;24392;INAJÁ;63;15906;3654;22.97
SP;70971;SÃO JOSÉ DO RIO PRETO;268;109008;25030;22.96
RJ;58378;ITABORAÍ;151;79680;18287;22.95
RS;88013;PORTO ALEGRE;112;110603;25379;22.95
RS;86452;ESMERALDA;58;2884;662;22.95
RS;89257;TAPES;84;11792;2706;22.95
PR;75310;CRUZEIRO DO SUL;91;3922;900;22.95
PR;75710;GUAÍRA;90;23809;5461;22.94
RS;88013;PORTO ALEGRE;2;121856;27958;22.94
MT;98833;PARANAÍTA;24;9406;2158;22.94
SP;71072;SÃO PAULO;259;154793;35516;22.94
SC;80578;CAÇADOR;6;53297;12226;22.94
RS;85391;BARROS CASSAL;54;8271;1897;22.94
PB;21091;OLHO D ÁGUA;66;7440;1706;22.93
PR;74071;ALMIRANTE TAMANDARÉ;171;77677;17813;22.93
RJ;58017;ANGRA DOS REIS;116;60516;13878;22.93
MG;53139;SENADOR FIRMINO;261;7117;1632;22.93
RS;86193;CRUZ ALTA;17;45724;10486;22.93
RJ;58254;CASIMIRO DE ABREU;50;35993;8251;22.92
ES;56111;ARACRUZ;20;75118;17218;22.92
SC;83909;BALNEÁRIO RINCÃO;79;13698;3140;22.92
AM;2437;ITAPIRANGA;24;9689;2221;22.92
SP;71072;SÃO PAULO;257;174227;39924;22.91
BA;36854;LAURO DE FREITAS;180;163871;37542;22.91
SP;63410;COLINA;178;14048;3219;22.91
RS;86835;GRAVATAÍ;173;98359;22537;22.91
BA;38474;SALINAS DA MARGARIDA;30;16000;3666;22.91
BA;35858;IRAJUBA;76;5507;1261;22.9
MG;40681;SANTANA DO PARAÍSO;130;25815;5912;22.9
SP;69159;PORTO FERREIRA;194;39960;9149;22.9
MG;40347;LAGOA GRANDE;230;7611;1743;22.9
MG;43796;CORDISLÂNDIA;253;2969;680;22.9
MG;45233;FORMOSO;324;6282;1438;22.89
SP;71072;SÃO PAULO;421;173927;39810;22.89
RS;86355;ENCRUZILHADA DO SUL;19;18702;4281;22.89
RO;680;CUJUBIM;26;11176;2558;22.89
RO;51;JI-PARANÁ;30;67945;15545;22.88
GO;93890;HIDROLÂNDIA;132;23574;5393;22.88
TO;92134;ALVORADA;14;8052;1842;22.88
SP;63770;DIADEMA;222;87535;20028;22.88
SP;71072;SÃO PAULO;417;125767;28776;22.88
MG;47775;MACHACALIS;4;5799;1327;22.88
MG;41238;BELO HORIZONTE;334;136329;31196;22.88
PA;5053;ORIXIMINÁ;38;50827;11629;22.88
MG;51110;RIO PARDO DE MINAS;237;22281;5099;22.88
CE;13153;ANTONINA DO NORTE;18;7089;1621;22.87
GO;92711;BRAZABRANTES;101;3891;890;22.87
SP;62030;BARIRI;19;23149;5294;22.87
RS;89362;PINHAL DA SERRA;58;2584;591;22.87
BA;33812;BOQUIRA;65;16616;3800;22.87
MG;41238;BELO HORIZONTE;32;105775;24182;22.86
MG;40320;JUATUBA;172;25040;5725;22.86
BA;38946;SAUBARA;178;13374;3057;22.86
GO;93254;CRISTALINA;36;38974;8911;22.86
BA;37559;NOVA CANAÃ;146;12377;2830;22.86
PR;79758;MARILENA;96;5989;1369;22.86
MG;41041;MARTINS SOARES;168;8197;1874;22.86
AL;27022;PARICONHA;39;9772;2233;22.85
SP;70793;SÃO CARLOS;121;110185;25175;22.85
SP;71072;SÃO PAULO;381;209673;47916;22.85
GO;93718;GOIANÉSIA;74;59437;13581;22.85
GO;92924;CHAPADÃO DO CÉU;96;9497;2170;22.85
AL;28339;PENEDO;13;44742;10224;22.85
SP;67431;MURUTINGA DO SUL;9;3341;763;22.84
SP;62979;CAMPOS NOVOS PAULISTA;83;3805;869;22.84
PR;84557;ALTAMIRA DO PARANÁ;169;3441;786;22.84
SC;82651;PORTO BELO;31;20041;4576;22.83
SP;64750;GUARUJÁ;310;107936;24638;22.83
MG;40428;MATA VERDE;9;7529;1719;22.83
AL;28053;MINADOR DO NEGRÃO;46;5111;1167;22.83
SP;69612;RIBEIRÃO BRANCO;53;14335;3273;22.83
RJ;58971;SÃO GONÇALO;133;100981;23049;22.83
MA;7340;BURITICUPU;95;42732;9756;22.83
MG;48615;MONTE CARMELO;181;35703;8147;22.82
ES;56022;ÁGUA DOCE DO NORTE;23;11111;2536;22.82
MG;41238;BELO HORIZONTE;26;92998;21223;22.82
SP;64432;GLICÉRIO;289;3987;910;22.82
RO;175;OURO PRETO DO OESTE;13;28282;6454;22.82
MG;41238;BELO HORIZONTE;34;111835;25526;22.82
GO;92215;ANÁPOLIS;3;88577;20209;22.82
SP;71072;SÃO PAULO;254;148591;33911;22.82
RJ;58777;PETRÓPOLIS;65;105417;24058;22.82
PR;79375;UNIÃO DA VITÓRIA;33;40654;9272;22.81
SP;71510;SUZANO;415;107435;24501;22.81
MG;49816;PEDRALVA;99;9379;2139;22.81
BA;36439;ITORORÓ;137;16355;3731;22.81
MG;42048;DOM BOSCO;329;3779;862;22.81
SE;31330;CRISTINÁPOLIS;30;14633;3338;22.81
PA;4049;BOM JESUS DO TOCANTINS;100;12477;2846;22.81
SP;62219;BEBEDOURO;24;56372;12860;22.81
SP;67890;OSASCO;276;94001;21431;22.8
PR;76376;JANIÓPOLIS;183;4944;1127;22.8
SP;62499;BOTUCATU;26;111048;25320;22.8
SP;71498;SUMARÉ;230;76077;17339;22.79
BA;35378;IAÇU;193;20513;4674;22.79
ES;57118;RIO BANANAL;51;15535;3541;22.79
MA;7854;GONÇALVES DIAS;108;13629;3106;22.79
SP;63339;CESÁRIO LANGE;355;13804;3146;22.79
SP;61417;ANDRADINA;9;42476;9680;22.79
MG;53317;SERRA DA SAUDADE;104;1281;292;22.79
SP;62812;CAIEIRAS;192;72229;16462;22.79
BA;36137;ITAMARAJU;172;45999;10480;22.78
RN;16870;GUAMARÉ;30;15625;3559;22.78
BA;34029;CAETANOS;58;11192;2549;22.78
SP;64513;GUAPIAÇU;312;15943;3632;22.78
PR;76759;MANDAGUAÇU;102;19903;4533;22.78
MG;42919;CARRANCAS;343;3441;784;22.78
RO;191;PRESIDENTE MÉDICI;3;15677;3572;22.78
SC;82090;MATOS COSTA;25;2463;561;22.78
SP;71510;SUZANO;181;128153;29199;22.78
ES;56065;ALTO RIO NOVO;36;6545;1490;22.77
SC;80390;BALNEÁRIO CAMBORIÚ;56;86929;19790;22.77
SP;61638;ARARAQUARA;385;101486;23096;22.76
MG;41238;BELO HORIZONTE;332;117185;26670;22.76
MG;53473;SILVIANÓPOLIS;248;4859;1106;22.76
PA;4308;PAU D ARCO;59;8655;1970;22.76
PI;11118;LANDRI SALES;46;5122;1165;22.75
BA;36056;ITAGIBÁ;147;13131;2987;22.75
BA;35491;SANTA RITA DE CÁSSIA;97;22965;5225;22.75
MG;40690;ARAGUARI;16;90272;20537;22.75
RJ;58033;ARARUAMA;92;111370;25339;22.75
MG;48372;MINDURI;346;3240;737;22.75
MG;40908;VARGEM ALEGRE;72;5430;1235;22.74
MG;48054;MARLIÉRIA;98;4514;1026;22.73
PR;77690;PIRAQUARA;155;73929;16804;22.73
MG;46612;ITANHANDU;137;12883;2928;22.73
ES;56731;MUNIZ FREIRE;19;14757;3355;22.73
PI;12360;COCAL DE TELHA;71;4645;1056;22.73
SP;69299;PRESIDENTE PRUDENTE;101;76998;17499;22.73
PR;78999;SAPOPEMA;119;5485;1246;22.72
CE;14893;NOVO ORIENTE;99;23218;5276;22.72
BA;38075;PORTO SEGURO;121;31086;7064;22.72
MT;90140;NOVA GUARITA;33;4119;936;22.72
PE;24597;JATAÚBA;54;15816;3592;22.71
RS;86487;CANDIOTA;142;8121;1844;22.71
GO;95095;PADRE BERNARDO;131;20391;4630;22.71
SP;66818;MARÍLIA;400;88512;20104;22.71
PR;74756;CAMPINA DA LAGOA;169;12371;2809;22.71
GO;94978;NOVA VENEZA;54;8553;1942;22.71
PR;76392;JAPIRA;79;3943;895;22.7
SP;71072;SÃO PAULO;250;132182;30001;22.7
PR;75930;ICARAÍMA;172;7070;1605;22.7
MG;43850;COROMANDEL;96;24503;5561;22.7
SP;63118;CARAGUATATUBA;206;106446;24156;22.69
PR;74853;CÂNDIDO DE ABREU;106;11738;2663;22.69
ES;56154;BAIXO GUANDU;7;24892;5649;22.69
MG;52779;SÃO PEDRO DA UNIÃO;125;4328;982;22.69
AL;28215;OURO BRANCO;50;10029;2276;22.69
SP;67890;OSASCO;277;79465;18028;22.69
MS;91073;MARACAJU;16;29813;6765;22.69
MG;43974;CÓRREGO DO BOM JESUS;59;4380;994;22.69
PR;77232;NOVA FÁTIMA;108;6087;1381;22.69
SP;67830;ORIENTE;180;5159;1170;22.68
SP;62391;BOITUVA;369;47624;10801;22.68
SP;62618;BURI;215;14878;3374;22.68
PR;76333;JAGUARIAÍVA;18;25982;5894;22.68
GO;93513;ESTRELA DO NORTE;88;3214;729;22.68
PE;23272;BARREIROS;42;30474;6911;22.68
SP;67571;NOVA ALIANÇA;126;5431;1232;22.68
SP;68411;PEDREGULHO;155;12296;2788;22.67
MA;7102;ARAGUANÃ;96;8007;1815;22.67
PI;11037;JAICÓS;19;14188;3216;22.67
GO;93939;IACIARA;29;8526;1933;22.67
SP;67890;OSASCO;213;76725;17396;22.67
MT;89850;SINOP;22;127167;28825;22.67
PA;5835;PARAUAPEBAS;106;120867;27394;22.66
BA;33677;BELMONTE;34;14778;3348;22.66
PB;19909;AREIA DE BARAÚNAS;65;2502;567;22.66
MA;7650;COELHO NETO;28;33370;7563;22.66
RJ;59056;SÃO SEBASTIÃO DO ALTO;60;7793;1766;22.66
MT;90590;CHAPADA DOS GUIMARÃES;34;17941;4063;22.65
MG;43290;CLARO DOS POÇÕES;184;7507;1700;22.65
SP;71072;SÃO PAULO;352;174517;39525;22.65
MT;91855;TANGARÁ DA SERRA;19;70136;15886;22.65
PR;79170;TERRA BOA;173;13355;3025;22.65
MG;40185;ENTRE FOLHAS;72;5891;1334;22.64
MS;91715;ARAL MOREIRA;19;8273;1873;22.64
GO;92673;BOM JARDIM DE GOIÁS;35;7603;1721;22.64
MG;50652;PRESIDENTE KUBITSCHEK;262;3087;699;22.64
GO;95117;PALMEIRAS DE GOIÁS;20;23454;5310;22.64
SP;72052;TURIÚBA;214;1661;376;22.64
GO;96695;ARAGUAPAZ;110;6011;1360;22.63
GO;95630;QUIRINÓPOLIS;46;35296;7989;22.63
MG;42994;CASCALHO RICO;110;3773;854;22.63
AL;27855;MACEIÓ;54;153282;34687;22.63
MG;45152;FERNANDES TOURINHO;267;2576;583;22.63
MA;7471;CAJARI;20;16136;3651;22.63
RN;17159;JOÃO DIAS;41;3082;697;22.62
SP;70750;SÃO BERNARDO DO CAMPO;284;103468;23400;22.62
GO;92827;RIO QUENTE;7;4413;998;22.62
RS;88013;PORTO ALEGRE;160;99440;22496;22.62
SP;61786;BOM SUCESSO DE ITARARÉ;57;3289;744;22.62
SP;67270;MONTE ALTO;76;36025;8149;22.62
MA;7048;ALTO ALEGRE DO PINDARÉ;70;20251;4580;22.62
MA;7439;BURITI BRAVO;44;17755;4016;22.62
RO;213;COSTA MARQUES;5;9103;2058;22.61
RS;88803;MONTE ALEGRE DOS CAMPOS;58;3352;758;22.61
SP;71072;SÃO PAULO;371;196550;44431;22.61
MG;50431;PORTEIRINHA;226;31682;7162;22.61
BA;35815;IPIRÁ;62;47871;10823;22.61
SP;62278;BILAC;210;6346;1435;22.61
RO;51;JI-PARANÁ;3;29994;6783;22.61
SP;64335;GÁLIA;47;4626;1046;22.61
SP;62138;BARUERI;199;160995;36390;22.6
SP;70572;SANTO ANDRÉ;383;102928;23264;22.6
ES;56057;ALFREDO CHAVES;12;12984;2934;22.6
SE;32050;PIRAMBU;11;8575;1938;22.6
PE;24112;FLORES;67;16541;3738;22.6
RJ;58793;PIRAÍ;30;23699;5357;22.6
GO;94331;JATAÍ;18;73593;16632;22.6
PR;78956;SÃO SEBASTIÃO DA AMOREIRA;35;6561;1482;22.59
GO;96377;URUTAÍ;14;3949;892;22.59
PR;74764;SANTA LÚCIA;165;3289;743;22.59
GO;96393;VARJÃO;56;4454;1006;22.59
PR;75817;GUARANIAÇU;112;11100;2508;22.59
SP;70475;SANTANA DE PARNAÍBA;428;111635;25222;22.59
SP;72133;UCHOA;312;8307;1876;22.58
MT;91537;ROSÁRIO OESTE;3;13155;2970;22.58
SP;70572;SANTO ANDRÉ;263;102528;23149;22.58
GO;92550;AVELINÓPOLIS;57;4465;1008;22.58
PA;5690;RIO MARIA;60;13846;3126;22.58
MG;49654;PAULA CÂNDIDO;282;7817;1765;22.58
MG;40495;AMPARO DO SERRA;268;4531;1023;22.58
SP;62421;RIBEIRÃO DOS ÍNDIOS;117;1918;433;22.58
BA;38490;SALVADOR;12;121521;27423;22.57
SP;67296;MONTE APRAZÍVEL;77;16980;3833;22.57
SP;61573;ARAÇOIABA DA SERRA;294;26408;5960;22.57
PE;24171;GAMELEIRA;28;14871;3356;22.57
SP;72036;TUPI PAULISTA;175;10833;2445;22.57
SP;71838;TAUBATÉ;407;151726;34239;22.57
PB;19712;CACIMBA DE DENTRO;20;14334;3234;22.56
SP;71498;SUMARÉ;362;123898;27946;22.56
MG;46116;INCONFIDENTES;199;6559;1480;22.56
PR;79073;SIQUEIRA CAMPOS;21;16432;3707;22.56
RJ;58475;MACAÉ;109;96429;21751;22.56
SP;71072;SÃO PAULO;422;145882;32917;22.56
RJ;59250;VOLTA REDONDA;131;124397;28051;22.55
SP;63614;COTIA;227;126394;28507;22.55
MT;90603;LUCAS DO RIO VERDE;21;54792;12358;22.55
MG;49573;PASSOS;209;81108;18290;22.55
SP;62910;CAMPINAS;274;127108;28667;22.55
MG;42056;CALDAS;345;10805;2436;22.55
MG;42501;VARJÃO DE MINAS;210;6717;1515;22.55
SP;71072;SÃO PAULO;413;152445;34369;22.55
RN;16535;CERRO CORÁ;20;9720;2192;22.55
MG;47910;MANTENA;169;19156;4320;22.55
SP;71072;SÃO PAULO;374;210587;47457;22.54
BA;33154;ALCOBAÇA;112;19171;4321;22.54
SP;71153;SÃO SEBASTIÃO;132;68037;15336;22.54
MG;42870;CARMO DO RIO CLARO;77;15908;3586;22.54
GO;92274;APARECIDA DE GOIÂNIA;132;104596;23573;22.54
MG;45675;GUARANI;235;6718;1514;22.54
RS;89478;TUPANCIRETÃ;87;15943;3593;22.54
PE;23078;ÁGUA PRETA;38;20198;4551;22.53
SP;71056;SÃO MIGUEL ARCANJO;318;24440;5506;22.53
MG;53970;UBÁ;275;71547;16122;22.53
SP;68276;PATROCÍNIO PAULISTA;46;10549;2377;22.53
SP;71072;SÃO PAULO;403;149603;33700;22.53
MG;42021;DELTA;276;7483;1685;22.52
BA;39713;XIQUE-XIQUE;68;35384;7968;22.52
PR;74152;AMAPORÃ;72;4058;914;22.52
MG;52299;SÃO GERALDO;284;7348;1655;22.52
RS;85227;CERRO GRANDE;64;2482;559;22.52
PR;78751;SÃO JOÃO DO IVAÍ;132;9056;2039;22.52
SP;71072;SÃO PAULO;389;151757;34153;22.51
MT;90425;COTRIGUAÇU;48;7706;1735;22.51
AL;27030;ANADIA;48;13090;2946;22.51
SP;61913;BADY BASSITT;126;16956;3817;22.51
AL;27570;GIRAU DO PONCIANO;44;28504;6415;22.51
SP;65153;INDIAPORÃ;302;3164;712;22.5
SP;71072;SÃO PAULO;375;173887;39119;22.5
MG;43150;CENTRALINA;302;7672;1726;22.5
PI;10006;BRASILEIRA;11;8739;1966;22.5
SP;66311;LAVÍNIA;146;3884;874;22.5
MA;7811;FORTUNA;60;13022;2930;22.5
PR;79553;QUEDAS DO IGUAÇU;163;23209;5220;22.49
MG;43419;CONCEIÇÃO DA APARECIDA;77;8307;1868;22.49
MG;47651;LEANDRO FERREIRA;219;3322;747;22.49
MG;40355;ALPERCATA;119;6064;1363;22.48
SC;80616;CAMBORIÚ;103;62278;14000;22.48
SP;71072;SÃO PAULO;347;172409;38764;22.48
RS;88773;SÃO LEOPOLDO;73;82149;18468;22.48
MG;47414;LAGAMAR;230;6403;1439;22.47
PI;10812;FRANCISCO AYRES;61;5168;1161;22.47
SC;80411;BARRA VELHA;68;29651;6663;22.47
AM;2631;NHAMUNDÁ;43;15833;3558;22.47
SP;72737;VARGEM GRANDE PAULISTA;286;42997;9663;22.47
SP;70530;SANTA ROSA DE VITERBO;133;18030;4052;22.47
AL;27472;DELMIRO GOUVEIA;40;41407;9303;22.47
GO;95079;OUVIDOR;8;10501;2359;22.46
PR;78255;ROLÂNDIA;59;49517;11120;22.46
MG;50598;PRATINHA;327;3312;744;22.46
RS;87491;MONTENEGRO;31;47579;10686;22.46
ES;56332;CONCEIÇÃO DO CASTELO;40;9986;2243;22.46
SP;71072;SÃO PAULO;390;119874;26919;22.46
MG;44830;ESPERA FELIZ;303;18168;4081;22.46
MG;53511;SIMONÉSIA;167;16466;3697;22.45
RS;86630;FONTOURA XAVIER;54;8245;1851;22.45
BA;39055;SERRA DOURADA;190;15281;3430;22.45
MG;47171;JESUÂNIA;159;4445;998;22.45
BA;36536;JAGUAQUARA;76;35855;8050;22.45
SP;71331;SERRA NEGRA;134;22277;4999;22.44
RJ;58190;CAMPOS DOS GOYTACAZES;98;92671;20798;22.44
MG;41866;CATUTI;226;4594;1031;22.44
PR;75329;ESPIGÃO ALTO DO IGUAÇU;163;4416;991;22.44
AL;28177;OLHO D ÁGUA GRANDE;37;5133;1152;22.44
BA;37621;NOVO TRIUNFO;82;8227;1846;22.44
MG;51179;RIO PRETO;240;5409;1213;22.43
MT;99058;GUARANTÃ DO NORTE;44;22729;5097;22.43
AP;6122;VITÓRIA DO JARI;7;10405;2334;22.43
MG;51918;SANTA RITA DO SAPUCAÍ;248;31737;7118;22.43
MT;98892;PRIMAVERA DO LESTE;40;57120;12811;22.43
MS;91014;JATEÍ;4;4340;973;22.42
MG;46736;ITATIAIUÇU;140;12385;2777;22.42
GO;95575;PORTELÂNDIA;21;3416;766;22.42
GO;93033;CATURAÍ;101;5460;1224;22.42
SP;61018;ADAMANTINA;157;25494;5715;22.42
SP;65374;ITAÍ;301;16732;3752;22.42
SP;61948;ITAPIRAPUÃ PAULISTA;10;3305;741;22.42
CE;13390;BARRO;92;17005;3812;22.42
MT;90506;CAMPO VERDE;12;33977;7616;22.42
PA;5495;SÃO JOÃO DO ARAGUAIA;57;13212;2962;22.42
BA;34711;CONDE;21;19016;4261;22.41
GO;94757;MOSSÂMEDES;15;4636;1039;22.41
MG;52574;SÃO JOÃO NEPOMUCENO;258;20106;4505;22.41
RJ;58572;MIGUEL PEREIRA;48;24781;5550;22.4
PR;74977;CATANDUVAS;166;7097;1590;22.4
SP;64076;ESTRELA DO NORTE;261;2464;552;22.4
ES;56251;CARIACICA;54;134067;30029;22.4
MG;51977;SANTO ANTÔNIO DO AMPARO;46;14255;3193;22.4
SP;62138;BARUERI;386;137029;30700;22.4
TO;73172;NOVO JARDIM;25;2344;525;22.4
PR;76775;MANDAGUARI;60;27663;6196;22.4
PE;24830;MARAIAL;43;8002;1792;22.39
SP;71137;SÃO ROQUE;131;60260;13493;22.39
MS;91596;TERENOS;54;13850;3101;22.39
PB;20117;VISTA SERRANA;51;3470;777;22.39
SP;61131;AGUDOS;7;28853;6459;22.39
MG;47015;JANAÚBA;147;55304;12381;22.39
RJ;58378;ITABORAÍ;104;98240;21996;22.39
MG;41440;SANTA BÁRBARA DO MONTE VERDE;240;3595;805;22.39
RJ;59277;ARRAIAL DO CABO;146;35242;7890;22.39
TO;73148;NOVO ALEGRE;22;2099;470;22.39
SP;69850;RIOLÂNDIA;164;7103;1590;22.38
RS;88641;CERRITO;123;5309;1188;22.38
PR;74888;TUNAS DO PARANÁ;48;5500;1231;22.38
MG;51535;SANTA JULIANA;340;11819;2644;22.37
PR;76473;JATAIZINHO;80;9482;2121;22.37
AC;1007;BUJARI;9;11152;2495;22.37
ES;56090;APIACÁ;44;6320;1414;22.37
GO;94552;PARANAIGUARA;97;7170;1604;22.37
SP;71293;SERRA AZUL;109;7366;1647;22.36
AM;2690;PARINTINS;4;73020;16329;22.36
RJ;59153;TERESÓPOLIS;195;72421;16194;22.36
SC;80390;BALNEÁRIO CAMBORIÚ;103;24209;5412;22.36
SC;82210;NAVEGANTES;106;66392;14845;22.36
SC;83593;TRÊS BARRAS;8;15074;3370;22.36
BA;30872;DIAS D ÁVILA;186;53134;11878;22.35
TO;73156;SANDOLÂNDIA;14;3566;797;22.35
PR;74705;RAMILÂNDIA;118;3754;839;22.35
RJ;58696;NOVA IGUAÇU;156;121397;27132;22.35
SP;65811;ITUPEVA;65;48390;10817;22.35
MG;45217;FORMIGA;114;54476;12177;22.35
MG;45438;FUNILÂNDIA;264;5397;1206;22.35
RS;87572;NONOAI;99;9663;2159;22.34
RS;86754;SÃO VICENTE DO SUL;69;6760;1510;22.34
SP;65919;JACI;72;5828;1302;22.34
PR;77496;PARANAVAÍ;72;63954;14281;22.33
SP;64238;FLORÍNEA;290;2673;597;22.33
SP;71072;SÃO PAULO;248;156222;34878;22.33
PE;26158;TUPANATINGA;143;16635;3714;22.33
GO;92932;CAMPINORTE;50;9168;2047;22.33
PR;76678;LONDRINA;157;97023;21653;22.32
MG;54275;VIÇOSA;282;61609;13752;22.32
GO;96814;INDIARA;68;12731;2842;22.32
GO;94714;MONTES CLAROS DE GOIÁS;79;7109;1587;22.32
RS;88102;VILA NOVA DO SUL;82;3746;836;22.32
RJ;58475;MACAÉ;254;89812;20038;22.31
GO;96717;ARENÓPOLIS;102;3626;809;22.31
SP;67555;NIPOÃ;77;3881;866;22.31
BA;37370;MORTUGABA;92;9597;2141;22.31
RS;86150;CORONEL BICACO;140;5810;1296;22.31
MG;45870;IBERTIOGA;24;4944;1103;22.31
RN;18554;SÃO TOMÉ;19;9587;2139;22.31
MA;7412;BURITI;25;22995;5129;22.3
MG;41645;SÃO JOSÉ DA BARRA;10;6753;1506;22.3
RS;87785;SÃO MARTINHO DA SERRA;41;3157;704;22.3
PB;20613;JURU;74;8201;1829;22.3
AM;2178;BORBA;15;24462;5454;22.3
SP;67091;MIRASSOLÂNDIA;72;4130;921;22.3
PI;12270;VÁRZEA GRANDE;48;4174;931;22.3
BA;35459;IBICUÍ;146;11456;2555;22.3
RJ;58467;MESQUITA;150;71669;15979;22.3
SP;71072;SÃO PAULO;326;152388;33984;22.3
BA;34614;COCOS;61;16368;3649;22.29
SP;71072;SÃO PAULO;247;157877;35196;22.29
PR;74829;SANTA MÔNICA;94;2710;604;22.29
SP;62693;CABREÚVA;59;36426;8120;22.29
PE;24490;ITAÍBA;143;21182;4721;22.29
RN;16101;BODÓ;20;3784;843;22.28
PI;10227;COLÔNIA DO PIAUÍ;94;6180;1377;22.28
RJ;58637;NILÓPOLIS;201;69942;15586;22.28
BA;38539;SANTA BRÍGIDA;181;11939;2660;22.28
MG;41840;CATAS ALTAS;245;5156;1149;22.28
RS;88544;MUITOS CAPÕES;58;2854;636;22.28
GO;92215;ANÁPOLIS;141;98478;21927;22.27
MG;44032;CRISTAIS;64;8667;1930;22.27
SP;63819;DOBRADA;170;6727;1498;22.27
MG;48755;MUNHOZ;112;6066;1351;22.27
BA;36250;ITAPÉ;27;8428;1876;22.26
PB;21610;SALGADINHO;65;3477;774;22.26
RJ;58408;ARMAÇÃO DOS BÚZIOS;172;36236;8066;22.26
SP;61301;SUZANÁPOLIS;88;2988;665;22.26
SP;69973;SALES;207;5354;1192;22.26
RS;87971;PLANALTO;144;7977;1775;22.25
SC;81728;BALNEÁRIO ARROIO DO SILVA;1;13141;2924;22.25
RS;86851;GUAÍBA;90;74475;16571;22.25
MG;40754;ARAPUÁ;76;3487;776;22.25
SP;67130;MOGI DAS CRUZES;74;95849;21326;22.25
RS;87246;NOVA SANTA RITA;66;20466;4554;22.25
MA;9555;BOM JARDIM;78;26888;5982;22.25
PI;11010;ITAUEIRA;72;9279;2065;22.25
MA;8974;SANTA LUZIA;70;45122;10033;22.24
MG;42480;VARGEM GRANDE DO RIO PARDO;237;4199;934;22.24
AM;2976;BOA VISTA DO RAMOS;5;13666;3040;22.24
PE;23779;CARNAÍBA;98;16879;3754;22.24
MT;91510;RONDONÓPOLIS;46;95745;21289;22.24
RS;88668;VALE VERDE;162;3292;732;22.24
RO;116;PIMENTA BUENO;9;27485;6112;22.24
MG;42412;CAPARAÓ;303;4641;1032;22.24
PI;10464;SANTA ROSA DO PIAUÍ;5;4981;1108;22.24
MG;44776;ENTRE RIOS DE MINAS;106;12811;2848;22.23
RS;86657;FORMIGUEIRO;157;5763;1281;22.23
SP;71072;SÃO PAULO;348;163219;36287;22.23
PA;4111;ALTAMIRA;18;86743;19285;22.23
BA;37613;NOVA VIÇOSA;35;30989;6888;22.23
MG;53678;TARUMIRIM;267;10127;2251;22.23
SP;71072;SÃO PAULO;253;158669;35261;22.22
MG;45535;GOVERNADOR VALADARES;118;59046;13120;22.22
SP;70092;SALTO GRANDE;313;6580;1462;22.22
SP;67792;OLÍMPIA;80;41874;9305;22.22
MT;91049;SANTA RITA DO TRIVELATO;5;2606;579;22.22
PR;75388;GOIOXIM;203;5428;1206;22.22
MS;91456;RIO NEGRO;40;4176;928;22.22
SC;80896;CRICIÚMA;98;37668;8367;22.21
BA;39934;TEIXEIRA DE FREITAS;183;105045;23328;22.21
SP;66915;MENDONÇA;64;5260;1168;22.21
RS;88951;SÃO SEPÉ;82;17079;3793;22.21
ES;56812;PINHEIROS;39;18818;4180;22.21
MG;46590;ITAMONTE;306;12325;2737;22.21
MG;45993;IBITURUNA;46;2602;578;22.21
SP;67474;NATIVIDADE DA SERRA;84;5669;1259;22.21
PR;75019;CERRO AZUL;7;13491;2997;22.21
MT;90956;JACIARA;14;20547;4561;22.2
BA;37591;NOVA SOURE;79;21207;4708;22.2
AL;27294;CAMPO GRANDE;20;9154;2032;22.2
RJ;58971;SÃO GONÇALO;69;82178;18244;22.2
MG;41890;CABO VERDE;55;9574;2125;22.2
MG;44873;ESPÍRITO SANTO DO DOURADO;164;5532;1228;22.2
GO;95931;SÃO FRANCISCO DE GOIÁS;17;5392;1197;22.2
MG;48216;MATOZINHOS;174;30120;6688;22.2
AL;28134;OLHO D ÁGUA DAS FLORES;11;16240;3605;22.2
RS;87335;LIBERATO SALZANO;146;4425;982;22.19
RJ;58424;SEROPÉDICA;225;60965;13526;22.19
GO;93491;EDÉIA;68;9541;2117;22.19
RJ;58734;PARAÍBA DO SUL;28;34304;7610;22.18
MG;49077;OLARIA;162;2313;513;22.18
SP;68071;PALMITAL;83;16108;3572;22.18
MA;8079;ITAPECURU MIRIM;16;47851;10613;22.18
PR;74004;GODOY MOREIRA;132;2850;632;22.18
RS;89435;TRIUNFO;133;21936;4865;22.18
SP;61875;AVANHANDAVA;289;7452;1653;22.18
PA;5738;RONDON DO PARÁ;51;26999;5989;22.18
SP;70750;SÃO BERNARDO DO CAMPO;409;103663;22983;22.17
SP;71935;TIMBURI;94;2427;538;22.17
MG;41238;BELO HORIZONTE;31;128279;28440;22.17
RJ;58971;SÃO GONÇALO;132;92634;20524;22.16
RJ;60011;RIO DE JANEIRO;120;81865;18139;22.16
GO;93017;CATALÃO;8;75393;16708;22.16
PI;10863;LAGOA DE SÃO FRANCISCO;12;6040;1338;22.15
MG;54011;UBERABA;347;82858;18351;22.15
GO;96890;SANTA ISABEL;72;3820;846;22.15
SP;71072;SÃO PAULO;392;124420;27558;22.15
MG;41238;BELO HORIZONTE;27;96539;21380;22.15
SP;69795;RIO CLARO;110;84471;18700;22.14
RS;87734;OSÓRIO;77;37247;8248;22.14
RJ;58530;MARICÁ;55;185609;41093;22.14
SP;68870;PIRASSUNUNGA;96;55163;12213;22.14
SE;31135;BREJO GRANDE;15;8118;1797;22.14
CE;15113;PEDRA BRANCA;59;34612;7660;22.13
MG;52710;SÃO JOSÉ DO MANTIMENTO;158;3068;679;22.13
RJ;58041;BELFORD ROXO;155;86240;19088;22.13
RS;86800;HULHA NEGRA;142;4884;1081;22.13
SP;62332;BOA ESPERANÇA DO SUL;107;9706;2148;22.13
SP;65056;IGARATÁ;115;9443;2090;22.13
GO;92517;AURILÂNDIA;80;3295;729;22.12
SP;61840;TAQUARIVAÍ;53;5121;1133;22.12
MG;40134;ÁGUA COMPRIDA;347;2699;597;22.12
MG;50490;POUSO ALEGRE;227;112425;24869;22.12
MA;7226;CACHOEIRA GRANDE;110;9001;1991;22.12
RJ;58815;PORCIÚNCULA;45;13293;2941;22.12
AL;27758;JOAQUIM GOMES;53;15470;3422;22.12
RS;88714;SÃO JERÔNIMO;50;15910;3519;22.12
SP;64130;FERNANDO PRESTES;139;5086;1125;22.12
BA;38458;RUY BARBOSA;87;23977;5303;22.12
MG;48437;MIRAÍ;187;10695;2366;22.12
SP;66150;JOSÉ BONIFÁCIO;64;27281;6033;22.11
MG;50415;PONTE NOVA;224;44494;9839;22.11
SP;66710;MAIRIPORÃ;237;65733;14531;22.11
TO;92681;SÃO VALÉRIO;20;4075;901;22.11
PR;74330;MARILÂNDIA DO SUL;76;7142;1579;22.11
MT;90328;SANTO AFONSO;17;2661;588;22.1
PA;4731;ITUPIRANGA;56;32730;7234;22.1
SP;63770;DIADEMA;329;159315;35215;22.1
SP;71676;TAMBAÚ;116;15898;3514;22.1
MG;53279;SERITINGA;6;2045;452;22.1
AL;27898;MARAGOGI;14;26019;5751;22.1
RS;89532;VACARIA;58;47383;10465;22.09
MG;40630;ARAÇAÍ;206;2834;626;22.09
MT;90077;ALTO GARÇAS;45;8774;1938;22.09
SP;67377;MONTE MOR;358;47316;10454;22.09
GO;95176;PANAMÁ;38;3038;671;22.09
RS;88870;SÃO NICOLAU;52;4337;958;22.09
AL;28550;ROTEIRO;18;5776;1276;22.09
MG;41726;BERIZAL;266;4307;951;22.08
MT;89818;NOVA BRASILÂNDIA;34;3832;846;22.08
BA;36676;JITAÚNA;24;12992;2868;22.08
PR;79510;ALTÔNIA;123;14510;3204;22.08
GO;96776;SANTO ANTÔNIO DO DESCOBERTO;24;46706;10313;22.08
GO;94730;MORRINHOS;22;37180;8208;22.08
PB;21474;PRINCESA ISABEL;34;16939;3740;22.08
GO;94390;JUSSARA;95;14816;3272;22.08
SE;31259;CAPELA;5;27103;5983;22.08
GO;93505;VILA PROPÍCIO;74;6026;1330;22.07
AL;28118;NOVO LINO;53;10016;2211;22.07
MT;89796;COLÍDER;23;23598;5208;22.07
MG;52515;SÃO JOÃO DO ORIENTE;128;6955;1535;22.07
BA;36471;ITUBERÁ;32;17839;3937;22.07
PI;10456;CANTO DO BURITI;36;16253;3587;22.07
MA;7099;ALTO PARNAÍBA;11;8142;1797;22.07
MG;42676;CARATINGA;72;33411;7374;22.07
PB;20478;JACARAÚ;60;14325;3162;22.07
RS;87548;RIO DOS ÍNDIOS;99;2854;630;22.07
PI;12440;MADEIRO;27;6714;1481;22.06
MA;7072;ALTAMIRA DO MARANHÃO;49;5758;1270;22.06
AL;28851;UNIÃO DOS PALMARES;21;48373;10672;22.06
SP;62251;BERNARDINO DE CAMPOS;114;7724;1704;22.06
MG;54038;UBERLÂNDIA;335;72306;15944;22.05
BA;36870;LENÇÓIS;89;7895;1741;22.05
SC;80691;CAMPOS NOVOS;7;26900;5932;22.05
PA;5916;PACAJÁ;80;29481;6497;22.04
SP;70637;SANTO ANTÔNIO DO JARDIM;91;5173;1140;22.04
MT;90042;ALTO BOA VISTA;15;4151;915;22.04
MG;44997;EWBANK DA CÂMARA;250;4497;991;22.04
RO;639;ALTO PARAÍSO;25;12087;2664;22.04
SP;70750;SÃO BERNARDO DO CAMPO;283;105246;23188;22.03
RS;86738;GENERAL CÂMARA;50;6173;1360;22.03
PR;78972;SÃO TOMÉ;88;4816;1061;22.03
SP;62910;CAMPINAS;275;113559;25015;22.03
RJ;58610;NATIVIDADE;43;12453;2744;22.03
SP;64050;ESTRELA D OESTE;233;7128;1570;22.03
RJ;59250;VOLTA REDONDA;90;97560;21497;22.03
MA;8427;SÃO RAIMUNDO DO DOCA BEZERRA;61;5160;1136;22.02
SP;64017;EMBU DAS ARTES;391;104795;23072;22.02
BA;36374;ITARANTIM;138;13931;3067;22.02
MG;48593;MONTE BELO;195;10838;2386;22.02
RS;85898;CANOAS;134;132647;29206;22.02
MG;49590;PATOS DE MINAS;330;68224;15024;22.02
PB;22314;TAPEROÁ;27;11366;2503;22.02
MG;40711;ARANTINA;14;2872;632;22.01
RS;88676;SÃO FRANCISCO DE PAULA;48;16421;3614;22.01
SP;61549;VARGEM;298;6582;1449;22.01
MA;7552;CARUTAPERA;55;19093;4200;22.0
AL;27090;BARRA DE SANTO ANTÔNIO;17;14944;3288;22.0
SC;81639;ITAPEMA;91;60041;13212;22.0
PI;11215;MATIAS OLÍMPIO;80;9161;2015;22.0
SP;61190;ALTINÓPOLIS;202;12706;2795;22.0
MG;49433;PARAGUAÇU;8;16696;3669;21.98
MG;42382;SERRANÓPOLIS DE MINAS;226;4136;909;21.98
BA;37176;MARCIONÍLIO SOUZA;193;7767;1707;21.98
SP;61590;ARAMINA;50;4523;994;21.98
PR;78638;SANTO ANTÔNIO DO PARAÍSO;99;2247;494;21.98
MG;49115;OLIVEIRA;197;33504;7364;21.98
AL;27871;MAJOR ISIDORO;31;15675;3445;21.98
SE;32255;SANTA LUZIA DO ITANHY;35;12169;2674;21.97
AL;27553;FLEXEIRAS;53;8538;1876;21.97
RN;17612;NATAL;69;121153;26620;21.97
SP;64254;FRANCA;291;122523;26923;21.97
PR;75671;GENERAL CARNEIRO;153;8667;1904;21.97
SP;67857;ORINDIÚVA;164;5003;1099;21.97
MA;9474;VARGEM GRANDE;50;32648;7172;21.97
BA;39551;UTINGA;69;13057;2867;21.96
MG;45195;FLORESTAL;172;6984;1534;21.96
MG;40274;ALBERTINA;13;3575;785;21.96
PE;25631;SÃO JOÃO;116;18178;3992;21.96
AL;27456;CORURIPE;7;41885;9196;21.96
MA;9130;SÃO FÉLIX DE BALSAS;62;4224;927;21.95
PR;79014;SENGÉS;54;13757;3019;21.95
SP;68756;PIRACICABA;244;46815;10269;21.94
SP;63738;CUNHA;43;18135;3978;21.94
MA;9490;VIANA;20;39769;8727;21.94
PB;21717;SANTANA DE MANGUEIRA;41;4562;1001;21.94
MG;49298;PAINS;18;6914;1517;21.94
MG;53031;SÃO THOMÉ DAS LETRAS;272;5182;1137;21.94
RN;17892;PEDRA GRANDE;52;4340;952;21.94
MG;46817;ITUETA;233;5084;1115;21.93
SP;62294;BIRIGUI;25;84471;18527;21.93
RJ;58831;RESENDE;31;65099;14276;21.93
TO;92452;ARAPOEMA;31;4628;1015;21.93
PI;11754;REGENERAÇÃO;43;14520;3184;21.93
SP;61034;ADOLFO;64;3977;872;21.93
SC;83550;TIJUCAS;31;36911;8093;21.93
RS;85901;ITACURUBI;44;2718;596;21.93
GO;96253;TRINDADE;49;95914;21029;21.92
BA;33170;ALMADINA;135;4923;1079;21.92
PR;77313;PAIÇANDU;154;30395;6659;21.91
SC;82457;PENHA;68;26267;5756;21.91
AC;1554;MANOEL URBANO;3;8602;1885;21.91
SP;62286;FERNÃO;47;1689;370;21.91
MG;53937;TURMALINA;336;16553;3627;21.91
RJ;59030;SÃO PEDRO DA ALDEIA;59;74913;16410;21.91
RJ;58190;CAMPOS DOS GOYTACAZES;76;99368;21770;21.91
RO;698;VALE DO ANARI;32;6627;1451;21.9
MT;90239;ARAGUAINHA;8;1233;270;21.9
AM;2771;SILVES;24;9656;2115;21.9
GO;92010;ABADIÂNIA;87;12586;2756;21.9
SC;81833;LAGES;104;47051;10305;21.9
SP;71072;SÃO PAULO;280;165567;36259;21.9
RJ;58440;ITATIAIA;198;26584;5818;21.89
SP;62049;TORRE DE PEDRA;140;2545;557;21.89
PB;20931;MONTE HOREBE;40;4313;944;21.89
PR;78654;SANTO INÁCIO;159;4802;1051;21.89
BA;34339;CÂNDIDO SALES;40;20878;4571;21.89
MA;8354;MIRINZAL;30;12016;2629;21.88
SP;69515;REGINÓPOLIS;95;4734;1036;21.88
SC;81051;FLORIANÓPOLIS;100;144320;31573;21.88
MG;40258;ALAGOA;306;2619;573;21.88
MA;8540;SUCUPIRA DO RIACHÃO;53;4707;1030;21.88
MG;40371;ALPINÓPOLIS;10;16047;3511;21.88
SP;66192;JUNDIAÍ;424;83309;18231;21.88
SP;69418;QUINTANA;99;5214;1141;21.88
RJ;58157;CACHOEIRAS DE MACACU;49;46722;10225;21.88
PE;24570;JABOATÃO DOS GUARARAPES;101;124550;27248;21.88
SP;67733;NUPORANGA;81;6023;1317;21.87
SP;70750;SÃO BERNARDO DO CAMPO;414;104908;22940;21.87
GO;92797;CABECEIRAS;11;7447;1629;21.87
MT;91774;MIRASSOL D OESTE;18;19682;4305;21.87
MA;8818;PRESIDENTE JUSCELINO;110;10017;2190;21.86
RS;87718;NOVO HAMBURGO;172;88364;19316;21.86
PR;76910;MARINGÁ;137;98048;21436;21.86
RJ;58670;NOVA FRIBURGO;222;91056;19904;21.86
BA;37117;MARACÁS;37;21719;4747;21.86
MG;49832;PEDRINÓPOLIS;291;3421;748;21.86
SP;62898;CAJURU;32;18240;3985;21.85
MG;50733;QUARTEL GERAL;104;3749;819;21.85
MG;41980;CUPARAQUE;89;3950;863;21.85
MG;46370;ITABIRITO;133;45012;9837;21.85
PR;74780;CAMPO BONITO;112;3695;807;21.84
BA;35190;FLORESTA AZUL;29;7825;1709;21.84
MA;8575;PASSAGEM FRANCA;44;14692;3209;21.84
MT;89931;SÃO JOSÉ DOS QUATRO MARCOS;52;13117;2864;21.83
RS;86819;GRAMADO;65;34790;7595;21.83
PE;24678;JUREMA;94;12362;2699;21.83
MT;90832;GUIRATINGA;2;8175;1784;21.82
MA;7749;JATOBÁ;29;7205;1572;21.82
GO;92215;ANÁPOLIS;144;101237;22092;21.82
GO;93440;SANTA RITA DO NOVO DESTINO;74;3048;665;21.82
MA;7269;BOM JESUS DAS SELVAS;95;19650;4287;21.82
MG;53872;TRÊS PONTAS;273;45341;9893;21.82
RJ;58149;JAPERI;139;76652;16719;21.81
RJ;59099;SAQUAREMA;62;92059;20078;21.81
MT;89893;ARAPUTANGA;41;11533;2515;21.81
SP;61379;AMPARO;8;53743;11723;21.81
MT;90360;NOVA MONTE VERDE;50;6036;1316;21.8
SP;61905;SÃO LOURENÇO DA SERRA;201;11946;2604;21.8
RJ;58696;NOVA IGUAÇU;159;76548;16685;21.8
PA;5592;TOMÉ-AÇU;39;52852;11521;21.8
SP;64670;GUARAREMA;319;26373;5750;21.8
CE;14192;IPUEIRAS;40;30943;6747;21.8
GO;94455;LUZIÂNIA;19;136763;29809;21.8
MG;50911;RIBEIRÃO DAS NEVES;286;118123;25751;21.8
MG;52655;SÃO JOSÉ DO DIVINO;169;3170;691;21.8
SP;62308;GAVIÃO PEIXOTO;13;4165;908;21.8
AL;28010;MATRIZ DE CAMARAGIBE;12;18656;4067;21.8
SP;69094;POPULINA;233;3679;802;21.8
MA;7846;LAGOA GRANDE DO MARANHÃO;74;9997;2179;21.8
SP;66273;LAGOINHA;128;5475;1193;21.79
PE;23957;CORTÊS;28;11265;2455;21.79
SP;61832;AURIFLAMA;225;11053;2409;21.79
BA;39985;SOBRADINHO;66;20427;4452;21.79
BA;37435;MUNDO NOVO;54;14921;3252;21.79
ES;56618;JERÔNIMO MONTEIRO;4;10071;2194;21.79
PI;12467;MASSAPÊ DO PIAUÍ;19;6452;1406;21.79
PB;19607;CASSERENGUE;48;6406;1396;21.79
SP;61514;APARECIDA D OESTE;232;3777;823;21.79
MS;90751;FÁTIMA DO SUL;4;16886;3677;21.78
PE;23132;ALIANÇA;125;29186;6358;21.78
RS;88730;SÃO JOSÉ DO NORTE;130;20679;4503;21.78
BA;37036;MAIRI;86;13826;3011;21.78
PB;20877;MATARACA;7;8714;1897;21.77
MS;55026;LAGUNA CARAPÃ;43;5465;1190;21.77
RO;353;SANTA LUZIA D OESTE;19;6813;1483;21.77
PR;78492;SANTA ISABEL DO IVAÍ;94;7006;1525;21.77
GO;94110;ITAJÁ;96;3668;798;21.76
MG;43370;COMENDADOR GOMES;297;2849;620;21.76
PE;24058;EXU;79;29164;6347;21.76
MG;42714;CAREAÇU;253;5368;1168;21.76
PA;4898;MELGAÇO;99;19565;4258;21.76
GO;92274;APARECIDA DE GOIÂNIA;119;119704;26051;21.76
SP;69299;PRESIDENTE PRUDENTE;402;88530;19267;21.76
PI;12149;BOQUEIRÃO DO PIAUÍ;71;6086;1324;21.75
PI;11690;PORTO;49;10000;2175;21.75
ES;56251;CARIACICA;34;140272;30506;21.75
PE;24139;FLORESTA;72;25254;5489;21.74
AL;27790;JUNQUEIRO;34;20177;4387;21.74
CE;14435;JARDIM;119;22592;4911;21.74
PB;20354;IMACULADA;74;9116;1982;21.74
SP;65455;ITAPECERICA DA SERRA;201;124081;26972;21.74
SP;65552;ITÁPOLIS;55;28904;6283;21.74
BA;37338;MORPARÁ;173;7604;1653;21.74
SP;72150;UNIÃO PAULISTA;77;1703;370;21.73
PB;19062;CAPIM;7;7251;1576;21.73
MT;90336;BARRA DO BUGRES;13;22360;4859;21.73
MG;52418;SÃO GOTARDO;254;28579;6208;21.72
SP;61557;ARAÇATUBA;11;71541;15542;21.72
BA;38938;SÁTIRO DIAS;44;14469;3142;21.72
PE;25852;MOREILÂNDIA;79;9938;2159;21.72
MG;51691;SANTANA DE PIRAPAMA;264;7165;1556;21.72
RS;85693;CAMAQUÃ;12;49751;10808;21.72
MG;44717;ELÓI MENDES;281;19976;4338;21.72
MT;89974;SALTO DO CÉU;52;3076;668;21.72
SP;68853;PIRAPOZINHO;261;19385;4211;21.72
MG;52450;SÃO JOÃO DA MATA;164;3192;693;21.71
RN;18473;SÃO MIGUEL;43;19466;4227;21.71
SP;63576;COSMÓPOLIS;360;44573;9676;21.71
RJ;58467;MESQUITA;83;64633;14033;21.71
SP;72354;VERA CRUZ;180;7886;1712;21.71
MG;50253;PIRAÚBA;239;9664;2098;21.71
RS;88552;SANTO ANTÔNIO DA PATRULHA;46;33692;7315;21.71
PR;74020;IBEMA;166;5098;1107;21.71
MT;89958;RIO BRANCO;52;3897;846;21.71
RS;88919;SÃO PEDRO DO SUL;81;12686;2753;21.7
MG;43516;CONCEIÇÃO DO PARÁ;219;5489;1191;21.7
PE;24570;JABOATÃO DOS GUARARAPES;147;125620;27257;21.7
CE;15881;CROATÁ;74;15338;3328;21.7
PR;74896;CAPITÃO LEÔNIDAS MARQUES;165;11861;2574;21.7
MG;47570;LAMIM;87;3521;764;21.7
SP;72419;VISTA ALEGRE DO ALTO;76;5990;1300;21.7
PA;4057;AFUÁ;16;29760;6459;21.7
SC;81353;IBIRAMA;14;15466;3354;21.69
BA;35513;IBIPITANGA;65;13075;2836;21.69
BA;37010;MAIQUINIQUE;91;7260;1575;21.69
MG;48690;MORADA NOVA DE MINAS;1;7207;1563;21.69
MG;45373;FREI INOCÊNCIO;119;6787;1472;21.69
RS;88340;CARAÁ;46;6518;1414;21.69
GO;94315;JARAGUÁ;17;33457;7255;21.68
SP;63355;CHARQUEADA;244;13212;2864;21.68
MA;7382;CAMPESTRE DO MARANHÃO;46;9948;2157;21.68
RJ;58106;GUAPIMIRIM;149;44941;9744;21.68
PR;74772;CAMPINA GRANDE DO SUL;195;35488;7693;21.68
GO;93203;SANTO ANTÔNIO DA BARRA;128;4303;933;21.68
BA;35319;GOVERNADOR MANGABEIRA;131;19120;4145;21.68
MA;7250;BACURI;107;13893;3012;21.68
RJ;59315;PATY DO ALFERES;48;24302;5269;21.68
BA;39071;SERRA PRETA;155;17262;3741;21.67
BA;34070;CAIRU;31;15480;3354;21.67
PB;21210;PEDRA BRANCA;42;4075;883;21.67
GO;93165;INACIOLÂNDIA;46;4809;1042;21.67
ES;56430;FUNDÃO;14;14736;3194;21.67
PA;5177;PORTO DE MOZ;82;23709;5138;21.67
RO;434;NOVA MAMORÉ;1;19455;4215;21.67
SP;63193;CÁSSIA DOS COQUEIROS;32;2667;578;21.67
SP;62367;NOVA CASTILHO;225;1375;298;21.67
PR;75612;FORMOSA DO OESTE;120;6080;1317;21.66
SP;64971;ICÉM;78;6049;1310;21.66
BA;36811;LAJEDINHO;87;3619;784;21.66
MG;42188;GUARACIAMA;44;5315;1151;21.66
PR;74250;APUCARANA;28;94187;20399;21.66
AL;28070;MONTEIRÓPOLIS;29;6417;1389;21.65
RS;88110;REDENTORA;140;6768;1465;21.65
PA;4189;IPIXUNA DO PARÁ;49;24689;5346;21.65
ES;57134;JAGUARÉ;41;24297;5260;21.65
MA;9512;VITÓRIA DO MEARIM;41;24683;5345;21.65
PR;74713;CAMBÉ;78;76178;16494;21.65
MG;40053;ABRE CAMPO;2;12103;2620;21.65
BA;37230;MEDEIROS NETO;153;18663;4041;21.65
RJ;58076;BARRA MANSA;94;45737;9900;21.65
MG;44954;ESTRELA DO SUL;110;5930;1284;21.65
RS;87432;MATA;69;4013;869;21.65
PR;78557;SANTANA DO ITARARÉ;20;4659;1008;21.64
SP;70254;SANTA CRUZ DA CONCEIÇÃO;188;4140;896;21.64
PB;21733;SANTANA DOS GARROTES;66;6318;1367;21.64
SP;68675;PINHALZINHO;136;11384;2464;21.64
SP;66974;MINEIROS DO TIETÊ;241;8683;1879;21.64
ES;56995;SERRA;26;107980;23362;21.64
GO;93084;NOVA IGUAÇU DE GOIÁS;50;2680;580;21.64
PR;76015;INAJÁ;91;2546;551;21.64
PR;79596;GRANDES RIOS;136;4758;1029;21.63
PE;23515;BREJO DA MADRE DE DEUS;54;36268;7846;21.63
MG;42811;CARMO DE MINAS;259;9819;2124;21.63
SP;62731;CACHOEIRA PAULISTA;145;23891;5168;21.63
BA;38253;RIACHÃO DAS NEVES;182;19206;4154;21.63
SE;31550;INDIAROBA;35;13697;2962;21.63
PE;25356;RIBEIRÃO;28;28323;6127;21.63
RJ;58041;BELFORD ROXO;153;81389;17607;21.63
MG;41556;BOM JESUS DO GALHO;72;12062;2608;21.62
MG;42226;IMBÉ DE MINAS;71;5725;1238;21.62
ES;56952;SÃO JOSÉ DO CALÇADO;44;9759;2110;21.62
MG;40231;AIURUOCA;6;4838;1046;21.62
BA;38490;SALVADOR;14;114213;24696;21.62
GO;93106;BURITI DE GOIÁS;34;3494;755;21.61
PB;19976;COREMAS;52;12873;2782;21.61
GO;93874;HEITORAÍ;15;4192;906;21.61
GO;93610;FORMOSA;11;77711;16791;21.61
SP;71854;TEJUPÁ;94;3456;747;21.61
MA;9652;SANTA LUZIA DO PARUÁ;80;17081;3690;21.6
RS;88650;SÃO FRANCISCO DE ASSIS;79;14252;3079;21.6
TO;92509;PORTO ALEGRE DO TOCANTINS;25;2639;570;21.6
BA;34592;COARACI;135;15399;3326;21.6
RS;85251;ARROIO GRANDE;92;14461;3124;21.6
PR;75540;PORTO BARREIRO;45;3139;678;21.6
MA;8443;SÃO ROBERTO;61;4547;982;21.6
PR;78859;SÃO JOSÉ DOS PINHAIS;199;108150;23349;21.59
SP;65471;ITAPETININGA;52;114451;24706;21.59
GO;94471;MAIRIPOTABA;25;3493;754;21.59
SP;68217;PARAPUÃ;163;7605;1642;21.59
RO;272;CEREJEIRAS;16;13278;2867;21.59
RS;87009;MARIANA PIMENTEL;151;3608;779;21.59
SP;64017;EMBU DAS ARTES;341;101594;21932;21.59
BA;34290;CANDEIAS;127;64825;13997;21.59
RJ;58394;ITAGUAÍ;105;100542;21706;21.59
BA;33405;APUAREMA;23;6358;1373;21.59
SP;71072;SÃO PAULO;397;182388;39362;21.58
MG;40835;ARCOS;18;33540;7238;21.58
GO;94498;MAMBAÍ;123;6519;1407;21.58
BA;30058;EUNÁPOLIS;203;55892;12061;21.58
MG;40029;ARAPORÃ;179;7006;1512;21.58
TO;92533;AURORA DO TOCANTINS;17;3314;715;21.58
GO;94854;NAZÁRIO;63;7694;1660;21.58
BA;30694;JUSSARI;28;4647;1003;21.58
MG;53554;SOLEDADE DE MINAS;259;5000;1079;21.58
SP;65277;IPUÃ;123;11207;2419;21.58
PR;75051;CIANORTE;88;58478;12618;21.58
BA;39691;WENCESLAU GUIMARÃES;197;16675;3599;21.58
RJ;58190;CAMPOS DOS GOYTACAZES;129;62729;13528;21.57
PE;24619;JOÃO ALFREDO;88;24726;5334;21.57
PI;12262;PAJEÚ DO PIAUÍ;36;3407;735;21.57
GO;95974;SÃO JOÃO D ALIANÇA;143;7763;1674;21.56
PR;84590;LUNARDELLI;132;4235;913;21.56
BA;33251;ANDARAÍ;119;9794;2112;21.56
SP;62472;BORBOREMA;55;10738;2315;21.56
SP;71692;TANABI;138;19937;4299;21.56
SP;68250;PARIQUERA-AÇU;228;14302;3082;21.55
RS;85928;ENTRE RIOS DO SUL;168;2654;572;21.55
PR;76899;MARILUZ;86;7588;1635;21.55
PR;77810;PORTO AMAZONAS;13;3870;834;21.55
ES;56715;MUCURICI;38;5141;1108;21.55
PR;75477;ENGENHEIRO BELTRÃO;116;10063;2169;21.55
MA;9717;ZÉ DOCA;96;33014;7115;21.55
MG;49972;PERDÕES;216;17292;3726;21.55
RS;88790;SÃO LOURENÇO DO SUL;80;35085;7559;21.54
SP;61980;NOVA CAMPINA;53;6959;1499;21.54
SP;69035;PONGAÍ;95;2952;636;21.54
MA;8230;LUÍS DOMINGUES;55;6072;1308;21.54
RS;86827;INHACORÁ;107;2071;446;21.54
SP;68896;PIRATININGA;23;10141;2183;21.53
RN;17973;PENDÊNCIAS;47;10931;2353;21.53
SP;66257;JUQUITIBA;201;22815;4911;21.53
MT;91057;LUCIARA;15;2406;518;21.53
PR;74136;ALVORADA DO SUL;77;7430;1600;21.53
MA;9431;TUTÓIA;40;43215;9301;21.52
AL;28436;POÇO DAS TRINCHEIRAS;50;11257;2423;21.52
SC;82635;PONTE SERRADA;63;8142;1752;21.52
PB;19640;POÇO DANTAS;53;4135;890;21.52
RS;85464;CRISTAL;12;6418;1381;21.52
PI;10596;CRISTALÂNDIA DO PIAUÍ;22;6237;1342;21.52
MG;41459;BOCAIÚVA;44;35646;7672;21.52
PR;75116;MANGUEIRINHA;168;13764;2962;21.52
SP;66893;MAUÁ;217;89060;19169;21.52
PR;75809;LUIZIANA;183;5953;1281;21.52
PR;75639;FOZ DO IGUAÇU;104;73529;15820;21.52
SC;80250;ARAQUARI;27;28342;6096;21.51
RN;18317;SÃO BENTO DO NORTE;52;4259;916;21.51
GO;93955;INHUMAS;13;40854;8786;21.51
SP;61808;PONTALINDA;152;3157;679;21.51
AL;27634;IGREJA NOVA;37;17729;3814;21.51
PB;19275;DAMIÃO;24;4885;1051;21.51
GO;92908;SANTO ANTÔNIO DE GOIÁS;101;7976;1716;21.51
PI;11517;PARNAGUÁ;26;7624;1640;21.51
RJ;58246;PINHEIRAL;30;18820;4046;21.5
MG;42676;CARATINGA;71;26986;5801;21.5
PI;10120;CABECEIRAS DO PIAUÍ;6;9837;2115;21.5
MG;53953;TURVOLÂNDIA;253;4957;1066;21.5
PB;19178;ARARA;48;9325;2005;21.5
TO;96156;TAGUATINGA;17;11231;2415;21.5
PR;74942;DOUTOR ULYSSES;7;5209;1120;21.5
PE;24791;MACAPARANA;90;20026;4305;21.5
PA;5711;XINGUARA;61;35427;7612;21.49
MG;49212;OURO PRETO;200;64302;13819;21.49
SP;61689;ENGENHEIRO COELHO;75;14967;3216;21.49
SP;72214;URUPÊS;207;10624;2283;21.49
MG;42935;CARVALHÓPOLIS;164;3407;732;21.49
BA;36595;JANDAÍRA;49;9074;1950;21.49
MT;98736;NOVA OLÍMPIA;19;12967;2786;21.49
RN;17434;MACAU;30;22534;4843;21.49
RS;84980;PANTANO GRANDE;38;8416;1809;21.49
MG;48070;MARMELÓPOLIS;134;3077;661;21.48
SP;72370;VINHEDO;345;65669;14105;21.48
RJ;58955;SÃO FIDÉLIS;35;30178;6481;21.48
GO;95150;PALMINÓPOLIS;63;4428;951;21.48
AL;28355;PIAÇABUÇU;13;13930;2992;21.48
BA;34690;CONCEIÇÃO DO JACUÍPE;192;29454;6328;21.48
MT;98930;SORRISO;43;76028;16315;21.46
BA;37630;OLINDINA;81;19699;4228;21.46
BA;34576;CIPÓ;79;15277;3279;21.46
GO;93041;PROFESSOR JAMIL;25;3597;772;21.46
RS;85502;GLORINHA;71;6780;1455;21.46
GO;92991;CARMO DO RIO VERDE;76;7229;1551;21.46
SP;63312;CERQUILHO;355;36003;7722;21.45
BA;34916;CRISÓPOLIS;81;16673;3576;21.45
BA;33510;BAIXA GRANDE;86;15480;3320;21.45
RJ;58718;PARACAMBI;70;33690;7227;21.45
SP;68551;PIACATU;210;4487;962;21.44
MG;42277;CAMPO FLORIDO;326;6473;1388;21.44
MG;44695;DOURADOQUARA;181;2127;456;21.44
GO;93025;CIDADE OCIDENTAL;42;49714;10659;21.44
MG;48178;MATIPÓ;2;15216;3262;21.44
PR;74543;MAUÁ DA SERRA;76;7691;1649;21.44
AL;27073;ATALAIA;6;32403;6943;21.43
SC;83470;SIDERÓPOLIS;92;11784;2525;21.43
SP;66699;MAIRINQUE;131;38466;8245;21.43
RS;87254;JÚLIO DE CASTILHOS;27;14988;3212;21.43
GO;95796;SANTA CRUZ DE GOIÁS;32;3504;751;21.43
CE;13773;CHAVAL;108;10966;2349;21.42
SP;61069;MOTUCA;239;3384;725;21.42
MG;54011;UBERABA;276;78393;16785;21.41
SP;71455;SOROCABA;356;144145;30855;21.41
PI;12700;SÃO MIGUEL DO FIDALGO;94;3027;648;21.41
AL;27812;LAGOA DA CANOA;44;17008;3641;21.41
MA;9091;SÃO BERNARDO;51;21808;4669;21.41
MG;51837;SANTA RITA DE CALDAS;345;7062;1512;21.41
SP;71110;SÃO PEDRO DO TURVO;114;5673;1214;21.4
BA;33430;ARAMARI;163;9785;2094;21.4
SP;64599;GUARACI;80;8095;1732;21.4
RN;17299;LAGOA NOVA;20;12875;2755;21.4
PR;74985;LARANJAL;134;4694;1004;21.39
AC;1040;MARECHAL THAUMATURGO;4;11897;2545;21.39
BA;37214;MATA DE SÃO JOÃO;185;43098;9217;21.39
GO;94439;LEOPOLDO DE BULHÕES;141;7348;1572;21.39
BA;33839;BOTUPORÃ;168;9465;2025;21.39
SP;72338;VÁRZEA PAULISTA;242;84729;18127;21.39
SP;67318;MONTE AZUL PAULISTA;171;14242;3047;21.39
BA;35610;IBITIARA;88;12093;2587;21.39
ES;56626;JOÃO NEIVA;14;12793;2737;21.39
BA;34894;CRAVOLÂNDIA;38;4632;991;21.39
SC;82953;RIO NEGRINHO;74;31740;6787;21.38
SP;68470;PENÁPOLIS;87;43746;9353;21.38
MA;8877;RIACHÃO;75;16914;3616;21.38
BA;33650;BARRO PRETO;136;5763;1232;21.38
MG;50091;PIMENTA;114;7313;1563;21.37
MG;40819;ARCEBURGO;182;7685;1642;21.37
ES;56995;SERRA;53;129832;27750;21.37
MG;40576;ANTÔNIO CARLOS;24;9889;2113;21.37
PA;4421;NOVO REPARTIMENTO;101;45702;9766;21.37
AM;2038;ANORI;33;11109;2374;21.37
PR;79359;UMUARAMA;89;82990;17732;21.37
PB;20338;IBIARA;41;5580;1192;21.36
GO;92703;SENADOR CANEDO;40;95243;20347;21.36
RJ;58092;BOM JARDIM;42;22628;4833;21.36
PE;24635;JOAQUIM NABUCO;38;14094;3011;21.36
MS;90514;CAMPO GRANDE;53;135000;28836;21.36
AL;27774;JUNDIÁ;14;4851;1036;21.36
SP;63053;CAPÃO BONITO;37;34293;7326;21.36
SP;62936;CAMPO LIMPO PAULISTA;344;59440;12694;21.36
PI;11452;PAES LANDIM;37;4499;961;21.36
MT;98973;VERA;36;7850;1676;21.35
MA;7501;CONCEIÇÃO DO LAGO-AÇU;66;11878;2536;21.35
RS;86363;BARRA DO GUARITA;101;2600;555;21.35
MG;48674;MONTE SIÃO;183;18682;3989;21.35
RO;94;CACOAL;11;69974;14942;21.35
SP;70831;SÃO JOÃO DA BOA VISTA;122;67128;14331;21.35
PI;10219;AVELINO LOPES;88;9563;2042;21.35
PR;79057;SERTANÓPOLIS;40;13311;2841;21.34
AM;2356;HUMAITÁ;17;34907;7448;21.34
SP;66591;LUTÉCIA;12;2380;508;21.34
PB;19569;SANTA INÊS;41;3848;821;21.34
GO;93343;ÁGUAS LINDAS DE GOIÁS;28;125210;26718;21.34
SP;67393;MORRO AGUDO;336;20181;4304;21.33
RS;86940;MANOEL VIANA;79;5536;1181;21.33
GO;95710;RIO VERDE;30;89718;19141;21.33
SP;62324;JUMIRIM;142;2457;524;21.33
MG;49417;PARÁ DE MINAS;202;67632;14426;21.33
PI;11312;MONTE ALEGRE DO PIAUÍ;35;9415;2008;21.33
MG;41793;BRUMADINHO;52;35366;7544;21.33
PB;19410;BELÉM DO BREJO DO CRUZ;38;6644;1417;21.33
TO;94811;NATIVIDADE;19;6806;1452;21.33
RO;337;ALVORADA DO OESTE;18;11029;2351;21.32
RJ;59293;ITALVA;141;11648;2483;21.32
PE;23418;BOM CONSELHO;61;34189;7290;21.32
PA;4006;GOIANÉSIA DO PARÁ;103;21405;4564;21.32
PR;78450;SANTA FÉ;150;9149;1951;21.32
BA;39233;TAPEROÁ;32;14359;3062;21.32
RJ;58637;NILÓPOLIS;221;58706;12517;21.32
PR;74047;LINDOESTE;143;5116;1090;21.31
TO;73423;CARRASCO BONITO;21;3567;760;21.31
RJ;58696;NOVA IGUAÇU;157;94098;20056;21.31
AP;6033;CALÇOENE;1;8907;1898;21.31
RO;671;CAMPO NOVO DE RONDÔNIA;34;7516;1602;21.31
SP;61611;ARANDU;301;5528;1178;21.31
SP;61506;CAMPINA DO MONTE ALEGRE;215;4857;1035;21.31
SP;61310;AMERICANA;158;78108;16646;21.31
MA;9636;ESTREITO;82;24146;5142;21.3
PA;5835;PARAUAPEBAS;75;80475;17140;21.3
RS;88030;PORTO LUCENA;102;3887;828;21.3
SP;67598;NOVA EUROPA;13;7172;1527;21.29
MG;43133;CENTRAL DE MINAS;169;5637;1200;21.29
MG;46191;INHAÚMA;322;5730;1220;21.29
RS;89273;TAQUARA;55;41562;8848;21.29
CE;14710;MOMBAÇA;46;32520;6924;21.29
PR;79316;TUNEIRAS DO OESTE;86;6721;1431;21.29
TO;73369;JAÚ DO TOCANTINS;20;3092;658;21.28
SP;71455;SOROCABA;342;116546;24796;21.28
PR;76678;LONDRINA;41;99568;21187;21.28
RS;85766;RELVADO;67;2167;461;21.27
PB;19208;RIACHÃO;20;3550;755;21.27
RS;88420;BENJAMIN CONSTANT DO SUL;168;2125;452;21.27
RJ;58076;BARRA MANSA;91;88118;18742;21.27
SE;32352;SÃO DOMINGOS;24;8598;1829;21.27
CE;13293;ARNEIROZ;101;6939;1476;21.27
SP;67490;NAZARÉ PAULISTA;16;14473;3079;21.27
SP;71315;SERRANA;109;33570;7137;21.26
SP;62022;LOURDES;214;1877;399;21.26
ES;56936;SÃO GABRIEL DA PALHA;37;26249;5581;21.26
SP;66192;JUNDIAÍ;281;159671;33927;21.25
PE;23833;CATENDE;43;25872;5497;21.25
SP;61026;BOREBI;161;2400;510;21.25
SP;69710;RIVERSUL;56;4559;969;21.25
AM;98477;TABATINGA;36;40230;8550;21.25
PR;74586;NOVA LARANJEIRAS;45;8591;1826;21.25
BA;33790;BONINAL;105;10945;2326;21.25
BA;33537;BARRA;77;37117;7889;21.25
AC;1570;ASSIS BRASIL;6;7294;1549;21.24
SP;62650;BURITIZAL;50;4125;876;21.24
AM;2658;NOVA OLINDA DO NORTE;35;19945;4237;21.24
PB;22292;TACIMA;20;8148;1731;21.24
MA;7374;BEQUIMÃO;111;18606;3951;21.24
PI;12610;SÃO GONÇALO DO GURGUÉIA;35;2882;612;21.24
PR;77372;PALMITAL;134;10879;2311;21.24
MA;7668;GOVERNADOR NUNES FREIRE;101;17561;3728;21.23
PR;75183;CAMPINA DO SIMÃO;44;3735;793;21.23
RJ;58696;NOVA IGUAÇU;158;100996;21445;21.23
PR;74608;NOVA SANTA BÁRBARA;63;3758;798;21.23
BA;34118;CAMACAN;133;17301;3673;21.23
MA;8435;NINA RODRIGUES;50;10518;2233;21.23
SC;80624;PASSOS MAIA;63;3505;744;21.23
PA;4545;TERRA ALTA;32;12581;2670;21.22
PR;74209;CAFEZAL DO SUL;97;4161;883;21.22
TO;73296;ESPERANTINA;10;6625;1406;21.22
PR;79090;TAMBOARA;72;4157;882;21.22
PA;4561;FLORESTA DO ARAGUAIA;24;13756;2917;21.21
GO;93432;DIORAMA;53;2503;531;21.21
MT;98795;NOVO HORIZONTE DO NORTE;27;3305;701;21.21
PB;21997;SÃO MAMEDE;26;7110;1508;21.21
SP;62430;BORÁ;12;1094;232;21.21
SP;69493;REGENTE FEIJÓ;167;15711;3333;21.21
GO;96458;ACREÚNA;128;15970;3387;21.21
PR;77410;PARAÍSO DO NORTE;100;9490;2013;21.21
SP;66354;LEME;188;72901;15456;21.2
MG;43435;CONCEIÇÃO DAS PEDRAS;99;2816;597;21.2
GO;92053;ALEXÂNIA;87;21974;4658;21.2
MG;47538;LAJINHA;158;16637;3527;21.2
PA;5894;RURÓPOLIS;68;20247;4291;21.19
ES;56391;DORES DO RIO PRETO;44;6285;1332;21.19
BA;30007;LUÍS EDUARDO MAGALHÃES;205;81123;17190;21.19
PR;77712;PITANGA;38;25677;5441;21.19
PI;10413;CAMPINAS DO PIAUÍ;90;5376;1139;21.19
SC;80985;BOMBINHAS;31;19110;4049;21.19
MG;49514;PASSA QUATRO;137;13298;2816;21.18
SP;66737;MANDURI;94;7096;1503;21.18
MG;48151;MATIAS BARBOSA;173;11981;2537;21.18
MA;9458;URBANO SANTOS;73;25803;5466;21.18
BA;36234;ITAPARICA;141;20044;4245;21.18
ES;56855;PRESIDENTE KENNEDY;43;13256;2807;21.18
SP;63010;CÂNDIDO MOTA;226;22894;4847;21.17
TO;73547;SANTA RITA DO TOCANTINS;3;2126;450;21.17
MT;90689;TAPURAH;21;9694;2052;21.17
MT;91995;SÃO JOSÉ DO RIO CLARO;29;11217;2375;21.17
PE;23280;TAMANDARÉ;26;20268;4291;21.17
SC;81418;IMARUÍ;62;10187;2157;21.17
PB;19895;CONCEIÇÃO;41;15357;3251;21.17
MG;51055;RIO MANSO;47;5025;1064;21.17
TO;92398;ARAGUAÇU;14;6645;1406;21.16
PR;79413;URAÍ;84;8555;1810;21.16
MG;47597;LARANJAL;201;5921;1253;21.16
RS;87181;NICOLAU VERGUEIRO;62;2406;509;21.16
BA;33758;BOA VISTA DO TUPIM;42;14089;2981;21.16
BA;34096;CALDEIRÃO GRANDE;115;10361;2192;21.16
PR;79154;TELÊMACO BORBA;111;51913;10983;21.16
PR;77933;QUATIGUÁ;55;6645;1406;21.16
SP;65773;ITOBI;39;6007;1271;21.16
GO;95435;PIRENÓPOLIS;26;20745;4390;21.16
SP;66010;JANDIRA;304;76022;16079;21.15
SP;69175;POTIRENDABA;126;13860;2932;21.15
SP;64939;IBITINGA;49;41272;8728;21.15
RS;87068;MINAS DO LEÃO;116;6369;1347;21.15
MG;42650;CARANGOLA;69;23082;4882;21.15
SP;70939;SÃO JOSÉ DO BARREIRO;18;3579;757;21.15
RN;16357;BREJINHO;44;10102;2136;21.14
MA;7536;CAROLINA;26;18310;3871;21.14
RO;256;ESPIGÃO DO OESTE;12;23348;4936;21.14
BA;38490;SALVADOR;4;121281;25637;21.14
PA;4162;PALESTINA DO PARÁ;57;5862;1239;21.14
MG;49131;OLIVEIRA FORTES;250;2731;577;21.13
PA;5754;URUARÁ;79;31993;6761;21.13
MT;91022;VALE DE SÃO DOMINGOS;25;2721;575;21.13
PB;20818;MANAÍRA;34;9110;1925;21.13
PB;22152;SERRA GRANDE;33;3110;657;21.13
PI;12432;LAGOINHA DO PIAUÍ;52;3244;685;21.12
PI;12637;FLORESTA DO PIAUÍ;90;2599;549;21.12
MG;42196;CAMPESTRE;222;16477;3480;21.12
MG;41491;BOM JARDIM DE MINAS;240;6321;1335;21.12
CE;14818;MUCAMBO;79;12736;2690;21.12
BA;33073;ÁGUA FRIA;74;13416;2834;21.12
TO;95478;PIUM;13;5965;1259;21.11
PR;75698;GOIOERÊ;92;21161;4467;21.11
PR;78352;SALTO DO ITARARÉ;21;4614;974;21.11
RS;87963;TIRADENTES DO SUL;86;4724;997;21.1
MG;41114;BARBACENA;23;99361;20963;21.1
SP;63274;CEDRAL;312;8582;1811;21.1
PI;10731;ESPERANTINA;41;32709;6902;21.1
TO;95273;PEIXE;20;7284;1537;21.1
PR;75353;CURITIBA;177;150833;31829;21.1
BA;37990;PLANALTINO;37;6975;1472;21.1
PR;77674;PIRAÍ DO SUL;27;18800;3965;21.09
BA;38032;POÇÕES;59;37374;7881;21.09
CE;13366;TARRAFAS;18;7393;1559;21.09
SE;31658;JAPARATUBA;11;14930;3149;21.09
SP;61620;TUIUTI;298;5542;1169;21.09
SP;71455;SOROCABA;137;79024;16670;21.09
SP;70750;SÃO BERNARDO DO CAMPO;296;100645;21231;21.09
RO;310;ALTA FLORESTA D OESTE;17;18187;3835;21.09
MG;41173;BARROSO;228;17476;3685;21.09
PB;22195;SERRARIA;11;4595;969;21.09
MG;48038;MARIPÁ DE MINAS;42;3150;664;21.08
AC;1120;ACRELÂNDIA;8;10207;2152;21.08
AL;28258;PALMEIRA DOS ÍNDIOS;10;54544;11498;21.08
MA;8176;LAGO VERDE;66;12196;2570;21.07
PR;77879;PRESIDENTE CASTELO BRANCO;71;3887;819;21.07
SP;66877;MATÃO;170;63725;13425;21.07
BA;33413;ARACI;123;40272;8486;21.07
MT;90646;NOVA MUTUM;5;37953;7995;21.07
PR;78271;RONCADOR;141;8952;1886;21.07
SP;70394;SANTA LÚCIA;239;6326;1332;21.06
BA;34851;CORRENTINA;124;28078;5913;21.06
GO;93580;CAMPO LIMPO DE GOIÁS;144;6772;1426;21.06
MG;43273;CLARAVAL;127;5081;1070;21.06
SE;32212;ROSÁRIO DO CATETE;14;8984;1892;21.06
BA;36170;ITAMBÉ;201;17831;3755;21.06
PR;76910;MARINGÁ;192;101587;21388;21.05
SP;66370;LENÇÓIS PAULISTA;161;50784;10688;21.05
PA;4022;TAILÂNDIA;93;55596;11703;21.05
MG;51217;RITÁPOLIS;232;4803;1011;21.05
SP;71030;SÃO MANUEL;129;29305;6166;21.04
BA;30791;BURITIRAMA;77;15728;3309;21.04
RJ;58009;QUISSAMÃ;255;19085;4015;21.04
ES;56162;SÃO ROQUE DO CANAÃ;16;9890;2081;21.04
SP;72451;VOTUPORANGA;147;68927;14501;21.04
AL;28754;SÃO SEBASTIÃO;49;27082;5695;21.03
BA;34878;COTEGIPE;98;11726;2466;21.03
SC;83895;BOM JARDIM DA SERRA;28;3852;810;21.03
PB;19054;ALAGOA GRANDE;9;23238;4888;21.03
SP;61328;SANTO ANTÔNIO DO ARACANGUÁ;299;7290;1533;21.03
MA;8117;JOSELÂNDIA;54;12529;2635;21.03
BA;35416;IBICARAÍ;29;17862;3756;21.03
BA;34363;CARAÍBAS;161;8699;1829;21.03
MG;40975;BAEPENDI;80;15621;3285;21.03
TO;93653;FORMOSO DO ARAGUAIA;15;14141;2974;21.03
MT;90301;LAMBARI D OESTE;52;4215;886;21.02
SC;81833;LAGES;93;30441;6400;21.02
MG;53635;TAPIRAÍ;21;1974;415;21.02
BA;38717;SANTO AMARO;178;47773;10043;21.02
MA;7510;CANTANHEDE;68;14177;2980;21.02
MG;43176;CHÁCARA;42;4371;919;21.02
PE;24996;PALMARES;37;40845;8584;21.02
MG;41050;BANDEIRA DO SUL;222;5237;1101;21.02
BA;37680;OUROLÂNDIA;167;14353;3016;21.01
MG;46132;INDIANÓPOLIS;16;5187;1090;21.01
SP;64831;IACANGA;49;8269;1737;21.01
MG;43591;CONGONHAS;85;43886;9222;21.01
PE;25372;RIO FORMOSO;26;16933;3558;21.01
PR;79677;NOVA OLÍMPIA;127;4854;1020;21.01
MG;48410;MIRADOURO;187;8125;1707;21.01
SP;67075;MIRASSOL;72;43661;9171;21.01
PE;23310;BELÉM DO SÃO FRANCISCO;73;15567;3269;21.0
RS;89443;SANTA MARGARIDA DO SUL;49;2829;594;21.0
SP;71013;SÃO LUÍS DO PARAITINGA;128;10204;2143;21.0
PR;74802;SANTA MARIA DO OESTE;38;8019;1684;21.0
AM;2534;MANACAPURU;6;81115;17036;21.0
PR;79812;BOA VISTA DA APARECIDA;165;7107;1492;20.99
PE;25950;TACARATU;89;18225;3825;20.99
SP;64254;FRANCA;46;119379;25054;20.99
SP;71552;TABATINGA;49;10716;2249;20.99
MA;8591;PASTOS BONS;17;15148;3179;20.99
MG;53570;TABULEIRO;239;4006;841;20.99
SC;80004;MONTE CARLO;77;6989;1467;20.99
BA;37494;MUTUÍPE;109;17909;3757;20.98
SP;66931;MERIDIANO;302;3765;790;20.98
BA;33456;ARATUÍPE;30;8424;1767;20.98
SP;66478;LOUVEIRA;345;39253;8235;20.98
RS;85510;BRAGA;140;2865;601;20.98
MA;7684;IGARAPÉ DO MEIO;77;10867;2280;20.98
GO;95010;NOVO BRASIL;79;3599;755;20.98
CE;13072;AIUABA;101;11440;2399;20.97
SE;31534;ILHA DAS FLORES;15;7753;1626;20.97
SP;67873;ORLÂNDIA;81;29493;6186;20.97
PI;10162;CANAVIEIRA;25;3447;723;20.97
SC;81850;LAGUNA;20;36422;7638;20.97
PB;19402;SÃO BENTINHO;51;3802;797;20.96
SP;70815;SÃO FRANCISCO;232;2505;525;20.96
RS;87386;PINHAL GRANDE;27;3602;755;20.96
SE;31976;PACATUBA;15;11850;2484;20.96
DF;97012;BRASÍLIA;2;119797;25107;20.96
PA;4863;MOJUÍ DOS CAMPOS;20;24248;5081;20.95
PR;75353;CURITIBA;175;137547;28814;20.95
MG;46752;ITAÚNA;140;70855;14843;20.95
MA;9695;MIRANDA DO NORTE;109;16991;3559;20.95
GO;92355;ARAGOIÂNIA;56;10215;2140;20.95
MG;40436;ALVARENGA;89;4518;946;20.94
MG;42390;CANDEIAS;296;11511;2410;20.94
MG;53112;SENADOR CORTES;170;2545;533;20.94
SP;71773;TAQUARITUBA;236;18080;3786;20.94
TO;73474;CHAPADA DE AREIA;13;2545;533;20.94
AL;28711;SÃO MIGUEL DOS CAMPOS;18;43051;9015;20.94
SP;65978;JALES;152;36025;7544;20.94
TO;92525;PRAIA NORTE;21;5873;1229;20.93
PR;75515;FÊNIX;116;3851;806;20.93
GO;94579;MAURILÂNDIA;66;7553;1581;20.93
ES;56898;SANTA LEOPOLDINA;9;10108;2116;20.93
AM;2895;ALVARÃES;60;12444;2605;20.93
MG;53538;SOBRÁLIA;267;4076;853;20.93
PR;79618;INDIANÓPOLIS;149;3803;796;20.93
SP;70750;SÃO BERNARDO DO CAMPO;174;108717;22759;20.93
BA;38490;SALVADOR;19;128289;26853;20.93
SP;61816;ATIBAIA;16;119210;24947;20.93
RS;85871;CANGUÇU;14;43549;9116;20.93
SP;69817;RIO DAS PEDRAS;244;25297;5294;20.93
SP;65994;JAMBEIRO;29;4996;1045;20.92
SP;67334;MONTE CASTELO;175;3327;696;20.92
CE;14494;JUCÁS;43;20189;4223;20.92
MG;51730;SANTANA DO GARAMBÉU;162;2352;492;20.92
SP;63371;CHAVANTES;313;8675;1815;20.92
MG;52612;SÃO JOSÉ DA VARGINHA;202;3988;834;20.91
PR;75159;COLORADO;95;17627;3684;20.9
PR;78913;SÃO PEDRO DO IVAÍ;132;6943;1451;20.9
BA;37753;PARATINGA;173;24228;5063;20.9
MG;52639;SÃO JOSÉ DO ALEGRE;51;3727;779;20.9
SC;83798;VIDEIRA;36;39175;8189;20.9
BA;30970;HELIÓPOLIS;110;12729;2660;20.9
RS;87912;PELOTAS;34;80995;16918;20.89
MS;55042;NOVO HORIZONTE DO SUL;27;3610;754;20.89
MA;9156;SÃO FRANCISCO DO MARANHÃO;21;9159;1913;20.89
MA;7676;COLINAS;29;28426;5939;20.89
MG;52493;SÃO JOÃO DEL REI;328;70117;14645;20.89
SP;68810;PIRANGI;76;7897;1650;20.89
SP;61042;TARUMÃ;290;11526;2408;20.89
SC;81914;LEBON RÉGIS;77;8737;1824;20.88
SP;63690;CRUZEIRO;42;56188;11727;20.87
PA;4138;ANAJÁS;90;22636;4725;20.87
SP;68098;PANORAMA;175;9923;2071;20.87
BA;33138;ALAGOINHAS;163;114417;23878;20.87
RJ;59196;TRÊS RIOS;174;43219;9015;20.86
MG;41653;BORDA DA MATA;227;13454;2806;20.86
SP;62448;TRABIJU;107;1649;344;20.86
RN;18333;SÃO BENTO DO TRAIRÍ;16;4458;930;20.86
SC;82015;MAJOR GERCINO;53;3305;689;20.85
RS;87319;LAVRAS DO SUL;9;5420;1130;20.85
SP;61956;BÁLSAMO;72;7397;1542;20.85
RJ;58912;SANTA MARIA MADALENA;60;8846;1844;20.85
PE;25836;SIRINHAÉM;26;28560;5955;20.85
TO;92436;ARAGUATINS;10;22359;4661;20.85
SP;61212;ALTO ALEGRE;289;3662;763;20.84
MT;91103;ITANHANGÁ;21;5239;1092;20.84
BA;34134;CAMAÇARI;171;112181;23376;20.84
BA;36390;ITIRUÇU;37;8937;1862;20.83
PR;74306;FAROL;183;2837;591;20.83
CE;13676;CARNAUBAL;22;14575;3035;20.82
RS;87718;NOVO HAMBURGO;76;86122;17928;20.82
MG;47350;JURAMENTO;185;4669;972;20.82
SC;80730;CANOINHAS;8;42693;8888;20.82
PE;23353;BETÂNIA;108;10088;2100;20.82
PR;76856;MARIA HELENA;142;4789;997;20.82
PR;75639;FOZ DO IGUAÇU;46;81849;17039;20.82
RS;85359;BARRACÃO;103;4352;906;20.82
PR;77976;QUERÊNCIA DO NORTE;85;7996;1665;20.82
BA;38296;RIACHO DE SANTANA;113;23737;4939;20.81
PA;4065;SÃO JOÃO DE PIRABAS;64;18795;3911;20.81
SP;71455;SOROCABA;271;98514;20497;20.81
RO;35;PORTO VELHO;6;91230;18982;20.81
CE;13404;BARROQUINHA;108;15207;3165;20.81
RJ;58890;RIO DAS FLORES;111;8711;1813;20.81
PR;75639;FOZ DO IGUAÇU;147;53743;11185;20.81
PR;75507;PEROBAL;142;5670;1180;20.81
RN;17612;NATAL;4;104780;21805;20.81
ES;56103;MARECHAL FLORIANO;12;14378;2991;20.8
MG;40720;SÃO JOÃO DO MANHUAÇU;167;9811;2041;20.8
MG;51470;SANTA CRUZ DO ESCALVADO;225;4879;1015;20.8
MG;44130;CRUZEIRO DA FORTALEZA;211;4351;905;20.8
MT;90026;SÃO JOSÉ DO POVO;2;3000;624;20.8
MA;8834;PRESIDENTE VARGAS;50;10343;2151;20.8
AL;27375;CHÃ PRETA;28;6923;1440;20.8
PB;19399;BELÉM;14;13281;2763;20.8
MS;90514;CAMPO GRANDE;44;91224;18968;20.79
MG;45691;GUARARÁ;42;3674;764;20.79
MG;44270;DESTERRO DE ENTRE RIOS;106;6445;1340;20.79
PA;4367;TERRA SANTA;89;15511;3224;20.79
SP;61310;AMERICANA;384;103108;21431;20.79
RJ;58653;NITERÓI;144;101830;21168;20.79
AL;28819;TAQUARANA;45;15528;3227;20.78
GO;96172;TAQUARAL DE GOIÁS;57;4447;924;20.78
MG;43230;CHIADOR;170;3296;685;20.78
MG;40363;LIMEIRA DO OESTE;142;6632;1378;20.78
MA;8990;SANTA QUITÉRIA DO MARANHÃO;24;21175;4401;20.78
BA;35114;ESPLANADA;21;26991;5608;20.78
PB;19658;CABEDELO;57;54022;11228;20.78
SP;69019;POMPÉIA;99;16138;3353;20.78
PR;75485;MARQUINHO;134;3876;805;20.77
GO;93734;GOIÂNIA;1;107203;22269;20.77
MG;43770;CORDISBURGO;206;6880;1429;20.77
MA;7978;HUMBERTO DE CAMPOS;32;23439;4869;20.77
PI;10693;ELESBÃO VELOSO;48;13416;2785;20.76
PR;77216;NOVA ESPERANÇA;71;19494;4046;20.76
PB;20079;CURRAL VELHO;42;2327;483;20.76
TO;92371;ARAGUACEMA;28;5135;1066;20.76
GO;95419;PIRANHAS;102;9094;1888;20.76
PA;4219;BAGRE;15;16607;3448;20.76
BA;35750;INHAMBUPE;44;27722;5754;20.76
AC;1392;RIO BRANCO;1;136433;28322;20.76
PE;26255;VICÊNCIA;90;22237;4615;20.75
PI;12289;PAVUSSU;72;3909;811;20.75
AM;2810;TEFÉ;9;49827;10341;20.75
RS;87912;PELOTAS;164;57314;11892;20.75
RS;89656;VICENTE DUTRA;94;3837;796;20.75
SP;64912;IBIRAREMA;83;5070;1052;20.75
MG;40983;LUISBURGO;70;5861;1216;20.75
SP;68918;PITANGUEIRAS;98;24981;5184;20.75
BA;39489;UMBURANAS;167;11651;2416;20.74
SP;70599;SANTO ANTÔNIO DA ALEGRIA;202;5700;1182;20.74
MA;7773;ESPERANTINÓPOLIS;61;14795;3068;20.74
GO;92800;TURVELÂNDIA;128;4210;873;20.74
BA;35734;ILHÉUS;26;75857;15725;20.73
PR;75558;FLORESTA;154;8070;1673;20.73
PR;76538;JUSSARA;149;5485;1137;20.73
SP;63592;COSMORAMA;138;7030;1457;20.73
PB;20419;ITAPORANGA;33;17565;3642;20.73
MG;54038;UBERLÂNDIA;278;139600;28926;20.72
SP;67199;MOMBUCA;38;3151;653;20.72
PR;74527;MATO RICO;38;3238;671;20.72
SP;61735;ARIRANHA;111;6455;1337;20.71
MG;44253;DESCOBERTO;258;4548;942;20.71
RS;85880;CASEIROS;28;3182;659;20.71
RJ;59234;VASSOURAS;41;29259;6056;20.7
RJ;58114;BOM JESUS DO ITABAPOANA;95;28472;5894;20.7
MG;54410;VISCONDE DO RIO BRANCO;284;30721;6359;20.7
MG;54011;UBERABA;326;75587;15647;20.7
MG;52078;SANTO ANTÔNIO DO MONTE;249;21033;4354;20.7
SC;80306;COCAL DO SUL;34;14810;3066;20.7
TO;94692;MONTE DO CARMO;3;5125;1061;20.7
SP;66672;MAGDA;162;2793;578;20.69
GO;96318;TURVÂNIA;63;4582;948;20.69
PE;25550;SANTA TEREZINHA;99;8044;1664;20.69
SP;68136;PARAIBUNA;84;13836;2862;20.69
BA;36331;ITAPITANGA;135;5934;1228;20.69
ES;56219;BOM JESUS DO NORTE;44;8487;1756;20.69
SP;70491;SANTA RITA D OESTE;187;2471;511;20.68
RN;17710;PARANÁ;42;4235;876;20.68
PR;77836;PORTO RICO;85;3003;621;20.68
BA;34134;CAMAÇARI;170;98581;20383;20.68
RS;86185;MORRO REDONDO;164;5309;1098;20.68
RN;16047;CAIÇARA DO NORTE;52;5551;1148;20.68
AL;27391;COITÉ DO NÓIA;45;9481;1960;20.67
RS;85790;CAMPO NOVO;140;3967;820;20.67
MA;8753;POÇÃO DE PEDRAS;61;14763;3052;20.67
RJ;58190;CAMPOS DOS GOYTACAZES;75;115698;23912;20.67
SP;63797;DIVINOLÂNDIA;229;9543;1973;20.67
SP;68616;PINDAMONHANGABA;90;119275;24637;20.66
MA;7870;GOVERNADOR ARCHER;48;8077;1669;20.66
PR;74187;BRASILÂNDIA DO SUL;128;3350;692;20.66
RS;85090;ALPESTRE;144;6272;1296;20.66
MG;46515;ITAMARATI DE MINAS;79;3881;802;20.66
SP;66095;JERIQUARA;155;3344;691;20.66
PI;12173;SOCORRO DO PIAUÍ;37;4300;888;20.65
BA;39578;VALENÇA;31;66657;13763;20.65
SP;65951;JAGUARIÚNA;333;45186;9330;20.65
SP;61697;AREIAS;42;3463;715;20.65
BA;37672;OURIÇANGAS;74;7224;1492;20.65
BA;33960;CABACEIRAS DO PARAGUAÇU;131;14433;2981;20.65
PA;5096;PARAGOMINAS;42;76388;15772;20.65
GO;95818;SANTA HELENA DE GOIÁS;66;30181;6228;20.64
PB;19739;CAIÇARA;14;6526;1347;20.64
MG;49891;PEQUERI;42;3368;695;20.64
PR;77151;NOVA ALIANÇA DO IVAÍ;72;1565;323;20.64
MA;9393;TUNTUM;79;28443;5872;20.64
PR;74616;BOM SUCESSO;70;5316;1097;20.64
BA;39136;SIMÕES FILHO;33;90003;18564;20.63
PI;12661;SÃO MIGUEL DA BAIXA GRANDE;74;2835;585;20.63
PR;79995;SÃO JORGE DO PATROCÍNIO;123;5235;1080;20.63
SP;71650;TAIÚVA;61;4396;907;20.63
PR;76872;MARIALVA;81;30178;6225;20.63
MG;48470;MOEMA;45;6829;1409;20.63
RS;88390;SANTA CRUZ DO SUL;162;44499;9181;20.63
BA;39993;WANDERLEY;98;10702;2208;20.63
RS;87858;PASSO FUNDO;33;72671;14994;20.63
AL;28878;VIÇOSA;5;20902;4309;20.62
CE;13315;ASSARÉ;18;18914;3901;20.62
SP;62456;BORACÉIA;86;3884;801;20.62
MG;44857;ESPINOSA;109;23564;4860;20.62
SE;31798;MARUIM;14;13208;2724;20.62
SC;80403;PASSO DE TORRES;54;9128;1882;20.62
CE;14214;IRACEMA;86;12096;2494;20.62
AL;28517;QUEBRANGULO;28;10425;2149;20.61
SP;61646;ARAPEÍ;18;2505;516;20.6
PA;5932;BREJO GRANDE DO ARAGUAIA;57;6821;1405;20.6
SP;71790;TARABAI;261;5176;1066;20.6
RS;88145;XANGRI-LÁ;150;14765;3041;20.6
BA;36498;JACARACI;92;11808;2433;20.6
TO;73270;MATEIROS;26;2000;412;20.6
GO;95990;SÃO LUÍS DE MONTES BELOS;80;24563;5060;20.6
RN;16136;ALTO DO RODRIGUES;47;12062;2484;20.59
MG;40398;ALTEROSA;19;12246;2521;20.59
PB;19917;CONDADO;51;5803;1195;20.59
BA;38490;SALVADOR;1;76122;15674;20.59
BA;37583;NOVA REDENÇÃO;119;6421;1322;20.59
AM;98493;UARINI;60;9798;2016;20.58
BA;39330;TERRA NOVA;128;10480;2157;20.58
SE;32174;RIACHUELO;13;8232;1694;20.58
AM;2577;MANICORÉ;16;33789;6950;20.57
SE;32077;POÇO REDONDO;28;22765;4683;20.57
MG;45578;GRUPIARA;110;1789;368;20.57
AP;6025;PORTO GRANDE;12;15533;3195;20.57
SP;61581;ALAMBARI;52;5139;1057;20.57
RO;590;THEOBROMA;27;7587;1560;20.56
PI;10022;ALEGRETE DO PIAUÍ;40;4534;932;20.56
PR;78930;SÃO PEDRO DO PARANÁ;85;2695;554;20.56
MT;90204;GLÓRIA D OESTE;18;2685;552;20.56
RS;88021;TUPANCI DO SUL;103;1474;303;20.56
PR;74276;ARAPONGAS;61;84444;17350;20.55
GO;93548;IPIRANGA DE GOIÁS;76;3148;647;20.55
RS;89737;CAPÃO DO LEÃO;164;18455;3792;20.55
GO;93327;NOVO GAMA;4;58615;12045;20.55
GO;95672;RIANÁPOLIS;72;3946;811;20.55
BA;38490;SALVADOR;17;102976;21159;20.55
PB;19666;JOCA CLAUDINO;53;2516;517;20.55
BA;39411;UBAÍRA;38;15896;3266;20.55
MT;91170;NOBRES;3;12502;2569;20.55
RS;87114;IRAÍ;94;5812;1194;20.54
PR;74950;CASTRO;16;55971;11497;20.54
SP;61476;ANHUMAS;182;3315;681;20.54
MA;8451;NOVA IORQUE;17;4134;849;20.54
SP;62413;BOM JESUS DOS PERDÕES;16;18368;3772;20.54
BA;37303;MIRANTE;59;8301;1705;20.54
TO;96954;ALIANÇA DO TOCANTINS;2;4304;884;20.54
PB;21393;PITIMBU;73;13151;2701;20.54
ES;56278;CASTELO;3;30033;6170;20.54
PR;74861;SÃO PEDRO DO IGUAÇU;148;5033;1034;20.54
AL;27839;LIMOEIRO DE ANADIA;47;20414;4193;20.54
PA;4570;CURUÇÁ;9;36832;7567;20.54
MG;41076;BARÃO DE COCAIS;22;24133;4955;20.53
BA;38865;SÃO JOSÉ DO JACUÍPE;191;8830;1813;20.53
PI;10570;CORRENTE;22;21194;4351;20.53
BA;33952;CAATIBA;201;5851;1201;20.53
GO;95613;POSSE;29;25339;5201;20.53
MG;47511;LAGOA SANTA;157;54891;11264;20.52
PA;5134;PONTA DE PEDRAS;27;23302;4781;20.52
SP;62855;CAJAMAR;354;70021;14366;20.52
GO;92363;MONTIVIDIU;140;9826;2016;20.52
SP;62359;BOCAINA;241;8535;1751;20.52
MA;7323;BOA VISTA DO GURUPI;100;6551;1344;20.52
SP;69132;PORTO FELIZ;100;41162;8448;20.52
BA;37354;MORRO DO CHAPÉU;55;26151;5364;20.51
PA;4278;BELÉM;30;127832;26214;20.51
PE;24376;IGUARACY;66;9100;1866;20.51
SP;64556;GUARÁ;60;14159;2904;20.51
PR;77453;PARANAGUÁ;5;108469;22251;20.51
PE;23035;AFRÂNIO;107;17488;3586;20.51
RO;620;CACAULÂNDIA;26;3901;800;20.51
BA;36110;ITAJUÍPE;136;16067;3295;20.51
PB;21270;PIANCÓ;32;12777;2620;20.51
PR;75493;FAXINAL;110;12177;2496;20.5
PR;76678;LONDRINA;146;98530;20199;20.5
BA;38890;SÃO SEBASTIÃO DO PASSÉ;128;34046;6979;20.5
SP;64734;GUARIBA;197;28368;5815;20.5
MG;52434;SÃO JOÃO BATISTA DO GLÓRIA;10;6432;1318;20.49
SE;32492;TOMAR DO GERU;30;10522;2156;20.49
PA;4464;SÃO DOMINGOS DO ARAGUAIA;57;15405;3157;20.49
MG;41270;BELO VALE;338;8588;1760;20.49
ES;56677;MIMOSO DO SUL;5;19748;4046;20.49
RO;795;SÃO FRANCISCO DO GUAPORÉ;5;12702;2603;20.49
SP;61220;ALUMÍNIO;131;14040;2877;20.49
MG;46353;ITABIRINHA;169;8908;1825;20.49
MG;47970;MARIA DA FÉ;99;12214;2502;20.48
RO;566;URUPÁ;18;9186;1881;20.48
GO;92177;AMORINÓPOLIS;53;3862;791;20.48
PE;24570;JABOATÃO DOS GUARARAPES;11;116346;23828;20.48
MA;7170;ARAIOSES;12;32649;6687;20.48
MG;42790;CARMO DA MATA;197;9616;1968;20.47
MG;51810;SANTANA DOS MONTES;88;3869;792;20.47
PB;19933;CONDE;3;27248;5578;20.47
BA;36978;MACAÚBAS;65;32963;6749;20.47
MG;40843;SENADOR AMARAL;59;6008;1230;20.47
RS;86029;FAXINALZINHO;168;2419;495;20.46
SP;68373;PEDRA BELA;298;4810;984;20.46
BA;39977;VÁRZEA DA ROÇA;86;10928;2236;20.46
SP;64777;GUARULHOS;394;167885;34348;20.46
MG;50172;PIRANGUÇU;51;4789;980;20.46
MG;48313;MERCÊS;239;8100;1657;20.46
RS;85910;CARAZINHO;15;45685;9343;20.45
PB;19321;ASSUNÇÃO;27;4201;859;20.45
AL;28630;SÃO BRÁS;37;7353;1504;20.45
AL;27138;BATALHA;29;13574;2776;20.45
SP;61123;DIRCE REIS;152;1702;348;20.45
MS;90735;DOURADOS;18;93879;19201;20.45
RS;85626;IVORÁ;119;1809;370;20.45
GO;93912;HIDROLINA;39;3869;791;20.44
PE;23710;CAMUTANGA;27;7337;1500;20.44
PR;78034;RANCHO ALEGRE;84;3224;659;20.44
MG;48879;NATÉRCIA;159;4090;836;20.44
SP;69698;RIBEIRÃO PRETO;305;130176;26606;20.44
PR;75264;CRUZMALTINA;110;2730;558;20.44
MG;51454;SANTA BÁRBARA DO TUGÚRIO;25;4340;887;20.44
BA;39675;WAGNER;69;6804;1391;20.44
RS;87882;SENTINELA DO SUL;84;4237;866;20.44
RN;17612;NATAL;3;127676;26093;20.44
BA;33014;ABAÍRA;105;6761;1381;20.43
SP;61522;ASPÁSIA;427;1875;383;20.43
TO;96679;FIGUEIRÓPOLIS;14;4679;956;20.43
BA;38490;SALVADOR;11;116635;23825;20.43
RN;16217;AREIA BRANCA;32;22037;4503;20.43
RJ;58068;CARDOSO MOREIRA;141;12616;2578;20.43
BA;38059;POJUCA;200;29229;5970;20.42
MA;7897;GOVERNADOR EUGÊNIO BARROS;108;10692;2183;20.42
PB;19011;ÁGUA BRANCA;74;8397;1715;20.42
SP;66192;JUNDIAÍ;65;94871;19362;20.41
SP;68730;PIRACAIA;92;21552;4399;20.41
SP;63070;CAPELA DO ALTO;140;14543;2968;20.41
SP;61239;ÁLVARES FLORENCE;147;3612;737;20.4
MG;42013;CAIANA;303;4437;905;20.4
MT;90255;ARENÁPOLIS;17;7881;1608;20.4
PA;5576;SOURE;3;22800;4652;20.4
MT;91081;IPIRANGA DO NORTE;43;5997;1223;20.39
PR;84719;SÃO JOSÉ DAS PALMEIRAS;148;3463;706;20.39
PB;19313;BANANEIRAS;14;19361;3947;20.39
SP;62510;BRAGANÇA PAULISTA;298;24310;4956;20.39
BA;39632;VERA CRUZ;141;36715;7487;20.39
PB;20710;LIVRAMENTO;27;5930;1209;20.39
RS;85480;SÃO MIGUEL DAS MISSÕES;45;5911;1205;20.39
MG;41939;CACHOEIRA DE MINAS;300;10111;2062;20.39
MG;49859;PEDRO LEOPOLDO;215;49124;10014;20.39
PR;76635;LOANDA;85;15869;3235;20.39
BA;35700;IGRAPIÚNA;32;9050;1845;20.39
SP;61336;AMÉRICO BRASILIENSE;239;27310;5569;20.39
MA;9199;SÃO JOÃO DOS PATOS;53;19533;3980;20.38
RJ;59072;SAPUCAIA;61;15786;3217;20.38
SP;65358;ITABERÁ;236;13507;2753;20.38
MA;7820;LAGOA DO MATO;44;8284;1688;20.38
BA;37974;PIRITIBA;54;14292;2912;20.38
PR;75795;GUARACI;64;4224;861;20.38
AC;1058;BRASILÉIA;6;19978;4071;20.38
SP;65897;JACAREÍ;396;90766;18495;20.38
RS;86576;FAXINAL DO SOTURNO;119;5638;1149;20.38
MG;46310;IRAÍ DE MINAS;110;6872;1400;20.37
SP;61638;ARARAQUARA;13;68824;14021;20.37
AP;6114;FERREIRA GOMES;12;7861;1601;20.37
SP;71633;TAIAÇU;61;4509;918;20.36
PR;76791;MANDIRITUBA;144;19907;4053;20.36
RO;531;CASTANHEIRAS;15;3409;694;20.36
MG;44377;DIVINÉSIA;261;5015;1021;20.36
MA;7021;ALTO ALEGRE DO MARANHÃO;35;18076;3679;20.35
SC;83399;SÃO MIGUEL DO OESTE;45;32021;6516;20.35
PE;23736;CANHOTINHO;116;17167;3494;20.35
DF;97012;BRASÍLIA;4;101858;20722;20.34
PR;78395;SANTA AMÉLIA;58;3048;620;20.34
SP;71919;TIETÊ;142;29070;5913;20.34
PI;10200;COLÔNIA DO GURGUÉIA;67;5574;1133;20.33
GO;93793;GOIATUBA;38;27861;5660;20.32
SP;63711;CUBATÃO;119;90311;18355;20.32
SP;61409;NOVAIS;179;3922;797;20.32
RS;85162;TERRA DE AREIA;77;7779;1581;20.32
SC;80829;IPUAÇU;71;5697;1157;20.31
SP;64998;IEPÊ;106;5971;1213;20.31
SP;69833;RIO GRANDE DA SERRA;382;33722;6848;20.31
AL;28894;CRAÍBAS;31;21887;4446;20.31
PB;19089;CUITÉ DE MAMANGUAPE;7;7662;1556;20.31
RO;558;VALE DO PARAÍSO;28;5538;1125;20.31
AL;27677;JACARÉ DOS HOMENS;29;5258;1068;20.31
PR;79294;TOMAZINA;19;6647;1350;20.31
RJ;58343;SÃO JOSÉ DE UBÁ;107;7636;1551;20.31
MG;53155;SENADOR JOSÉ BENTO;227;2481;504;20.31
PE;24970;OURICURI;82;48563;9863;20.31
CE;14010;GUARACIABA DO NORTE;74;34685;7046;20.31
SP;70874;SÃO JOÃO DO PAU D ALHO;175;1906;387;20.3
MG;42617;CARANAÍBA;68;3454;701;20.3
MG;54038;UBERLÂNDIA;314;104856;21281;20.3
MA;7293;BARÃO DE GRAJAÚ;21;16130;3275;20.3
SP;63878;DOURADO;107;6798;1380;20.3
BA;38679;SANTANÓPOLIS;74;9599;1948;20.29
BA;34010;CAEM;167;8150;1654;20.29
MT;98914;RESERVA DO CABAÇAL;41;1838;373;20.29
SP;67776;ÓLEO;94;2420;491;20.29
PR;76910;MARINGÁ;66;103177;20930;20.29
PR;77895;PRIMEIRO DE MAIO;40;8333;1691;20.29
GO;93734;GOIÂNIA;146;121134;24568;20.28
AL;28452;PORTO CALVO;14;21598;4380;20.28
PA;4600;NOVA IPIXUNA;23;11487;2329;20.28
GO;96911;ADELÂNDIA;34;2963;601;20.28
AC;1015;CAPIXABA;2;8170;1657;20.28
GO;93734;GOIÂNIA;134;117423;23809;20.28
PR;75132;COLOMBO;186;83284;16891;20.28
TO;93416;DIANÓPOLIS;25;13191;2675;20.28
RS;88129;VITÓRIA DAS MISSÕES;45;3443;698;20.27
PA;4405;VITÓRIA DO XINGU;18;16489;3342;20.27
SP;67679;NOVA LUZITÂNIA;162;2635;534;20.27
PR;79537;ASSIS CHATEAUBRIAND;113;27256;5525;20.27
PR;75132;COLOMBO;49;78670;15944;20.27
SC;80896;CRICIÚMA;10;69000;13978;20.26
MG;54356;VIRGÍNIA;137;7521;1524;20.26
RO;655;CORUMBIARA;16;5751;1165;20.26
SP;65196;IPAUSSU;114;9987;2023;20.26
MG;46299;IPUIÚNA;345;7715;1563;20.26
DF;97012;BRASÍLIA;21;114357;23165;20.26
SP;70734;SÃO BENTO DO SAPUCAÍ;314;9073;1838;20.26
SP;64378;GASTÃO VIDIGAL;162;2869;581;20.25
MG;40665;SANTA RITA DE MINAS;71;5935;1202;20.25
BA;39314;TEOLÂNDIA;197;11256;2279;20.25
BA;38490;SALVADOR;8;105893;21443;20.25
SP;71951;TORRINHA;28;6691;1354;20.24
RS;88323;HERVEIRAS;40;2629;532;20.24
PR;79138;TEIXEIRA SOARES;53;8083;1636;20.24
MA;7617;CHAPADINHA;42;60242;12195;20.24
PR;78433;SANTA CRUZ DE MONTE CASTELO;94;6773;1371;20.24
PE;25470;SANHARÓ;45;16323;3303;20.24
RS;86118;CONDOR;115;6118;1238;20.24
SC;80675;CAMPO ERÊ;69;7540;1525;20.23
TO;93114;COLINAS DO TOCANTINS;4;25353;5130;20.23
PA;4324;ULIANÓPOLIS;84;20159;4078;20.23
BA;35734;ILHÉUS;25;54453;11015;20.23
MA;7579;CAXIAS;4;113420;22948;20.23
PR;77135;NOSSA SENHORA DAS GRAÇAS;95;3173;642;20.23
PR;79332;UBIRATÃ;98;19130;3870;20.23
RN;16276;BAÍA FORMOSA;11;7404;1498;20.23
SE;31879;NEÓPOLIS;15;14406;2914;20.23
CE;14095;ICÓ;15;51307;10377;20.23
SP;66559;LUIZIÂNIA;289;3792;767;20.23
BA;38490;SALVADOR;16;102570;20751;20.23
PR;74357;ARAUCÁRIA;50;112066;22664;20.22
RO;35;PORTO VELHO;21;78509;15873;20.22
SP;61255;ÁLVARES MACHADO;182;17955;3631;20.22
CE;13099;ALCÂNTARAS;24;10265;2076;20.22
RJ;58319;DUAS BARRAS;42;10314;2085;20.22
MT;91197;NORTELÂNDIA;17;4871;985;20.22
MG;45055;FARIA LEMOS;69;3325;672;20.21
BA;33693;BELO CAMPO;177;15726;3179;20.21
BA;35777;IPECAETÁ;143;15029;3038;20.21
SP;61158;ALFREDO MARCONDES;182;3964;801;20.21
SP;61247;PEDRINHAS PAULISTA;290;2726;551;20.21
SP;61972;BANANAL;18;8233;1664;20.21
SP;70050;SALTO;221;95308;19262;20.21
BA;33715;BIRITINGA;150;13259;2680;20.21
MA;7390;BREJO;24;25937;5240;20.2
RO;710;SÃO FELIPE D OESTE;19;4530;915;20.2
MA;8281;SÃO FRANCISCO DO BREJÃO;98;8123;1641;20.2
TO;93211;COUTO MAGALHÃES;16;4816;973;20.2
PB;19429;SÃO DOMINGOS;31;3287;664;20.2
PR;74390;ASTORGA;67;19627;3963;20.19
BA;36773;LAJE;109;20749;4190;20.19
CE;13331;AURORA;69;20292;4096;20.19
SC;80276;ARARANGUÁ;1;55064;11115;20.19
MG;50334;POÇO FUNDO;164;12809;2586;20.19
SP;62057;BARRA BONITA;200;28333;5721;20.19
PR;77950;QUATRO BARRAS;195;18192;3673;20.19
PR;74233;ANTÔNIO OLINTO;12;6911;1395;20.19
ES;56006;SÃO DOMINGOS DO NORTE;46;8443;1705;20.19
SE;31755;MALHADA DOS BOIS;5;4297;867;20.18
MS;90514;CAMPO GRANDE;54;67910;13704;20.18
MG;51551;SANTA LUZIA;312;100973;20373;20.18
PR;74519;BARRA DO JACARÉ;57;2805;566;20.18
ES;56197;BOA ESPERANÇA;39;11266;2272;20.17
PE;23167;CARNAUBEIRA DA PENHA;69;12559;2533;20.17
MA;8133;LAGO DA PEDRA;74;34283;6916;20.17
SP;61760;ELISIÁRIO;40;2737;552;20.17
BA;35149;FEIRA DA MATA;125;5181;1045;20.17
RJ;58556;MENDES;56;14878;3000;20.16
RO;450;CABIXI;8;4950;998;20.16
SP;61298;ALVINLÂNDIA;47;2634;531;20.16
GO;95710;RIO VERDE;140;63589;12820;20.16
PR;75353;CURITIBA;145;139606;28139;20.16
RJ;59110;SILVA JARDIM;63;18674;3765;20.16
GO;92096;ALOÂNDIA;45;2168;437;20.16
SP;70378;SANTA ISABEL;115;41696;8404;20.16
GO;96415;VIANÓPOLIS;31;11287;2274;20.15
PB;20052;CUITEGI;11;6098;1229;20.15
CE;14451;JATI;70;7093;1429;20.15
RS;86045;AMARAL FERRADOR;19;4601;927;20.15
GO;93734;GOIÂNIA;2;108897;21940;20.15
PE;23175;AMARAJI;31;17368;3499;20.15
MG;49751;PEDRA DO ANTA;268;3516;708;20.14
RN;17612;NATAL;1;102932;20733;20.14
SP;64696;GUARATINGUETÁ;48;90805;18285;20.14
PR;77577;PEABIRU;74;9916;1997;20.14
PR;75205;CAMPO MAGRO;182;21484;4327;20.14
MG;42102;GAMELEIRAS;180;4725;951;20.13
BA;36579;JAGUARIPE;30;15393;3098;20.13
MG;41220;ORATÓRIOS;224;4326;871;20.13
PR;75833;GUARAPUAVA;44;58346;11738;20.12
BA;37222;MATINA;113;9556;1923;20.12
RN;18970;VIÇOSA;63;1958;394;20.12
MA;7277;BALSAS;22;71213;14327;20.12
PR;78832;SÃO JOSÉ DA BOA VISTA;20;4737;953;20.12
BA;33855;BREJÕES;36;10919;2197;20.12
PR;77771;PONTA GROSSA;14;88329;17769;20.12
SP;71579;TABOÃO DA SERRA;416;118294;23785;20.11
MG;48771;MURIAÉ;187;78840;15856;20.11
MG;41513;BOM JESUS DA PENHA;195;3674;739;20.11
SP;71978;TREMEMBÉ;314;29627;5959;20.11
AC;1457;SENA MADUREIRA;3;30864;6203;20.1
PB;20095;DESTERRO;30;7716;1551;20.1
PI;10472;CAPITÃO DE CAMPOS;71;10509;2112;20.1
SP;67512;NEVES PAULISTA;72;7059;1419;20.1
ES;56553;ITAPEMIRIM;22;36630;7359;20.09
BA;35270;GLÓRIA;84;13025;2617;20.09
SP;67172;MOGI MIRIM;75;67646;13591;20.09
PR;76350;JANDAIA DO SUL;70;16534;3321;20.09
PI;11070;JOAQUIM PIRES;41;11817;2374;20.09
PE;23183;LAGOA GRANDE;137;20661;4151;20.09
GO;93300;VALPARAÍSO DE GOIÁS;33;99112;19909;20.09
RJ;59331;SÃO JOSÉ DO VALE DO RIO PRETO;196;16230;3261;20.09
PE;23213;ARARIPINA;84;60070;12071;20.09
PR;76732;MAMBORÊ;170;10615;2131;20.08
BA;37095;MANOEL VITORINO;22;13181;2647;20.08
PR;75035;CHOPINZINHO;103;16864;3387;20.08
SC;81833;LAGES;21;47730;9583;20.08
RO;736;ALTO ALEGRE DOS PARECIS;19;8837;1774;20.07
BA;36820;LAJEDO DO TABOCAL;37;6287;1262;20.07
MT;90522;CLÁUDIA;32;8579;1721;20.06
PB;19143;MATINHAS;13;4881;979;20.06
AL;27332;CAPELA;6;12900;2588;20.06
BA;34550;CÍCERO DANTAS;82;26260;5264;20.05
PR;75353;CURITIBA;3;139025;27869;20.05
TO;73482;CHAPADA DA NATIVIDADE;19;3103;622;20.05
PR;74837;CAMPO MOURÃO;31;70262;14090;20.05
PB;20770;MALTA;51;5263;1055;20.05
MG;54038;UBERLÂNDIA;279;142633;28605;20.05
MG;50270;PITANGUI;219;21464;4304;20.05
PR;78239;RIO NEGRO;11;24158;4844;20.05
GO;94790;MUTUNÓPOLIS;88;3622;726;20.04
MS;90514;CAMPO GRANDE;35;116051;23260;20.04
PA;5770;MEDICILÂNDIA;85;20484;4102;20.03
PR;75442;IMBAÚ;111;8865;1776;20.03
PI;12629;SÃO LUIS DO PIAUÍ;28;3574;716;20.03
MT;91553;SANTO ANTÔNIO DO LEVERGER;38;17145;3435;20.03
PE;26018;TEREZINHA;61;6630;1328;20.03
RO;612;GOVERNADOR JORGE TEIXEIRA;27;7203;1443;20.03
PR;74365;HONÓRIO SERPA;101;4366;874;20.02
MG;46477;ITAJUBÁ;134;68385;13689;20.02
AL;28592;SANTANA DO IPANEMA;19;33109;6630;20.02
MA;8192;LIMA CAMPOS;67;11183;2239;20.02
PE;23191;ANGELIM;116;9105;1823;20.02
MG;49158;ONÇA DE PITANGUI;202;3368;674;20.01
RN;17230;LAGOA D ANTA;15;6393;1279;20.01
ES;57037;VILA VELHA;55;141849;28378;20.01
PE;25070;PARNAMIRIM;78;18517;3705;20.01
SP;61077;ÁGUAS DA PRATA;122;5911;1183;20.01
MA;7625;GOVERNADOR LUIZ ROCHA;60;6417;1284;20.01
MA;8184;RIBAMAR FIQUENE;103;6276;1256;20.01
RO;574;MIRANTE DA SERRA;28;8333;1667;20.0
MG;42439;CAPELA NOVA;68;4746;949;20.0
SP;61778;ARUJÁ;335;71347;14266;20.0
SC;80454;BIGUAÇU;2;57679;11537;20.0
RN;17337;LAJES;17;9481;1895;19.99
BA;38776;SÃO DESIDÉRIO;100;28595;5717;19.99
BA;33057;ACAJUTIBA;21;12019;2402;19.99
SP;69795;RIO CLARO;288;66827;13362;19.99
SP;64777;GUARULHOS;185;155300;31040;19.99
SP;71412;SILVEIRAS;145;5404;1080;19.99
PR;75957;IGUARAÇU;67;4057;811;19.99
TO;73512;AGUIARNÓPOLIS;9;3952;790;19.99
RJ;58858;RIO BONITO;32;45412;9076;19.99
CE;14079;IBIAPINA;73;20158;4027;19.98
RS;88137;RESTINGA SÊCA;157;12277;2453;19.98
SP;62715;CAÇAPAVA;29;72595;14503;19.98
BA;37257;MIGUEL CALMON;103;19996;3995;19.98
SC;81132;GAROPABA;73;24086;4810;19.97
RS;87912;PELOTAS;60;106150;21202;19.97
BA;39373;TUCANO;80;41771;8343;19.97
MG;51152;RIO POMBA;239;13402;2676;19.97
SE;31003;SANTANA DO SÃO FRANCISCO;15;6340;1266;19.97
BA;37532;NILO PEÇANHA;32;10011;1999;19.97
PA;5975;DOM ELISEU;84;30137;6016;19.96
PB;19445;SÃO JOSÉ DE PRINCESA;34;3236;646;19.96
GO;92959;CAMPO ALEGRE DE GOIÁS;14;5811;1160;19.96
PA;4120;ELDORADO DOS CARAJÁS;58;20306;4051;19.95
PI;10278;BARRO DURO;74;6411;1279;19.95
MG;42374;CANA VERDE;216;4983;994;19.95
PI;10090;AMARANTE;8;16004;3193;19.95
PB;20036;CUITÉ;24;17388;3467;19.94
PE;24473;ITACURUBA;73;4741;945;19.93
MG;54216;WENCESLAU BRAZ;134;2695;537;19.93
MG;40037;ABAETÉ;1;17445;3476;19.93
RS;87769;SÃO JOSÉ DAS MISSÕES;32;2443;487;19.93
MS;90735;DOURADOS;43;72990;14544;19.93
SC;81051;FLORIANÓPOLIS;13;144513;28805;19.93
RN;16098;ALEXANDRIA;41;11804;2352;19.93
CE;14699;MISSÃO VELHA;16;30981;6174;19.93
SC;81078;FRAIBURGO;77;26265;5235;19.93
SP;68993;POLONI;77;4510;899;19.93
SP;62510;BRAGANÇA PAULISTA;27;106998;21312;19.92
MT;90182;PORTO ESTRELA;13;3328;663;19.92
MG;40916;ASTOLFO DUTRA;79;10808;2153;19.92
GO;96555;NOVA GLÓRIA;72;6881;1371;19.92
BA;36293;ITAPETINGA;140;48314;9624;19.92
PA;4359;BREVES;15;77288;15391;19.91
BA;34509;CATURAMA;111;7298;1453;19.91
PR;75086;ARIRANHA DO IVAÍ;196;2527;503;19.91
TO;92304;MARIANÓPOLIS DO TOCANTINS;7;3803;757;19.91
PA;5797;SÃO GERALDO DO ARAGUAIA;62;19494;3879;19.9
SC;81612;ITAJAÍ;97;110482;21989;19.9
RN;17531;MONTANHAS;12;9623;1915;19.9
CE;14737;MONSENHOR TABOSA;61;14947;2975;19.9
MG;53392;SERRANOS;346;2075;413;19.9
SC;80896;CRICIÚMA;92;47767;9508;19.9
PR;75043;PINHAIS;188;99265;19758;19.9
SP;69990;SALES OLIVEIRA;81;8527;1697;19.9
GO;96610;AMERICANO DO BRASIL;34;5599;1114;19.9
MG;44970;EUGENÓPOLIS;111;8752;1741;19.89
PR;74870;CAPANEMA;107;15204;3024;19.89
BA;34479;CATOLÂNDIA;100;4177;831;19.89
ES;57053;VITÓRIA;1;128174;25488;19.89
SP;65536;ITAPIRA;54;53362;10616;19.89
ES;57959;VARGEM ALTA;35;16002;3181;19.88
SP;71358;SERTÃOZINHO;135;93301;18546;19.88
BA;35912;IRARÁ;74;25619;5092;19.88
BA;36510;JACOBINA;46;61665;12254;19.87
RS;88382;ITAARA;135;4530;900;19.87
BA;38210;REMANSO;67;32212;6402;19.87
SP;67458;NARANDIBA;261;4458;886;19.87
PR;74403;IRACEMA DO OESTE;120;2427;482;19.86
RS;87858;PASSO FUNDO;128;77350;15362;19.86
RO;604;MINISTRO ANDREAZZA;11;6153;1222;19.86
PR;74462;IVATÉ;172;5439;1080;19.86
RN;16691;ESPÍRITO SANTO;9;7961;1581;19.86
MG;50997;RIO DOCE;225;2624;521;19.86
MG;40991;BALDIM;264;7093;1408;19.85
RJ;58220;AREAL;174;10270;2039;19.85
PI;10740;CAMPO LARGO DO PIAUÍ;49;5863;1164;19.85
BA;38652;SANTANA;99;21022;4173;19.85
MG;48399;MIRABELA;185;10866;2157;19.85
CE;14915;ORÓS;15;17682;3509;19.85
SP;62170;BATATAIS;22;42270;8386;19.84
MG;52256;SÃO FRANCISCO DE SALES;297;4637;920;19.84
AL;28738;SÃO MIGUEL DOS MILAGRES;12;8255;1638;19.84
MT;90409;SÃO PEDRO DA CIPA;14;3891;772;19.84
AC;1112;EPITACIOLÂNDIA;6;14599;2897;19.84
PR;78050;REALEZA;130;14524;2881;19.84
MG;41190;BELA VISTA DE MINAS;193;8231;1633;19.84
PE;25879;SOLIDÃO;98;5531;1097;19.83
CE;13536;CAMPOS SALES;38;20555;4077;19.83
MG;49018;NOVA RESENDE;195;13447;2666;19.83
CE;13340;IPAPORANGA;20;10349;2052;19.83
PA;4758;JACUNDÁ;69;30585;6064;19.83
MA;8125;PRESIDENTE MÉDICI;80;5728;1136;19.83
DF;97012;BRASÍLIA;6;137198;27207;19.83
PB;21032;NOVA FLORESTA;24;8307;1647;19.83
RS;85812;CANDELÁRIA;13;22407;4443;19.83
MA;7315;BARRA DO CORDA;23;63831;12660;19.83
GO;93076;CERES;72;16940;3359;19.83
MG;45799;GUIRICEMA;284;7504;1488;19.83
BA;38490;SALVADOR;10;139555;27663;19.82
PB;21156;PASSAGEM;65;2846;564;19.82
MG;48577;MONTE AZUL;180;17843;3536;19.82
BA;33375;APORÁ;44;14198;2814;19.82
BA;38490;SALVADOR;3;106680;21149;19.82
SP;71897;TERRA ROXA;178;6363;1261;19.82
PR;84654;DOURADINA;142;6988;1385;19.82
GO;93734;GOIÂNIA;147;112146;22220;19.81
RJ;58360;TANGUÁ;151;26468;5243;19.81
SP;69671;RIBEIRÃO PIRES;382;19188;3801;19.81
MA;7765;JENIPAPO DOS VIEIRAS;97;13237;2622;19.81
GO;96750;DOVERLÂNDIA;6;5670;1123;19.81
RR;3085;RORAINÓPOLIS;8;23761;4707;19.81
SP;65897;JACAREÍ;62;80628;15969;19.81
MG;53619;TAPIRA;17;4968;984;19.81
SP;63533;CORONEL MACEDO;236;3793;751;19.8
PR;77631;PINHALÃO;19;5879;1164;19.8
TO;96830;FÁTIMA;13;3389;671;19.8
PA;4340;AURORA DO PARÁ;49;18265;3617;19.8
BA;33979;CACHOEIRA;118;26041;5156;19.8
BA;33634;BARREIRAS;75;49784;9858;19.8
MA;8656;PERI MIRIM;111;11291;2236;19.8
PI;11150;LUZILÂNDIA;27;20147;3990;19.8
MA;8710;PIO XII;87;18787;3719;19.8
GO;92258;ANICUNS;34;15170;3002;19.79
PA;5630;VIGIA;8;39656;7847;19.79
SC;81310;HERVAL D OESTE;85;16804;3325;19.79
MG;44792;ERVÁLIA;107;16479;3262;19.79
MT;90719;DOM AQUINO;12;6230;1233;19.79
RS;89753;SALTO DO JACUÍ;154;7867;1557;19.79
SC;81515;IPUMIRIM;90;6026;1192;19.78
MG;40649;SANTA BÁRBARA DO LESTE;71;6925;1370;19.78
TO;96857;AUGUSTINÓPOLIS;21;13639;2698;19.78
TO;73288;SÃO BENTO DO TOCANTINS;10;5456;1079;19.78
RN;18210;SÃO FRANCISCO DO OESTE;40;4098;810;19.77
MG;53252;SERICITA;339;7087;1401;19.77
TO;73300;CARIRI DO TOCANTINS;2;3798;751;19.77
TO;95516;PONTE ALTA DO BOM JESUS;17;3642;720;19.77
BA;38490;SALVADOR;2;88002;17394;19.77
SP;68438;PEDREIRA;333;33383;6599;19.77
TO;93858;GURUPI;2;61239;12103;19.76
DF;97012;BRASÍLIA;16;153650;30361;19.76
RN;16055;AFONSO BEZERRA;18;10537;2082;19.76
SP;69671;RIBEIRÃO PIRES;183;66577;13155;19.76
CE;13013;ABAIARA;26;7775;1536;19.76
TO;73555;CRIXÁS DO TOCANTINS;2;1827;361;19.76
SP;70351;SANTA GERTRUDES;243;19153;3784;19.76
AL;27006;PARIPUEIRA;17;12721;2514;19.76
PB;19070;ALAGOA NOVA;13;16592;3278;19.76
PR;75353;CURITIBA;174;139717;27594;19.75
MT;90441;RIBEIRÃOZINHO;9;2466;487;19.75
MG;44490;DOM CAVATI;267;4341;857;19.74
PA;5673;REDENÇÃO;59;62358;12312;19.74
MT;91677;VÁRZEA GRANDE;49;100002;19737;19.74
BA;39748;MADRE DE DEUS;162;17110;3378;19.74
BA;38334;RIBEIRA DO POMBAL;110;45064;8897;19.74
SP;67156;MOGI GUAÇU;216;114358;22563;19.73
GO;93670;GOIANÁPOLIS;3;10753;2122;19.73
SP;62790;CAIABU;71;3330;657;19.73
PE;23450;BONITO;39;30694;6057;19.73
RS;86274;DOM FELICIANO;12;10375;2047;19.73
SP;61662;ESTIVA GERBI;216;9490;1872;19.73
AL;27065;JEQUIÁ DA PRAIA;18;8245;1627;19.73
TO;73598;IPUEIRAS;3;1997;394;19.73
MS;90514;CAMPO GRANDE;8;123948;24437;19.72
GO;93734;GOIÂNIA;136;112046;22100;19.72
MT;91634;TORIXORÉU;9;3727;735;19.72
PR;77011;MEDIANEIRA;114;37479;7386;19.71
PI;11053;JERUMENHA;25;4814;949;19.71
GO;92347;MIMOSO DE GOIÁS;131;3345;659;19.7
RJ;58653;NITERÓI;71;112650;22180;19.69
MS;91901;VICENTINA;4;5998;1181;19.69
MG;50512;POUSO ALTO;306;5593;1101;19.69
BA;37834;PEDRÃO;130;6573;1294;19.69
RS;85006;TRINDADE DO SUL;99;5879;1157;19.68
MG;51250;RODEIRO;275;6844;1347;19.68
PR;74349;FLOR DA SERRA DO SUL;140;4381;862;19.68
PR;74667;PITANGUEIRAS;67;2622;516;19.68
MA;7641;GOVERNADOR NEWTON BELLO;96;7695;1514;19.68
CE;13951;GRANJA;25;44060;8665;19.67
GO;92274;APARECIDA DE GOIÂNIA;145;116963;23004;19.67
MG;40878;ARGIRITA;161;3035;597;19.67
MG;41211;BELMIRO BRAGA;173;3228;635;19.67
MG;43710;CONTAGEM;90;115601;22736;19.67
PR;74241;CRUZEIRO DO IGUAÇU;115;3622;712;19.66
BA;38490;SALVADOR;13;107720;21181;19.66
PB;19046;SÃO JOSÉ DOS RAMOS;6;5940;1168;19.66
AC;1392;RIO BRANCO;9;133741;26288;19.66
RS;86673;FREDERICO WESTPHALEN;94;25048;4925;19.66
MG;42129;GLAUCILÂNDIA;184;4010;788;19.65
RJ;58084;VARRE-SAI;43;8788;1727;19.65
PA;4782;PIÇARRA;62;9403;1848;19.65
PA;4391;CACHOEIRA DO ARARI;2;18975;3728;19.65
PB;21636;SALGADO DE SÃO FÉLIX;6;10366;2037;19.65
BA;33529;BANZAÊ;110;10902;2142;19.65
GO;95656;RIALMA;72;9232;1814;19.65
BA;35238;GANDU;151;23509;4620;19.65
PA;4480;NOVA ESPERANÇA DO PIRIÁ;81;15528;3052;19.65
MG;53350;SERRA DO SALITRE;211;9396;1845;19.64
RO;418;SÃO MIGUEL DO GUAPORÉ;35;17091;3357;19.64
PE;23019;AFOGADOS DA INGAZEIRA;66;30094;5911;19.64
PA;5657;VISEU;14;43477;8541;19.64
MG;42340;SÃO SEBASTIÃO DA VARGEM ALEGRE;284;3045;598;19.64
SP;68357;PEDERNEIRAS;86;32588;6401;19.64
SP;63096;CAPIVARI;38;37609;7386;19.64
PI;12459;MORRO DO CHAPÉU DO PIAUÍ;41;5871;1153;19.64
PE;25976;ITAMBÉ;27;24464;4802;19.63
RN;16012;ACARI;22;9368;1839;19.63
PR;74080;SANTA TEREZA DO OESTE;143;10278;2018;19.63
SP;66419;LINDÓIA;134;5869;1152;19.63
SC;82333;PALHOÇA;24;78045;15323;19.63
RS;86843;ITAPUCA;145;1824;358;19.63
RN;17310;LAGOA SALGADA;44;9613;1887;19.63
MG;40010;ABADIA DOS DOURADOS;96;5720;1123;19.63
GO;93530;FAZENDA NOVA;79;5536;1086;19.62
SC;83518;TAIÓ;46;14737;2891;19.62
BA;38318;RIBEIRA DO AMPARO;79;12452;2443;19.62
PI;11614;PIMENTEIRAS;89;9384;1841;19.62
MA;7927;MARANHÃOZINHO;101;8133;1596;19.62
SE;31410;ESTÂNCIA;6;50966;9999;19.62
PR;76112;ITAGUAJÉ;95;3512;689;19.62
PR;74497;BARRACÃO;131;7600;1491;19.62
MG;41548;SÃO DOMINGOS DAS DORES;128;5911;1160;19.62
MG;43710;CONTAGEM;313;127305;24980;19.62
SP;68179;PARANAPANEMA;301;13591;2666;19.62
BA;33235;ANAGÉ;161;18704;3669;19.62
MG;50911;RIBEIRÃO DAS NEVES;321;100461;19699;19.61
SP;61654;ARARAS;14;96612;18946;19.61
DF;97012;BRASÍLIA;8;136618;26784;19.61
AL;28037;MESSIAS;9;14073;2760;19.61
BA;37818;PAULO AFONSO;181;40259;7895;19.61
RO;35;PORTO VELHO;2;110060;21581;19.61
RN;17655;NOVA CRUZ;12;27948;5481;19.61
PB;19380;CAJAZEIRINHAS;52;3758;737;19.61
PB;19496;BONITO DE SANTA FÉ;40;7923;1554;19.61
SP;65013;IGARAÇU DO TIETÊ;200;17539;3440;19.61
CE;15679;TAUÁ;19;47270;9266;19.6
MA;7188;BELA VISTA DO MARANHÃO;77;10096;1979;19.6
GO;95036;ORIZONA;27;12089;2369;19.6
BA;37290;MIRANGABA;167;12693;2488;19.6
SP;64157;FERRAZ DE VASCONCELOS;401;128931;25268;19.6
SP;65854;JABORANDI;178;5006;981;19.6
CE;15172;PEREIRO;10;14487;2840;19.6
MG;46035;IGARATINGA;287;8345;1635;19.59
PR;77771;PONTA GROSSA;139;71788;14066;19.59
MA;7463;CENTRO NOVO DO MARANHÃO;100;11932;2338;19.59
MG;45772;GUIMARÂNIA;211;6658;1304;19.59
SC;80047;LINDÓIA DO SUL;90;3810;746;19.58
PB;22217;SOLÂNEA;48;22196;4345;19.58
PR;76813;MANOEL RIBAS;196;11018;2157;19.58
ES;57991;ÁGUIA BRANCA;46;8898;1742;19.58
PA;5193;PRAINHA;92;27386;5361;19.58
SP;66770;MARACAÍ;290;10406;2038;19.58
CE;15512;SÃO JOÃO DO JAGUARIBE;91;5965;1168;19.58
MG;49310;PAIVA;250;1859;364;19.58
SP;67350;MONTEIRO LOBATO;282;3833;750;19.57
BA;33197;AMARGOSA;36;28384;5554;19.57
PE;24511;ILHA DE ITAMARACÁ;131;18612;3643;19.57
PR;75353;CURITIBA;4;142789;27941;19.57
MA;9571;SANTA INÊS;57;63447;12418;19.57
MG;40746;SÃO JOÃO DO MANTENINHA;169;5242;1026;19.57
BA;35653;IBOTIRAMA;173;21431;4191;19.56
AL;27715;JAPARATINGA;14;9190;1798;19.56
RJ;58491;MAGÉ;148;98747;19313;19.56
GO;95494;PONTALINA;45;14364;2809;19.56
SP;70157;SANTA ALBERTINA;427;5093;996;19.56
SC;80659;CAMPO BELO DO SUL;52;5981;1170;19.56
RN;18295;SANTO ANTÔNIO;13;19114;3738;19.56
PA;5355;SANTARÉM;104;83820;16397;19.56
MG;53694;TEIXEIRAS;268;10098;1975;19.56
PR;77771;PONTA GROSSA;15;98273;19208;19.55
MG;43311;CLÁUDIO;81;22834;4465;19.55
SP;63517;COROADOS;25;4020;786;19.55
MG;47139;JEQUITIBÁ;264;5903;1154;19.55
AL;28495;PORTO REAL DO COLÉGIO;37;17563;3434;19.55
TO;95532;PONTE ALTA DO TOCANTINS;26;5628;1100;19.55
ES;56758;MUQUI;5;11078;2166;19.55
SP;71617;TAGUAÍ;234;9253;1809;19.55
MG;54038;UBERLÂNDIA;299;80638;15761;19.55
RS;85715;CAMBARÁ DO SUL;48;5136;1004;19.55
ES;57096;IBATIBA;10;19598;3832;19.55
MA;9679;ARAME;104;20826;4070;19.54
SP;65595;ITAPUÍ;241;9473;1851;19.54
SC;82333;PALHOÇA;107;76588;14962;19.54
AL;28096;MURICI;9;20644;4033;19.54
SP;65692;ITATIBA;58;85162;16637;19.54
BA;34932;CRISTÓPOLIS;126;12379;2419;19.54
RS;87998;PORTÃO;11;25742;5030;19.54
PB;20630;LAGOA;31;4698;918;19.54
PR;76678;LONDRINA;42;99857;19514;19.54
PE;25755;SÃO VICENTE FÉRRER;90;14551;2842;19.53
PI;12343;CAJAZEIRAS DO PIAUÍ;94;3662;715;19.52
SP;71455;SOROCABA;343;93113;18173;19.52
PI;10170;AROAZES;89;5575;1088;19.52
CE;14516;LAVRAS DA MANGABEIRA;14;24134;4710;19.52
ES;56510;ICONHA;35;11401;2225;19.52
MG;50695;ALTO JEQUITIBÁ;168;7177;1401;19.52
PE;25712;SÃO JOSÉ DO EGITO;68;24100;4702;19.51
MG;53236;SENHORA DOS REMÉDIOS;25;8367;1632;19.51
RS;86681;DOIS IRMÃOS DAS MISSÕES;132;2066;403;19.51
GO;96350;URUANA;77;10812;2109;19.51
PR;75434;DOUTOR CAMARGO;154;5175;1009;19.5
RS;85081;EREBANGO;70;2616;510;19.5
MT;91677;VÁRZEA GRANDE;20;94983;18519;19.5
PR;78298;RONDON;100;6991;1363;19.5
PB;19038;AGUIAR;66;4779;932;19.5
SP;63932;DUMONT;293;7337;1430;19.49
PI;10880;MORRO CABEÇA NO TEMPO;88;4202;819;19.49
RS;87238;JAGUARI;26;8702;1696;19.49
RJ;58491;MAGÉ;110;94155;18349;19.49
PI;10600;BARRA D ALCÂNTARA;48;3576;697;19.49
PB;22357;TEIXEIRA;30;12091;2355;19.48
AC;1490;XAPURI;2;12774;2489;19.48
PI;10871;GILBUÉS;35;8660;1687;19.48
SC;83330;SÃO LOURENÇO DO OESTE;49;19026;3707;19.48
RN;18198;RUY BARBOSA;19;4188;816;19.48
AL;27510;FEIRA GRANDE;49;19459;3791;19.48
PE;23221;CASINHAS;34;12078;2351;19.47
TO;93556;FILADÉLFIA;8;6244;1216;19.47
PE;26190;VENTUROSA;120;14784;2878;19.47
SP;71730;TAPIRATIBA;30;9228;1796;19.46
RJ;59170;TRAJANO DE MORAES;51;9269;1804;19.46
PR;77070;MOREIRA SALES;92;9161;1783;19.46
RJ;58459;LAJE DO MURIAÉ;112;6944;1351;19.46
PA;4332;BRAGANÇA;13;94963;18480;19.46
PI;11410;DOMINGOS MOURÃO;12;4268;830;19.45
MA;7137;ANAJATUBA;109;20568;4001;19.45
BA;33570;BARRA DO CHOÇA;139;28911;5623;19.45
SP;62553;BRAÚNA;289;4231;823;19.45
GO;93220;TEREZÓPOLIS DE GOIÁS;3;6829;1328;19.45
SC;83674;TUBARÃO;33;52847;10278;19.45
PR;76694;LUPIONÓPOLIS;159;4003;778;19.44
PE;24759;LAJEDO;94;32462;6312;19.44
BA;35696;IGAPORÃ;168;12265;2384;19.44
SC;81477;INDAIAL;15;50898;9895;19.44
SC;81779;JOAÇABA;18;22370;4347;19.43
TO;73385;LAGOA DA CONFUSÃO;13;10221;1986;19.43
SP;66451;LORENA;68;61172;11887;19.43
PB;19100;CURRAL DE CIMA;60;6226;1210;19.43
GO;92029;BONFINÓPOLIS;141;7873;1530;19.43
GO;93734;GOIÂNIA;127;114054;22165;19.43
SC;83275;SÃO JOSÉ;84;94121;18287;19.43
MG;44210;DELFIM MOREIRA;134;6363;1236;19.42
CE;14990;PACUJÁ;79;6659;1293;19.42
RN;16616;CURRAIS NOVOS;20;32922;6393;19.42
MG;50199;PIRANGUINHO;51;7298;1417;19.42
CE;15210;PORANGA;40;10071;1956;19.42
BA;35211;FORMOSA DO RIO PRETO;187;20786;4036;19.42
PI;11193;MARCOS PARENTE;46;4326;840;19.42
GO;93734;GOIÂNIA;133;114131;22155;19.41
SC;80837;CONCÓRDIA;9;39257;7618;19.41
PB;20176;DUAS ESTRADAS;47;3885;754;19.41
SC;82597;POMERODE;55;27227;5286;19.41
PA;4626;PLACAS;68;14807;2874;19.41
PE;24538;ITAPETIM;99;11940;2317;19.41
MG;46434;ITAGUARA;81;10982;2131;19.4
RJ;58211;CANTAGALO;101;15148;2938;19.4
PB;19470;BOM SUCESSO;36;4846;940;19.4
PR;74730;CAMBIRA;28;6442;1250;19.4
SP;61700;RIBEIRÃO GRANDE;37;6413;1244;19.4
PR;76651;LOBATO;150;3851;747;19.4
PR;77119;MUNHOZ DE MELLO;150;3547;688;19.4
PR;78891;SÃO MIGUEL DO IGUAÇU;122;21857;4241;19.4
PI;11339;NAZARÉ DO PIAUÍ;61;6697;1299;19.4
MG;49530;PASSA TEMPO;208;7354;1427;19.4
MG;42498;CAPIM BRANCO;174;8469;1642;19.39
PR;75760;NOVA TEBAS;196;6025;1168;19.39
MG;47694;LIBERDADE;6;4275;829;19.39
MT;90670;CUIABÁ;55;121682;23597;19.39
MG;41025;MÁRIO CAMPOS;288;12178;2361;19.39
MA;8915;ROSÁRIO;18;32344;6270;19.39
RS;89486;SÃO PEDRO DAS MISSÕES;32;1650;320;19.39
GO;96091;SILVÂNIA;31;16325;3166;19.39
MG;47953;MAR DE ESPANHA;170;10443;2024;19.38
MA;7110;AMARANTE DO MARANHÃO;99;28108;5448;19.38
RS;86762;GRAMADO DOS LOUREIROS;99;2631;510;19.38
PR;78190;RIO BOM;76;3019;585;19.38
TO;92070;ALMAS;19;5592;1084;19.38
AC;1074;CRUZEIRO DO SUL;4;63851;12369;19.37
MA;8770;PORTO FRANCO;46;18862;3654;19.37
RO;35;PORTO VELHO;20;88103;17064;19.37
RN;16233;AREZ;67;11506;2229;19.37
PI;10014;AGRICOLÂNDIA;30;5547;1074;19.36
RS;87700;SÃO JOÃO DO POLÊSINE;119;2578;499;19.36
BA;33219;AMÉLIA RODRIGUES;192;19625;3800;19.36
RS;85995;CAXIAS DO SUL;136;112310;21744;19.36
SE;32018;PEDRINHAS;4;7917;1532;19.35
MG;44555;DOM VIÇOSO;99;3158;611;19.35
RS;88005;TRÊS FORQUILHAS;85;3297;638;19.35
MA;8478;OLHO D ÁGUA DAS CUNHÃS;87;14387;2784;19.35
PR;78514;SANTA IZABEL DO OESTE;130;8780;1698;19.34
MA;9539;VITORINO FREIRE;49;22898;4428;19.34
MA;9253;SÃO RAIMUNDO DAS MANGABEIRAS;34;15701;3036;19.34
RJ;59013;SÃO JOÃO DE MERITI;89;76856;14866;19.34
SP;65390;ITAJOBI;79;12328;2383;19.33
RN;16918;IPANGUAÇU;54;12911;2496;19.33
SC;81051;FLORIANÓPOLIS;12;135136;26119;19.33
TO;73008;ABREULÂNDIA;7;2525;488;19.33
TO;94617;MIRACEMA DO TOCANTINS;5;14418;2787;19.33
MA;7064;APICUM-AÇU;107;13470;2604;19.33
MG;40622;ROSÁRIO DA LIMEIRA;187;5195;1004;19.33
RS;87270;LAGOA VERMELHA;28;19900;3847;19.33
SC;81396;ILHOTA;64;12431;2402;19.32
SC;83119;SÃO BENTO DO SUL;30;63838;12333;19.32
SP;72230;VALENTIM GENTIL;147;10146;1960;19.32
TO;93459;DOIS IRMÃOS DO TOCANTINS;28;5082;982;19.32
PI;10790;FRANCINÓPOLIS;48;4556;880;19.32
PR;74810;CAMPO LARGO;9;94798;18319;19.32
PA;4170;AUGUSTO CORRÊA;52;39219;7575;19.31
CE;13757;CEDRO;13;20348;3929;19.31
RS;89559;VENÂNCIO AIRES;93;53327;10298;19.31
PR;79898;VERA CRUZ DO OESTE;118;6593;1273;19.31
MA;7242;DAVINÓPOLIS;65;12223;2359;19.3
BA;39110;SERROLÂNDIA;46;11033;2129;19.3
PA;4146;SANTA LUZIA DO PARÁ;41;18518;3574;19.3
CE;15393;SABOEIRO;43;12621;2435;19.29
SP;61727;HORTOLÂNDIA;361;164481;31721;19.29
TO;73032;DARCINÓPOLIS;27;4743;915;19.29
RS;86789;GRAMADO XAVIER;40;3049;588;19.29
PA;4227;BRASIL NOVO;18;16697;3221;19.29
PR;79839;BRAGANEY;126;4330;835;19.28
PR;79219;TERRA ROXA;125;13332;2571;19.28
SP;71234;SARAPUÍ;52;7398;1426;19.28
PB;19291;BAÍA DA TRAIÇÃO;55;8424;1624;19.28
GO;93157;CÓRREGO DO OURO;34;3112;600;19.28
RS;87564;SAGRADA FAMÍLIA;32;2272;438;19.28
PB;19836;CARRAPATEIRA;40;2444;471;19.27
RS;84964;IBIRAPUITÃ;54;3410;657;19.27
TO;73563;MONTE SANTO DO TOCANTINS;7;2559;493;19.27
PA;4804;BELTERRA;104;17778;3425;19.27
RN;18414;SÃO JOSÉ DE MIPIBU;7;35789;6892;19.26
RN;18279;SANTANA DO MATOS;18;11151;2148;19.26
MA;7935;GRAJAÚ;15;52273;10069;19.26
CE;15474;SÃO BENEDITO;22;37548;7230;19.26
SC;83275;SÃO JOSÉ;29;101453;19535;19.26
MG;52230;SÃO FRANCISCO DE PAULA;197;5996;1155;19.26
SP;64777;GUARULHOS;393;129906;25021;19.26
MA;8508;SENADOR LA ROCQUE;58;12262;2361;19.25
AL;27170;BELO MONTE;29;6030;1161;19.25
SP;63398;CLEMENTINA;25;5273;1015;19.25
SC;81370;IÇARA;79;43842;8441;19.25
SP;65170;INÚBIA PAULISTA;69;3159;608;19.25
PR;77194;NOVA CANTU;169;6004;1156;19.25
SP;63851;DOLCINÓPOLIS;233;2355;453;19.24
MG;45950;IBIRITÉ;351;69318;13336;19.24
PE;25216;PETROLINA;145;87485;16832;19.24
ES;57010;VIANA;47;54374;10462;19.24
RN;17990;PILÕES;41;3577;688;19.23
MG;46990;JAGUARAÇU;98;3209;617;19.23
CE;15237;PORTEIRAS;70;14641;2816;19.23
DF;97012;BRASÍLIA;1;78172;15036;19.23
RS;85200;CAMPOS BORGES;4;3183;612;19.23
SC;80195;ANITA GARIBALDI;52;6943;1335;19.23
SP;66079;JAÚ;63;98725;18973;19.22
PR;78310;SABÁUDIA;61;6748;1297;19.22
BA;39659;VITÓRIA DA CONQUISTA;40;50783;9762;19.22
SP;67253;MONTE ALEGRE DO SUL;8;6336;1217;19.21
RN;16160;MAJOR SALES;42;3212;617;19.21
MG;46850;ITUMIRIM;343;5825;1119;19.21
SP;70319;SANTA ERNESTINA;139;5040;968;19.21
TO;73199;TABOCÃO;6;3073;590;19.2
SE;31631;ITAPORANGA D AJUDA;31;29786;5718;19.2
RS;87459;MAXIMILIANO DE ALMEIDA;95;3954;759;19.2
AC;1511;PLÁCIDO DE CASTRO;8;12291;2360;19.2
SP;70998;SÃO JOSÉ DOS CAMPOS;411;140446;26959;19.2
PR;76279;JABOTI;19;4523;868;19.19
MA;9415;TURIAÇU;39;28166;5406;19.19
RJ;58173;CAMBUCI;97;12296;2360;19.19
PA;4839;MARABÁ;100;76525;14683;19.19
PE;26212;VERDEJANTE;75;8411;1614;19.19
RJ;58653;NITERÓI;72;120168;23047;19.18
MA;8257;MAGALHÃES DE ALMEIDA;51;12195;2339;19.18
BA;35050;ELÍSIO MEDRADO;107;7650;1467;19.18
MA;7609;GOVERNADOR EDISON LOBÃO;103;15378;2949;19.18
MA;7013;AFONSO CUNHA;28;7467;1432;19.18
PR;74845;SÃO MANOEL DO PARANÁ;149;2070;397;19.18
SP;68314;PAULÍNIA;323;89901;17235;19.17
MA;7480;CIDELÂNDIA;98;10660;2043;19.17
RO;752;TEIXEIRÓPOLIS;13;3927;753;19.17
CE;14397;JAGUARIBE;10;29394;5634;19.17
RN;18058;SERRA CAIADA;53;9065;1738;19.17
MG;43630;CONQUISTA;326;5471;1049;19.17
PE;23671;CALUMBI;108;7378;1414;19.17
PE;26050;TIMBAÚBA;36;42020;8052;19.16
SP;64718;GUAREÍ;140;8903;1706;19.16
TO;93475;DUERÉ;15;3669;703;19.16
GO;93734;GOIÂNIA;135;112227;21506;19.16
PR;74225;CANDÓI;203;12050;2309;19.16
MG;46892;ITUTINGA;343;3559;682;19.16
PR;75400;DIAMANTE D OESTE;129;3758;720;19.16
MG;49271;PAINEIRAS;1;3921;751;19.15
BA;39799;NORDESTINA;106;10580;2026;19.15
PR;79715;SANTA HELENA;129;21071;4036;19.15
RS;87297;LAJEADO;29;64158;12287;19.15
BA;39519;URANDI;117;13766;2635;19.14
RN;17612;NATAL;2;116607;22317;19.14
SC;80071;ÁGUA DOCE;85;5464;1046;19.14
PR;74055;AGUDOS DO SUL;144;8981;1719;19.14
RS;88935;SÃO SEBASTIÃO DO CAÍ;11;17536;3356;19.14
MG;54259;VESPASIANO;311;87691;16782;19.14
PB;19542;SÃO JOSÉ DO BREJO DO CRUZ;38;2613;500;19.14
MG;50750;QUELUZITO;88;2785;533;19.14
PR;77992;QUINTA DO SOL;116;4291;821;19.13
MG;52990;SÃO TIAGO;232;9396;1797;19.13
BA;38490;SALVADOR;7;91907;17586;19.13
CE;15652;TAMBORIL;61;21345;4083;19.13
RN;16438;CANGUARETAMA;11;24690;4723;19.13
PR;78859;SÃO JOSÉ DOS PINHAIS;8;119389;22831;19.12
SP;63495;CORDEIRÓPOLIS;243;19567;3741;19.12
PR;84530;TURVO;44;11863;2268;19.12
SP;70610;SANTO ANTÔNIO DE POSSE;333;16288;3115;19.12
RS;89192;SOLEDADE;54;21730;4155;19.12
PR;75833;GUARAPUAVA;43;75500;14429;19.11
AM;98515;TONANTINS;47;11653;2227;19.11
BA;37273;MILAGRES;193;8823;1685;19.1
PE;24333;IBIRAJUBA;48;6807;1300;19.1
RS;86932;CHARQUEADAS;50;24424;4666;19.1
TO;92185;DIVINÓPOLIS DO TOCANTINS;7;5779;1104;19.1
PR;75353;CURITIBA;178;147826;28235;19.1
TO;96490;PALMEIRÓPOLIS;18;6163;1177;19.1
PE;23434;BOM JARDIM;33;30623;5848;19.1
PA;4820;SÃO JOÃO DA PONTA;9;6367;1216;19.1
PB;21911;SÃO JOSÉ DE PIRANHAS;40;15561;2972;19.1
BA;37796;PAU BRASIL;133;7547;1441;19.09
SP;70017;SALESÓPOLIS;112;14725;2811;19.09
PI;10669;BOA HORA;6;6884;1314;19.09
SC;80160;URUPEMA;28;2525;482;19.09
SC;80470;BLUMENAU;3;152996;29209;19.09
BA;37460;MUQUÉM DO SÃO FRANCISCO;98;9684;1849;19.09
GO;93483;SÃO PATRÍCIO;76;2457;469;19.09
RJ;58262;IGUABA GRANDE;181;30569;5834;19.08
TO;95370;PINDORAMA DO TOCANTINS;26;3710;708;19.08
PB;20150;DONA INÊS;14;9272;1769;19.08
MG;42838;CARMO DO CAJURU;287;19084;3642;19.08
MG;45950;IBIRITÉ;288;53020;10115;19.08
RN;18031;PORTALEGRE;63;6896;1315;19.07
MA;8397;MONTES ALTOS;103;7514;1433;19.07
MA;8036;IMPERATRIZ;33;102056;19456;19.06
CE;13617;CARIRÉ;65;15391;2933;19.06
MG;50830;RESENDE COSTA;232;9645;1838;19.06
RJ;58270;CONCEIÇÃO DE MACABU;51;16681;3180;19.06
SP;71277;SEBASTIANÓPOLIS DO SUL;77;3007;573;19.06
BA;38490;SALVADOR;18;74308;14166;19.06
MG;53830;TOMBOS;111;6714;1279;19.05
GO;93572;FIRMINÓPOLIS;63;8767;1670;19.05
PB;21776;SANTA TERESINHA;65;5773;1100;19.05
CE;13510;CAMOCIM;32;50991;9714;19.05
MG;41572;BOM REPOUSO;59;10209;1945;19.05
PR;78379;SALTO DO LONTRA;162;11161;2126;19.05
GO;92100;CEZARINA;20;7360;1402;19.05
PR;74675;CALIFÓRNIA;76;6940;1322;19.05
BA;38512;SANTA BÁRBARA;160;20163;3839;19.04
MG;48453;MOEDA;338;5316;1012;19.04
CE;13030;ACARAÚ;30;49197;9366;19.04
PB;21334;PILÕES;11;7122;1356;19.04
BA;39969;NOVA IBIÁ;151;5509;1049;19.04
RS;88307;DOUTOR RICARDO;67;2080;396;19.04
DF;97012;BRASÍLIA;17;128410;24451;19.04
RS;87165;MULITERNO;28;2237;426;19.04
RN;17671;OLHO D ÁGUA DO BORGES;39;4689;893;19.04
PE;23396;BODOCÓ;80;27831;5300;19.04
PR;76953;MARMELEIRO;140;11778;2243;19.04
BA;36650;JIQUIRIÇÁ;109;11479;2186;19.04
SP;71595;TACIBA;167;5069;965;19.04
RJ;58998;SÃO JOÃO DA BARRA;37;43094;8204;19.04
PE;25917;TABIRA;50;21365;4065;19.03
BA;35971;ITABUNA;27;76458;14550;19.03
MG;40207;FERVEDOURO;69;8564;1630;19.03
PR;74934;CASCAVEL;68;129129;24568;19.03
MG;43931;CORONEL XAVIER CHAVES;232;3179;605;19.03
SE;31151;BOQUIM;4;22028;4192;19.03
SP;71439;SOCORRO;136;30482;5801;19.03
PI;10642;BREJO DO PIAUÍ;36;3894;741;19.03
PE;25437;SALGUEIRO;75;43388;8251;19.02
PR;76570;LAPA;10;36461;6935;19.02
PE;24570;JABOATÃO DOS GUARARAPES;118;132039;25110;19.02
GO;96571;VICENTINÓPOLIS;45;7110;1352;19.02
PI;12033;SÃO JOSÉ DO PIAUÍ;64;6004;1142;19.02
MG;40614;ANTÔNIO PRADO DE MINAS;111;1915;364;19.01
GO;93564;GAMELEIRA DE GOIÁS;31;3713;706;19.01
CE;13471;BOA VIAGEM;63;42595;8098;19.01
RS;89311;TENENTE PORTELA;101;10706;2034;19.0
ES;56359;DIVINO DE SÃO LOURENÇO;13;4889;929;19.0
PR;74934;CASCAVEL;143;110825;21056;19.0
PR;75353;CURITIBA;2;150108;28519;19.0
TO;96652;WANDERLÂNDIA;27;7391;1404;19.0
PI;10235;BARRAS;6;38201;7260;19.0
RN;18813;TIBAU DO SUL;9;13651;2594;19.0
SC;80497;BOM RETIRO;4;6588;1252;19.0
MA;7358;BENEDITO LEITE;17;4638;881;19.0
MA;9610;AÇAILÂNDIA;71;78000;14815;18.99
MA;7722;ITINGA DO MARANHÃO;98;17555;3333;18.99
PB;19348;ZABELÊ;29;2666;506;18.98
PR;76996;MATELÂNDIA;118;13751;2610;18.98
SP;72176;URÂNIA;427;6898;1309;18.98
SP;68632;PINDORAMA;111;10497;1992;18.98
SP;66117;JOANÓPOLIS;92;9451;1794;18.98
BA;34835;CORONEL JOÃO SÁ;52;15065;2859;18.98
TO;95192;PARAÍSO DO TOCANTINS;7;36056;6841;18.97
PR;76937;MARIÓPOLIS;47;5494;1042;18.97
PI;11711;PRATA DO PIAUÍ;74;3706;703;18.97
SP;61743;HOLAMBRA;360;12570;2385;18.97
RS;86177;CRISSIUMAL;91;10489;1990;18.97
RS;88587;JARI;87;2794;530;18.97
RN;18619;SENADOR GEORGINO AVELINO;67;3761;713;18.96
RR;3026;IRACEMA;6;7593;1440;18.96
BA;38750;SANTO ESTEVÃO;143;39754;7537;18.96
BA;38490;SALVADOR;6;93231;17678;18.96
MT;90700;PONTAL DO ARAGUAIA;9;5354;1015;18.96
DF;97012;BRASÍLIA;18;135126;25617;18.96
PR;76414;JAPURÁ;149;7452;1412;18.95
RS;87050;IJUÍ;23;63737;12078;18.95
RS;89168;COQUEIRO BAIXO;104;1351;256;18.95
PB;21555;REMÍGIO;67;15062;2854;18.95
SC;82554;PINHEIRO PRETO;47;3010;570;18.94
MG;49557;PASSA VINTE;6;2493;472;18.93
TO;73059;MAURILÂNDIA DO TOCANTINS;11;3586;679;18.93
BA;39616;VÁRZEA DO POÇO;103;7284;1379;18.93
PI;12475;MURICI DOS PORTELAS;33;6070;1149;18.93
RS;87920;SERTÃO SANTANA;151;5324;1008;18.93
RS;89389;QUATRO IRMÃOS;148;1733;328;18.93
PA;4766;CACHOEIRA DO PIRIÁ;14;14421;2730;18.93
CE;13250;ARARIPE;68;17494;3312;18.93
PB;19984;MATURÉIA;30;5807;1099;18.93
PR;77534;PAULA FREITAS;33;4763;901;18.92
TO;73075;ANGICO;9;2806;531;18.92
RS;89044;BOA VISTA DO CADEADO;17;2067;391;18.92
BA;33316;ANTAS;82;10594;2004;18.92
PA;4839;MARABÁ;23;103415;19569;18.92
TO;73237;TUPIRATINS;6;1797;340;18.92
PR;74578;BOA ESPERANÇA;170;3974;752;18.92
BA;36757;LAFAIETE COUTINHO;23;4471;846;18.92
PR;75345;FERNANDES PINHEIRO;53;5554;1050;18.91
PR;74551;BITURUNA;153;12808;2422;18.91
PB;19224;SÃO DOMINGOS DO CARIRI;62;3072;581;18.91
AP;6173;TARTARUGALZINHO;8;11437;2163;18.91
PI;11797;RIO GRANDE DO PIAUÍ;72;5426;1026;18.91
MG;42030;CAJURI;282;4769;902;18.91
TO;95257;PEDRO AFONSO;23;10799;2042;18.91
SC;81299;GUARUJÁ DO SUL;50;3992;755;18.91
SP;64777;GUARULHOS;395;131294;24822;18.91
BA;39659;VITÓRIA DA CONQUISTA;41;110125;20825;18.91
SC;83216;SÃO JOÃO BATISTA;53;23144;4377;18.91
SP;72257;VALINHOS;34;94676;17893;18.9
PR;84670;SANTA TEREZINHA DE ITAIPU;147;18871;3567;18.9
MG;50938;RIBEIRÃO VERMELHO;216;3461;654;18.9
RN;16039;ASSÚ;29;45551;8608;18.9
MA;9113;SÃO DOMINGOS DO MARANHÃO;60;28537;5394;18.9
SC;81272;GUARAMIRIM;60;33628;6355;18.9
SP;65137;INDIANA;71;4063;768;18.9
GO;95770;SANTA BÁRBARA DE GOIÁS;63;5600;1058;18.89
TO;73415;RIO DOS BOIS;28;2668;504;18.89
SC;82910;RIO DO SUL;26;51075;9646;18.89
SP;71579;TABOÃO DA SERRA;324;93720;17700;18.89
PE;25151;PEDRA;58;18714;3535;18.89
PA;5231;SALINÓPOLIS;64;38078;7192;18.89
CE;13935;GENERAL SAMPAIO;50;8274;1563;18.89
AM;2119;BARREIRINHA;26;22727;4294;18.89
PI;11835;SANTA FILOMENA;35;5554;1049;18.89
PE;26174;TUPARETAMA;68;7990;1509;18.89
AM;2739;SANTO ANTÔNIO DO IÇÁ;47;18469;3488;18.89
SP;68977;POÁ;219;89811;16954;18.88
TO;96032;SÃO SEBASTIÃO DO TOCANTINS;21;3364;635;18.88
MG;50210;PIRAPETINGA;7;9414;1777;18.88
AL;28371;PILAR;8;29494;5567;18.88
MG;51756;SANTANA DO JACARÉ;296;3915;739;18.88
SP;71536;TABAPUÃ;179;8762;1654;18.88
SP;66613;MACATUBA;86;12402;2341;18.88
MT;99031;FIGUEIRÓPOLIS D OESTE;41;2866;541;18.88
SP;70858;SÃO JOÃO DAS DUAS PONTES;233;2242;423;18.87
PI;10936;INHUMA;64;13109;2474;18.87
RS;85448;EUGÊNIO DE CASTRO;45;2554;482;18.87
RS;89290;TAQUARI;56;19310;3642;18.86
SC;83674;TUBARÃO;99;29363;5539;18.86
PE;24198;GARANHUNS;56;99315;18733;18.86
RS;86312;DONA FRANCISCA;119;3059;577;18.86
RS;86444;BOM PROGRESSO;86;2604;491;18.86
MG;49794;PEDRA DOURADA;111;2730;515;18.86
TO;73407;LAJEADO;5;3504;661;18.86
RS;85995;CAXIAS DO SUL;16;116345;21940;18.86
BA;34312;CANDIBA;64;11498;2169;18.86
PI;11371;NOVO ORIENTE DO PIAUÍ;18;5158;973;18.86
PE;24937;OROBÓ;33;18326;3457;18.86
PR;78212;RIO BRANCO DO SUL;156;27280;5143;18.85
PR;76236;IVAIPORÃ;93;24012;4527;18.85
BA;38490;SALVADOR;5;83456;15734;18.85
SP;70998;SÃO JOSÉ DOS CAMPOS;127;140290;26447;18.85
SC;81795;JOINVILLE;76;103236;19459;18.85
PA;4278;BELÉM;97;127241;23984;18.85
BA;36617;JEQUIÉ;22;66486;12532;18.85
DF;97012;BRASÍLIA;5;133497;25169;18.85
MG;51330;SABARÁ;241;94323;17782;18.85
GO;93378;DAMOLÂNDIA;13;3634;685;18.85
SP;69655;RIBEIRÃO DO SUL;313;3926;740;18.85
PA;4073;ALENQUER;21;45624;8602;18.85
MG;43915;CORONEL PACHECO;235;3068;578;18.84
MG;43575;CONGONHAL;227;9730;1833;18.84
ES;56839;PIÚMA;17;17326;3265;18.84
SE;32093;POÇO VERDE;22;19505;3672;18.83
PE;25275;PRIMAVERA;31;11000;2071;18.83
DF;97012;BRASÍLIA;13;141236;26578;18.82
AC;1066;PORTO WALTER;4;8032;1512;18.82
PB;20370;INGÁ;8;15724;2960;18.82
PR;78093;RENASCENÇA;140;5351;1007;18.82
MA;7595;CEDRAL;30;9329;1756;18.82
BA;36994;MACURURÉ;158;6566;1236;18.82
PB;20290;GURINHÉM;75;11420;2148;18.81
CE;13978;GRANJEIRO;62;6328;1190;18.81
RS;85278;ARVOREZINHA;145;8656;1628;18.81
MA;8362;SÃO JOSÉ DOS BASÍLIOS;54;6388;1201;18.8
BA;30660;IUIU;175;8643;1625;18.8
PR;78875;SÃO MATEUS DO SUL;12;34022;6396;18.8
RN;17175;JOSÉ DA PENHA;42;5251;987;18.8
SC;81175;GASPAR;64;51557;9692;18.8
CE;13102;QUITERIANÓPOLIS;99;16987;3194;18.8
TO;73539;SANTA TEREZINHA DO TOCANTINS;9;2106;396;18.8
TO;73610;BARRA DO OURO;32;4021;756;18.8
MA;7285;BOM LUGAR;66;11468;2156;18.8
CE;14877;NOVA RUSSAS;48;24866;4672;18.79
RS;86053;CHIAPETTA;107;3635;683;18.79
MG;40860;UBAPORANGA;71;10135;1904;18.79
MG;54291;VIEIRAS;187;4007;753;18.79
PI;10847;JUREMA;79;5184;974;18.79
MG;44458;DIVINÓPOLIS;103;72175;13560;18.79
ES;56375;DOMINGOS MARTINS;15;29145;5474;18.78
BA;39845;QUIXABEIRA;191;8784;1650;18.78
RS;88200;CAPIVARI DO SUL;156;3711;697;18.78
BA;33278;ANGICAL;126;12831;2410;18.78
RS;89176;SOBRADINHO;53;10579;1987;18.78
SP;64777;GUARULHOS;176;137298;25783;18.78
MG;47376;JURUAIA;189;9242;1736;18.78
MG;51713;SANTANA DO DESERTO;173;3542;665;18.77
PE;23329;SANTA FILOMENA;82;12092;2270;18.77
SP;67210;MONÇÕES;162;2121;398;18.76
RS;88404;ESTRELA VELHA;154;2953;554;18.76
SP;61719;AREIÓPOLIS;129;8193;1537;18.76
MT;89800;CURVELÂNDIA;18;4408;827;18.76
CE;13005;JIJOCA DE JERICOACOARA;30;21575;4047;18.76
TO;73040;PALMEIRAS DO TOCANTINS;27;4232;794;18.76
PB;20990;NATUBA;18;6840;1283;18.76
PR;79030;SERTANEJA;26;4818;904;18.76
PE;23124;JUCATI;92;10180;1909;18.75
BA;33499;BAIANÓPOLIS;126;12451;2334;18.75
PB;20010;CUBATI;23;6956;1304;18.75
ES;57037;VILA VELHA;32;113754;21328;18.75
PR;77852;PORTO VITÓRIA;153;3274;614;18.75
BA;38490;SALVADOR;15;87025;16320;18.75
MG;51853;SANTA RITA DE JACUTINGA;240;4360;817;18.74
PR;75353;CURITIBA;176;130590;24472;18.74
SP;62103;CANAS;68;3959;742;18.74
MA;8036;IMPERATRIZ;65;93269;17481;18.74
PA;4774;JURUTI;105;39112;7328;18.74
PA;5878;GARRAFÃO DO NORTE;81;22326;4184;18.74
SC;80470;BLUMENAU;88;116374;21809;18.74
RS;85103;ENTRE-IJUÍS;45;7421;1391;18.74
AC;1023;PORTO ACRE;1;14284;2675;18.73
MG;49611;PATROCÍNIO;211;65612;12285;18.72
RS;84956;SILVEIRA MARTINS;41;2147;402;18.72
SP;64777;GUARULHOS;279;124490;23307;18.72
SP;67415;MORUNGABA;58;10613;1987;18.72
SP;63991;ELIAS FAUSTO;358;13526;2531;18.71
BA;38016;PLANALTO;139;20252;3790;18.71
PA;4669;TRACUATEUA;13;25730;4813;18.71
RS;85774;CAMPO BOM;105;51980;9728;18.71
SE;31674;JAPOATÃ;19;11510;2154;18.71
BA;37893;PILÃO ARCADO;195;28531;5338;18.71
RS;86428;BOA VISTA DAS MISSÕES;32;2075;388;18.7
PR;75353;CURITIBA;1;137107;25644;18.7
DF;97012;BRASÍLIA;9;135160;25271;18.7
PA;5010;ÓBIDOS;22;39920;7465;18.7
CE;14672;MILAGRES;26;22637;4230;18.69
PR;74969;VIRMOND;203;3584;670;18.69
SE;31836;MONTE ALEGRE DE SERGIPE;18;12763;2385;18.69
PB;19925;ALGODÃO DE JANDAÍRA;67;3119;583;18.69
SC;81507;SANTA TEREZINHA DO PROGRESSO;58;2456;459;18.69
PB;22276;SUMÉ;43;14168;2646;18.68
CE;15954;ITAREMA;98;34502;6446;18.68
PB;19151;ARAÇAGI;47;14344;2679;18.68
PB;19119;ALHANDRA;73;21079;3937;18.68
BA;38172;QUEIMADAS;106;20515;3830;18.67
RJ;58335;DUQUE DE CAXIAS;126;109610;20461;18.67
GO;95753;SANCLERLÂNDIA;34;7135;1332;18.67
RO;744;NOVA UNIÃO;28;5350;999;18.67
MG;42978;CASA GRANDE;88;3027;565;18.67
AL;27855;MACEIÓ;2;166770;31128;18.67
MG;51276;ROMARIA;110;3430;640;18.66
PE;25097;PASSIRA;91;26110;4873;18.66
BA;38490;SALVADOR;9;94095;17554;18.66
MG;49778;PEDRA DO INDAIÁ;249;3864;721;18.66
MG;47333;JUIZ DE FORA;315;88891;16587;18.66
PR;77518;PATO BRANCO;73;64406;12021;18.66
SP;66796;MARIÁPOLIS;157;2872;536;18.66
SC;80756;CAPINZAL;37;17174;3203;18.65
MA;8931;SAMBAÍBA;34;5411;1009;18.65
MA;9059;SÃO BENEDITO DO RIO PRETO;73;16310;3041;18.65
RJ;58599;MIRACEMA;112;21056;3926;18.65
MT;98337;DENISE;13;5710;1065;18.65
BA;36412;ITIÚBA;149;27758;5177;18.65
RS;86371;ERECHIM;148;44143;8229;18.64
PA;4251;BARCARENA;65;102889;19175;18.64
RS;84786;JABOTICABA;64;3370;628;18.64
MG;52272;SÃO FRANCISCO DO GLÓRIA;69;4163;776;18.64
PE;24813;MACHADOS;88;11111;2071;18.64
SP;65110;INDAIATUBA;211;192534;35890;18.64
RN;16411;CAMPO REDONDO;68;8619;1607;18.64
GO;95311;PETROLINA DE GOIÁS;54;7530;1403;18.63
AC;1538;SENADOR GUIOMARD;8;18638;3472;18.63
MG;43036;CONCEIÇÃO DA BARRA DE MINAS;328;3677;685;18.63
MG;53759;TIRADENTES;328;6892;1284;18.63
BA;35874;IRAMAIA;169;8556;1594;18.63
PE;25038;PANELAS;47;19612;3652;18.62
PB;19267;SANTO ANDRÉ;56;3035;565;18.62
RS;87777;PALMEIRA DAS MISSÕES;32;24062;4481;18.62
MA;7960;MILAGRES DO MARANHÃO;24;6650;1238;18.62
BA;34177;CAMPO ALEGRE DE LOURDES;67;23549;4384;18.62
SP;64890;IBIRÁ;179;9094;1693;18.62
RS;84891;CAPELA DE SANTANA;11;8031;1495;18.62
BA;34495;CATU;129;41271;7683;18.62
PB;21431;POMBAL;31;25859;4815;18.62
SP;64319;GABRIEL MONTEIRO;210;2682;499;18.61
RJ;59013;SÃO JOÃO DE MERITI;187;103634;19291;18.61
BA;34533;CHORROCHÓ;158;9081;1690;18.61
RN;16799;GALINHOS;52;2858;532;18.61
PE;23531;BUENOS AIRES;23;11990;2231;18.61
CE;14770;MORAÚJO;64;8262;1537;18.6
MG;50717;PRUDENTE DE MORAIS;174;8555;1591;18.6
RJ;58653;NITERÓI;199;77604;14425;18.59
PB;19216;AREIA;11;19068;3544;18.59
PI;12300;RIACHO FRIO;26;4492;835;18.59
CE;13994;GROAÍRAS;65;9842;1830;18.59
AL;28479;PORTO DE PEDRAS;12;8457;1572;18.59
PI;11657;PIRACURUCA;21;25821;4799;18.59
BA;38415;RIO REAL;49;29286;5445;18.59
PR;75574;FLORESTÓPOLIS;65;9394;1745;18.58
SP;61174;ALTAIR;80;2954;549;18.58
DF;97012;BRASÍLIA;10;123572;22958;18.58
MA;7161;BELÁGUA;73;8091;1503;18.58
PI;12602;RIBEIRA DO PIAUÍ;72;3891;723;18.58
SP;70998;SÃO JOSÉ DOS CAMPOS;282;78038;14502;18.58
ES;57037;VILA VELHA;57;92384;17162;18.58
SE;31275;CARIRA;29;17134;3181;18.57
RR;3018;BOA VISTA;5;113636;21105;18.57
TO;94633;MIRANORTE;28;10079;1872;18.57
BA;37052;MALHADA;125;13151;2442;18.57
MG;49930;PERDIGÃO;298;8537;1585;18.57
BA;39950;VÁRZEA NOVA;55;10874;2019;18.57
RN;18430;SÃO JOSÉ DO CAMPESTRE;15;10539;1957;18.57
GO;94293;JANDAIA;43;5992;1112;18.56
RN;17035;BOA SAÚDE;53;8062;1496;18.56
SC;80900;MACIEIRA;6;2360;438;18.56
BA;39012;SENHOR DO BONFIM;45;53709;9965;18.55
MT;90565;JANGADA;3;7473;1386;18.55
MG;44458;DIVINÓPOLIS;102;99530;18449;18.54
RN;17493;MAXARANGUAPE;64;10437;1935;18.54
RS;85634;CACIQUE DOBLE;103;3985;739;18.54
RN;17477;MARTINS;38;7611;1411;18.54
SP;69051;PONTAL;135;28287;5244;18.54
BA;38431;RODELAS;158;7602;1409;18.53
RJ;58300;CARAPEBUS;255;13468;2496;18.53
BA;37516;NAZARÉ;30;22055;4087;18.53
MG;41335;BETIM;319;131553;24377;18.53
PB;19968;MARCAÇÃO;55;7913;1466;18.53
SC;81159;GARUVA;105;12187;2257;18.52
SP;62260;TAQUARAL;98;2275;421;18.51
RS;85120;NOVA ESPERANÇA DO SUL;26;4338;803;18.51
RJ;58874;RIO CLARO;108;14700;2721;18.51
RS;86134;CONSTANTINA;146;8077;1495;18.51
MG;50016;PIAU;235;3238;599;18.5
ES;57932;SANTA MARIA DE JETIBÁ;9;31314;5791;18.49
RS;86347;BARÃO DO TRIUNFO;50;4618;854;18.49
SC;80241;SANTA ROSA DO SUL;54;7760;1435;18.49
PB;22373;TRIUNFO;37;7597;1405;18.49
PA;4812;MAGALHÃES BARATA;5;8796;1626;18.49
MG;43710;CONTAGEM;91;104799;19375;18.49
CE;15873;AMONTADA;89;36349;6716;18.48
BA;33359;ANTÔNIO GONÇALVES;53;8672;1602;18.47
RS;88900;TOROPI;81;2745;507;18.47
BA;35130;EUCLIDES DA CUNHA;102;45601;8421;18.47
PR;77917;PRUDENTÓPOLIS;30;39039;7208;18.46
RN;16659;ENCANTO;65;5141;949;18.46
RN;18732;TABOLEIRO GRANDE;63;2762;510;18.46
MG;46078;IJACI;160;5796;1070;18.46
RN;18490;SÃO PAULO DO POTENGI;8;14677;2710;18.46
PR;75272;CORONEL VIVIDA;101;17708;3268;18.45
PB;20559;JUAZEIRINHO;56;14045;2592;18.45
ES;56294;COLATINA;6;87109;16074;18.45
ES;56227;VILA VALÉRIO;37;12919;2383;18.45
RS;86495;ESTÂNCIA VELHA;118;37229;6870;18.45
RS;86142;TRÊS PALMEIRAS;99;4078;752;18.44
RO;582;SERINGUEIRAS;35;9666;1782;18.44
PI;10154;ANTÔNIO ALMEIDA;14;3064;565;18.44
PB;19097;ALAGOINHA;9;12228;2255;18.44
PA;5355;SANTARÉM;20;71328;13151;18.44
RJ;59013;SÃO JOÃO DE MERITI;186;93677;17278;18.44
MA;7528;FEIRA NOVA DO MARANHÃO;75;6389;1178;18.44
SP;70653;SANTO ANTÔNIO DO PINHAL;314;6113;1127;18.44
RS;89281;LAGOA BONITA DO SUL;53;2310;426;18.44
BA;37699;PALMAS DE MONTE ALTO;175;17255;3182;18.44
BA;36080;ITAGUAÇU DA BAHIA;68;10842;1999;18.44
BA;38695;SANTA TEREZINHA;107;9441;1741;18.44
MS;90514;CAMPO GRANDE;36;107052;19737;18.44
DF;97012;BRASÍLIA;20;79134;14595;18.44
BA;35572;IBIRAPUÃ;153;7516;1385;18.43
RS;85944;CERRO GRANDE DO SUL;84;7118;1312;18.43
PA;5355;SANTARÉM;83;98457;18147;18.43
PR;79278;TOLEDO;75;108119;19921;18.43
MG;47333;JUIZ DE FORA;153;103354;19043;18.43
PR;74314;ARARUNA;74;10853;2000;18.43
TO;73261;PAU D ARCO;31;3551;654;18.42
RS;86088;CERRO BRANCO;10;3490;643;18.42
MG;47813;MADRE DE DEUS DE MINAS;14;4478;825;18.42
RN;18635;SERRA DE SÃO BENTO;15;6185;1139;18.42
RJ;58335;DUQUE DE CAXIAS;79;98057;18061;18.42
PE;25771;SERRA TALHADA;71;63665;11720;18.41
SC;81990;MAFRA;22;42431;7812;18.41
CE;13110;ALTANEIRA;53;6949;1279;18.41
PI;11738;REDENÇÃO DO GURGUÉIA;15;7001;1289;18.41
SC;83755;VARGEÃO;63;2999;552;18.41
PA;5533;SÃO SEBASTIÃO DA BOA VISTA;48;23902;4401;18.41
SP;62111;BARRINHA;135;23638;4352;18.41
MG;41467;SANTA CRUZ DE MINAS;328;6469;1191;18.41
MG;47333;JUIZ DE FORA;152;101422;18667;18.41
CE;13463;CHORÓ;6;11642;2142;18.4
RR;3034;CARACARAÍ;2;15259;2807;18.4
SC;81655;ITAPIRANGA;65;12187;2242;18.4
BA;30937;GAVIÃO;191;4375;805;18.4
SC;82295;ORLEANS;23;19333;3558;18.4
PI;10634;CURIMATÁ;26;9386;1726;18.39
AM;2550;MANAUS;68;94731;17420;18.39
BA;34770;CORAÇÃO DE MARIA;130;22538;4145;18.39
SP;70998;SÃO JOSÉ DOS CAMPOS;412;181443;33375;18.39
BA;35971;ITABUNA;28;65066;11968;18.39
SC;80810;CHAPECÓ;94;80685;14837;18.39
MA;9334;TASSO FRAGOSO;11;6854;1260;18.38
RS;88595;SANTO AUGUSTO;107;11312;2079;18.38
GO;94935;NOVA AURORA;8;2328;428;18.38
MA;8273;MATA ROMA;42;16271;2990;18.38
SP;61867;MARAPOAMA;79;2797;514;18.38
SC;80888;FORMOSA DO SUL;78;2622;482;18.38
SP;70173;SANTA BÁRBARA D OESTE;186;138487;25450;18.38
RN;18953;VERA CRUZ;7;11417;2099;18.38
CE;15636;TABULEIRO DO NORTE;91;26004;4779;18.38
CE;15199;PIQUET CARNEIRO;12;12098;2224;18.38
PE;24430;IPOJUCA;16;89076;16362;18.37
TO;73458;TUPIRAMA;23;1851;340;18.37
MA;7366;BURITIRANA;58;10837;1991;18.37
PA;4979;MUANÁ;10;30413;5588;18.37
PB;19550;BORBOREMA;11;4895;899;18.37
RN;17957;PEDRO VELHO;11;11914;2189;18.37
MG;49476;PARAOPEBA;206;19694;3618;18.37
PB;19674;CACHOEIRA DOS ÍNDIOS;68;7912;1453;18.36
BA;37737;PARAMIRIM;111;16913;3106;18.36
AM;2550;MANAUS;2;93824;17226;18.36
RS;89400;ROLADOR;52;2396;440;18.36
MA;8460;SATUBINHA;87;7469;1371;18.36
PR;79952;NOVA PRATA DO IGUAÇU;162;8864;1627;18.36
GO;92282;ITAGUARI;57;5166;948;18.35
RS;88366;FAZENDA VILANOVA;21;3798;697;18.35
PR;76430;JARDIM ALEGRE;93;9012;1654;18.35
PE;25313;RECIFE;1;116648;21410;18.35
SE;31070;ARAUÁ;4;9692;1778;18.35
RS;85413;BENTO GONÇALVES;8;92061;16896;18.35
PB;20796;MAMANGUAPE;7;34604;6346;18.34
TO;93238;CRISTALÂNDIA;13;5530;1014;18.34
MA;7986;NOVA COLINAS;105;4514;828;18.34
TO;92576;AXIXÁ DO TOCANTINS;11;9184;1684;18.34
BA;30830;CAPIM GROSSO;191;24872;4561;18.34
PB;21679;SANTA HELENA;37;5959;1093;18.34
RJ;58181;APERIBÉ;34;10135;1858;18.33
SC;81566;PALMEIRA;93;3317;608;18.33
PR;79871;TRÊS BARRAS DO PARANÁ;166;9120;1672;18.33
SC;80101;JOSÉ BOITEUX;14;4540;832;18.33
ES;56138;ATÍLIO VIVÁCQUA;2;9255;1696;18.33
RS;86460;CAMPESTRE DA SERRA;58;2886;529;18.33
PI;10774;FLORIANO;9;44933;8236;18.33
SC;81736;JAGUARUNA;33;16425;3011;18.33
MG;45837;HELIODORA;159;5308;973;18.33
MG;47333;JUIZ DE FORA;349;101790;18655;18.33
BA;37311;MONTE SANTO;50;41809;7664;18.33
PE;23590;CABROBÓ;77;25723;4714;18.33
MA;7030;ALCÂNTARA;52;17613;3226;18.32
CE;13200;ERERÉ;10;5605;1027;18.32
PR;75566;PRADO FERREIRA;65;3188;584;18.32
PR;75787;SULINA;151;2942;539;18.32
BA;34754;CONTENDAS DO SINCORÁ;58;4520;828;18.32
PE;23230;ARCOVERDE;57;51729;9478;18.32
MT;90670;CUIABÁ;51;122055;22348;18.31
PE;23655;CALÇADO;94;7893;1445;18.31
MG;40800;SARZEDO;288;26228;4802;18.31
PR;77356;PALMEIRA;13;26972;4939;18.31
TO;73016;PIRAQUÊ;27;2394;438;18.3
RS;84972;IBARAMA;53;3655;669;18.3
BA;35033;DOM MACEDO COSTA;202;4864;890;18.3
PA;5258;SALVATERRA;3;20320;3719;18.3
RS;88722;TABAÍ;56;4093;749;18.3
SP;61751;ARTUR NOGUEIRA;360;38528;7050;18.3
SE;31496;GARARU;8;9619;1760;18.3
SC;81892;LAURO MÜLLER;23;12330;2256;18.3
RS;88390;SANTA CRUZ DO SUL;40;60806;11119;18.29
PB;20230;FAGUNDES;59;10547;1929;18.29
BA;33774;BOM JESUS DA LAPA;71;48946;8948;18.28
RN;16241;SANTA MARIA;8;5115;935;18.28
PR;74721;RANCHO ALEGRE D OESTE;92;2352;430;18.28
RJ;58416;ITAOCARA;106;19120;3495;18.28
BA;36455;ITUAÇU;58;15600;2852;18.28
TO;92584;SANTA ROSA DO TOCANTINS;19;4257;778;18.28
MG;42951;CARVALHOS;6;3994;730;18.28
RS;88242;FLORIANO PEIXOTO;70;1811;331;18.28
PR;75337;CRUZ MACHADO;153;13735;2511;18.28
SP;66397;LIMEIRA;399;110174;20132;18.27
PR;77755;PLANALTO;107;10281;1878;18.27
PA;4952;MONTE ALEGRE;19;52563;9605;18.27
MS;98590;CORONEL SAPUCAIA;19;12105;2211;18.27
RN;18538;SÃO RAFAEL;27;7520;1374;18.27
RS;88501;TURUÇU;60;3449;630;18.27
RS;87840;SÃO VALENTIM DO SUL;22;2224;406;18.26
RN;16497;CARNAUBAIS;47;8684;1586;18.26
TO;73466;OLIVEIRA DE FÁTIMA;13;1692;309;18.26
BA;30996;JOÃO DOURADO;199;19862;3626;18.26
PR;76074;IRATI;34;45672;8338;18.26
MG;43338;COIMBRA;282;6598;1204;18.25
CE;13064;GRAÇA;79;12854;2346;18.25
RS;85260;LAGOÃO;53;4895;893;18.24
ES;56235;CACHOEIRO DE ITAPEMIRIM;48;49878;9099;18.24
SC;81264;PAINEL;21;2599;474;18.24
RN;16284;PORTO DO MANGUE;32;5103;931;18.24
SE;32514;UMBAÚBA;35;19761;3605;18.24
RN;17558;MONTE ALEGRE;44;17267;3147;18.23
RS;87483;PORTO VERA CRUZ;102;1761;321;18.23
BA;39098;SERRINHA;150;63689;11610;18.23
PR;79570;CÉU AZUL;118;8788;1602;18.23
AM;2550;MANAUS;62;149819;27316;18.23
TO;73326;CARMOLÂNDIA;34;2413;440;18.23
BA;39039;SENTO SÉ;96;30127;5490;18.22
AL;27936;MARECHAL DEODORO;26;47095;8580;18.22
BA;37770;PARIPIRANGA;52;23527;4287;18.22
MA;7404;CAPINZAL DO NORTE;69;8689;1582;18.21
SP;72397;VIRADOURO;98;13103;2386;18.21
RN;16756;FLORÂNIA;21;8397;1529;18.21
MG;41327;PEDRA BONITA;2;6260;1140;18.21
PR;75990;INÁCIO MARTINS;34;8367;1524;18.21
RS;88471;SANTA ROSA;42;57973;10550;18.2
RS;86096;COLORADO;117;2995;545;18.2
PB;20737;LUCENA;2;12879;2344;18.2
SP;63258;CATIGUÁ;179;5688;1035;18.2
PB;21350;PILÕEZINHOS;47;5890;1072;18.2
MA;7919;GRAÇA ARANHA;108;6274;1142;18.2
BA;35157;FEIRA DE SANTANA;157;107712;19593;18.19
BA;36714;JUSSARA;159;14126;2570;18.19
RS;85421;POUSO NOVO;104;1660;302;18.19
PB;22390;UIRAÚNA;53;13083;2378;18.18
RS;89125;CAPÃO BONITO DO SUL;28;2112;384;18.18
BA;36315;ITAPICURU;81;23461;4266;18.18
BA;38911;SAPEAÇU;142;16207;2946;18.18
PI;10910;HUGO NAPOLEÃO;52;4428;805;18.18
SC;80713;CANELINHA;31;10123;1839;18.17
RS;86215;CRUZEIRO DO SUL;29;9328;1695;18.17
SC;80098;ÁGUAS DE CHAPECÓ;70;4732;860;18.17
RN;18678;SERRINHA;13;7068;1284;18.17
SP;61093;ÁGUAS DE LINDÓIA;134;14061;2554;18.16
GO;94374;JOVIÂNIA;45;5772;1048;18.16
PR;75469;MANFRINÓPOLIS;69;3122;567;18.16
PR;76619;LEÓPOLIS;26;3502;636;18.16
MG;45756;GUIDOVAL;275;6718;1220;18.16
SC;81612;ITAJAÍ;16;73375;13328;18.16
MG;44890;ESTIVA;300;9545;1732;18.15
SE;31194;CAMPO DO BRITO;24;15710;2852;18.15
BA;30759;BARRO ALTO;174;11523;2091;18.15
RR;3077;BONFIM;9;12329;2238;18.15
SP;61565;POTIM;190;12546;2276;18.14
PE;23043;SANTA CRUZ DA BAIXA VERDE;71;9916;1799;18.14
PR;75744;ROSÁRIO DO IVAÍ;136;4714;855;18.14
TO;73067;CACHOEIRINHA;10;2029;368;18.14
SC;81590;ITAIÓPOLIS;38;16680;3026;18.14
RN;16578;CORONEL JOÃO PESSOA;43;4073;739;18.14
PR;75582;QUARTO CENTENÁRIO;92;3470;629;18.13
BA;37940;PIRAÍ DO NORTE;151;7100;1287;18.13
BA;33596;BARRA DO MENDES;176;12115;2196;18.13
MA;8290;MATINHA;86;20053;3634;18.12
RS;85529;SEGREDO;53;5695;1032;18.12
PE;25534;SANTA MARIA DO CAMBUCÁ;46;11524;2088;18.12
ES;56120;MARATAÍZES;43;33342;6042;18.12
BA;37710;PALMEIRAS;89;7857;1424;18.12
MA;8214;LORETO;62;8569;1553;18.12
PR;74900;VENTANIA;17;7525;1363;18.11
SC;82694;POUSO REDONDO;57;12260;2220;18.11
MG;48658;MONTES CLAROS;317;117162;21217;18.11
MG;53430;SETE LAGOAS;264;66934;12124;18.11
SC;80632;CAMPO ALEGRE;30;10133;1835;18.11
TO;96431;XAMBIOÁ;12;8639;1564;18.1
PR;74438;BALSA NOVA;182;12129;2195;18.1
BA;39152;SOUTO SOARES;174;14232;2576;18.1
BA;38792;SÃO FÉLIX;118;10118;1830;18.09
RJ;59013;SÃO JOÃO DE MERITI;88;65961;11932;18.09
PB;22039;SÃO SEBASTIÃO DE LAGOA DE ROÇA;19;9171;1659;18.09
MG;47490;LAGOA FORMOSA;330;15873;2871;18.09
PR;79979;JESUÍTAS;120;7384;1335;18.08
RS;87467;PORTO MAUÁ;42;2251;407;18.08
SC;80837;CONCÓRDIA;90;21134;3821;18.08
BA;30716;AMÉRICA DOURADA;199;12503;2260;18.08
MG;41971;CAETANÓPOLIS;206;8761;1584;18.08
PR;78719;SÃO JOÃO;151;9177;1659;18.08
CE;15814;VÁRZEA ALEGRE;62;32554;5887;18.08
PR;74799;CAMPO DO TENENTE;11;6393;1156;18.08
TO;73350;SANTA FÉ DO ARAGUAIA;34;5526;999;18.08
MS;90891;ITAPORÃ;43;14201;2568;18.08
MA;8249;SANTO AMARO DO MARANHÃO;32;13330;2410;18.08
SC;80705;PARAÍSO;82;3609;652;18.07
TO;73334;ARAGOMINAS;34;4450;804;18.07
AL;28193;OLIVENÇA;19;10337;1868;18.07
MG;43710;CONTAGEM;93;115761;20908;18.06
PB;22136;SERRA DA RAIZ;47;3167;572;18.06
PI;12130;SIMÕES;56;12484;2254;18.06
PI;11398;OEIRAS;5;31021;5602;18.06
GO;95052;OURO VERDE DE GOIÁS;144;3766;680;18.06
PA;4243;SANTA BÁRBARA DO PARÁ;36;18358;3315;18.06
AL;28290;PASSO DE CAMARAGIBE;12;12513;2258;18.05
MG;41912;CACHOEIRA DA PRATA;322;3473;627;18.05
RS;86916;HORIZONTINA;120;14887;2687;18.05
MG;46337;ITABIRA;132;88413;15960;18.05
PE;23337;BELO JARDIM;45;60920;10995;18.05
RN;17817;PASSA E FICA;12;10054;1815;18.05
ES;56073;ANCHIETA;17;24797;4477;18.05
RJ;58335;DUQUE DE CAXIAS;103;82046;14811;18.05
AM;2550;MANAUS;65;132690;23933;18.04
RJ;58335;DUQUE DE CAXIAS;200;76242;13751;18.04
CE;14036;GUARAMIRANGA;5;6646;1199;18.04
MA;8206;SANTA FILOMENA DO MARANHÃO;79;6119;1104;18.04
RS;87475;MIRAGUAÍ;101;4473;807;18.04
PE;25658;SÃO JOAQUIM DO MONTE;132;17631;3181;18.04
RS;86665;DERRUBADAS;101;2624;473;18.03
BA;39047;SERRA DO RAMALHO;71;26065;4697;18.02
RS;87866;SÃO VALÉRIO DO SUL;107;2348;423;18.02
ES;57070;MARILÂNDIA;46;10864;1958;18.02
RS;85650;CAIBATÉ;52;4013;723;18.02
BA;39144;SÍTIO DO MATO;71;11257;2029;18.02
RN;18716;SÍTIO NOVO;53;5162;930;18.02
RS;88684;NOVO CABRAIS;10;3764;678;18.01
RN;16080;ITAJÁ;54;7286;1312;18.01
RS;85995;CAXIAS DO SUL;169;114343;20588;18.01
RN;16250;CAMPO GRANDE;31;8816;1588;18.01
RS;86436;ERVAL SECO;132;5497;990;18.01
BA;39276;TEODORO SAMPAIO;130;6868;1237;18.01
MG;47074;JECEABA;338;5837;1051;18.01
PI;10111;ANGICAL DO PIAUÍ;43;6640;1196;18.01
MT;99074;INDIAVAÍ;41;2028;365;18.0
RN;17752;PARAZINHO;52;5532;996;18.0
BA;38636;SANTA MARIA DA VITÓRIA;72;30271;5446;17.99
PE;23990;CUPIRA;86;19864;3574;17.99
PR;74411;ATALAIA;71;3479;626;17.99
RS;86533;ESTRELA;21;24675;4437;17.98
MG;53430;SETE LAGOAS;322;51482;9258;17.98
BA;36692;JUAZEIRO;48;90120;16194;17.97
BA;34410;CARINHANHA;125;22328;4013;17.97
RS;86479;ESPUMOSO;4;12400;2228;17.97
PR;76716;MALLET;37;10552;1896;17.97
MG;52914;SÃO SEBASTIÃO DO OESTE;139;7573;1361;17.97
RJ;58335;DUQUE DE CAXIAS;128;65993;11860;17.97
PI;12084;ALVORADA DO GURGUÉIA;59;4659;837;17.97
BA;38164;PRESIDENTE TANCREDO NEVES;197;21689;3896;17.96
RN;17051;JAPI;16;5746;1032;17.96
BA;38067;PONTO NOVO;149;15183;2727;17.96
PI;10448;SANTA CRUZ DOS MILAGRES;74;3971;713;17.96
RS;88889;PASSA SETE;53;3747;673;17.96
RN;17698;OURO BRANCO;23;4580;822;17.95
PR;78735;SÃO JOÃO DO CAIUÁ;87;4585;823;17.95
MA;8338;MIRADOR;72;16373;2939;17.95
RS;86967;MAQUINÉ;77;5922;1063;17.95
MT;90310;BARÃO DE MELGAÇO;38;6862;1232;17.95
RN;16551;CORONEL EZEQUIEL;68;4902;880;17.95
PR;75221;CARAMBEÍ;139;17446;3132;17.95
RN;18651;SERRA NEGRA DO NORTE;26;6262;1124;17.95
SC;80810;CHAPECÓ;35;83642;15015;17.95
PB;21253;PEDRAS DE FOGO;44;25239;4529;17.94
SP;61441;SALTINHO;270;7141;1281;17.94
MA;7757;DUQUE BACELAR;28;9654;1732;17.94
MG;40002;ALFREDO VASCONCELOS;25;6138;1101;17.94
PE;23914;CONDADO;125;19764;3545;17.94
MG;51993;SANTO ANTÔNIO DO AVENTUREIRO;170;3747;672;17.93
GO;94196;ITAPURANGA;77;21491;3854;17.93
BA;33294;ANGUERA;157;10304;1847;17.93
PB;22098;SÃO VICENTE DO SERIDÓ;23;9254;1659;17.93
SC;81795;JOINVILLE;95;88460;15857;17.93
AM;2550;MANAUS;58;120499;21598;17.92
SP;61492;APARECIDA;190;26836;4808;17.92
ES;57053;VITÓRIA;52;138928;24890;17.92
TO;73253;JUARINA;4;2277;408;17.92
ES;56235;CACHOEIRO DE ITAPEMIRIM;2;84299;15107;17.92
MG;40401;MAMONAS;109;6126;1098;17.92
RS;86797;GIRUÁ;127;12735;2281;17.91
MT;91898;JUSCIMEIRA;14;8751;1567;17.91
BA;38733;SANTO ANTÔNIO DE JESUS;202;39373;7050;17.91
TO;73130;SANTA MARIA DO TOCANTINS;33;2546;456;17.91
PB;21857;SÃO JOSÉ DA LAGOA TAPADA;52;7125;1276;17.91
PI;10855;FRONTEIRAS;40;9541;1708;17.9
RN;18015;POÇO BRANCO;62;11674;2090;17.9
BA;34231;CANARANA;174;20021;3583;17.9
SP;69876;ROSEIRA;190;8328;1491;17.9
MA;7730;DOM PEDRO;48;17803;3186;17.9
BA;35335;GUANAMBI;64;67489;12072;17.89
RO;728;PRIMAVERA DE RONDÔNIA;9;3047;545;17.89
PR;77739;PLANALTINA DO PARANÁ;94;3432;614;17.89
RS;88994;SAPIRANGA;131;61250;10949;17.88
BA;39659;VITÓRIA DA CONQUISTA;39;104687;18722;17.88
RN;16519;CEARÁ-MIRIM;6;60280;10776;17.88
BA;37079;MALHADA DE PEDRAS;90;7896;1412;17.88
TO;95591;PORTO NACIONAL;3;47070;8417;17.88
CE;98558;UMIRIM;23;16067;2873;17.88
PR;75230;CORBÉLIA;126;13858;2478;17.88
PR;76171;ITAPEJARA D OESTE;73;9159;1638;17.88
PI;12009;SÃO JOÃO DA FRONTEIRA;21;5375;961;17.88
PE;24210;GLÓRIA DO GOITÁ;21;23472;4196;17.88
MG;51675;SANTANA DE CATAGUASES;79;3385;605;17.87
PB;21970;SÃO JOSÉ DOS CORDEIROS;58;3778;675;17.87
PI;12483;OLHO D ÁGUA DO PIAUÍ;52;2708;484;17.87
AL;27057;ARAPIRACA;22;79297;14169;17.87
RS;98299;JÓIA;155;6196;1107;17.87
CE;15610;SOLONÓPOLE;55;14292;2552;17.86
PE;23698;CAMOCIM DE SÃO FÉLIX;132;15623;2788;17.85
BA;30813;CAPELA DO ALTO ALEGRE;196;9756;1741;17.85
BA;34215;CANÁPOLIS;99;8772;1566;17.85
PR;75213;CONTENDA;50;13638;2435;17.85
SP;64777;GUARULHOS;278;102735;18339;17.85
MG;52973;SÃO SEBASTIÃO DO RIO VERDE;259;2163;386;17.85
MG;41920;CONFINS;215;7057;1260;17.85
BA;39390;UAUÁ;83;22079;3942;17.85
CE;15830;VIÇOSA DO CEARÁ;35;48288;8616;17.84
RN;16152;ANGICOS;18;10219;1823;17.84
SC;82198;MORRO DA FUMAÇA;34;14207;2534;17.84
AM;98353;IRANDUBA;56;45948;8198;17.84
RN;16594;CRUZETA;22;6955;1241;17.84
SE;31399;DIVINA PASTORA;14;4411;787;17.84
BA;38733;SANTO ANTÔNIO DE JESUS;56;38513;6867;17.83
SE;31712;LARANJEIRAS;13;22132;3944;17.82
MG;42633;CARANDAÍ;68;20681;3685;17.82
RJ;58335;DUQUE DE CAXIAS;127;98937;17632;17.82
TO;92088;CASEARA;28;3951;704;17.82
RS;85782;IMIGRANTE;125;2800;499;17.82
SC;81205;SANTIAGO DO SUL;78;1538;274;17.82
PA;5070;OURÉM;41;16525;2945;17.82
TO;73318;ARAGUANÃ;12;3552;633;17.82
PB;19690;CACIMBA DE AREIA;65;4343;774;17.82
PE;25135;PAULISTA;146;78545;13996;17.82
SC;81523;SALTINHO;69;3274;583;17.81
PB;22110;SERRA BRANCA;58;10863;1935;17.81
PB;20958;MONTEIRO;29;27191;4843;17.81
BA;30910;FILADÉLFIA;149;15281;2722;17.81
PA;4871;MARAPANIM;32;25293;4504;17.81
PE;25313;RECIFE;149;113775;20265;17.81
RN;16306;JUNDIÁ;9;4775;850;17.8
BA;34630;CONCEIÇÃO DA FEIRA;108;17483;3112;17.8
MG;48194;MATO VERDE;180;10840;1930;17.8
SC;82031;MAJOR VIEIRA;8;6050;1077;17.8
RS;85847;VISTA GAÚCHA;101;2652;472;17.8
MT;91219;NOSSA SENHORA DO LIVRAMENTO;20;13537;2408;17.79
PI;10499;CARACOL;79;8414;1497;17.79
MG;51551;SANTA LUZIA;246;63695;11334;17.79
PB;19330;BARRA DE SANTA ROSA;67;11480;2041;17.78
PA;4510;COLARES;8;12702;2259;17.78
PE;24279;GRAVATÁ;30;67863;12065;17.78
PR;79251;TIJUCAS DO SUL;199;13059;2322;17.78
GO;93696;GOIANDIRA;8;4561;811;17.78
SP;67695;NOVA ODESSA;292;47408;8431;17.78
SP;66630;MACAUBAL;77;5924;1053;17.78
RS;87157;ITATIBA DO SUL;20;3342;594;17.77
PB;21172;PATOS;28;67671;12023;17.77
PR;74420;NOVO ITACOLOMI;28;2996;532;17.76
PE;23205;ARAÇOIABA;85;17404;3089;17.75
SC;81027;CAPIVARI DE BAIXO;99;18207;3231;17.75
ES;56502;IBITIRAMA;18;7471;1326;17.75
MA;7129;BACABEIRA;18;16057;2850;17.75
RS;87750;PAIM FILHO;95;3753;666;17.75
MA;8613;PEDREIRAS;9;28040;4973;17.74
PB;22411;UMBUZEIRO;18;7797;1383;17.74
PR;78573;SANTO ANTÔNIO DO SUDOESTE;83;15509;2752;17.74
PR;78077;REBOUÇAS;62;12151;2155;17.74
BA;34436;CASA NOVA;66;57206;10148;17.74
SP;61182;EMBAÚBA;171;2448;434;17.73
PB;21458;PRATA;43;4236;751;17.73
MA;7234;BACABAL;13;71838;12738;17.73
PI;11495;PALMEIRAIS;8;13336;2364;17.73
MA;8044;PAULINO NEVES;40;15080;2673;17.73
RS;86703;ENGENHO VELHO;146;1179;209;17.73
RN;18937;RAFAEL GODEIRO;37;3667;650;17.73
BA;34053;CAFARNAUM;55;14513;2572;17.72
PI;11916;SÃO FÉLIX DO PIAUÍ;74;3968;703;17.72
PE;26034;TERRA NOVA;78;8841;1567;17.72
TO;73342;MURICILÂNDIA;34;2874;509;17.71
RN;18236;SANTA CRUZ;16;27658;4897;17.71
CE;15890;CRUZ;30;23786;4212;17.71
RN;16004;TENENTE LAURENTINO CRUZ;21;5580;988;17.71
BA;30856;CANUDOS;83;13077;2314;17.7
PA;4430;CAPANEMA;25;54759;9694;17.7
PI;11088;SÃO JOÃO DA CANABRAVA;28;4502;797;17.7
RS;84824;DOIS LAJEADOS;22;3119;552;17.7
PE;24090;FERREIROS;27;10137;1794;17.7
DF;97012;BRASÍLIA;19;110330;19519;17.69
SP;70777;SÃO CAETANO DO SUL;166;69182;12237;17.69
RO;370;NOVA BRASILÂNDIA D OESTE;15;13407;2372;17.69
SC;83534;TANGARÁ;47;6620;1171;17.69
PR;74632;BORRAZÓPOLIS;110;6279;1110;17.68
PR;76830;MARECHAL CÂNDIDO RONDON;121;40475;7157;17.68
AL;27952;MARIBONDO;48;11142;1970;17.68
PE;23051;AGRESTINA;86;20932;3701;17.68
PI;12556;VERA MENDES;57;3670;649;17.68
PA;5436;SÃO DOMINGOS DO CAPIM;50;25155;4448;17.68
BA;33634;BARREIRAS;70;59443;10510;17.68
AM;2550;MANAUS;70;115990;20499;17.67
DF;97012;BRASÍLIA;14;113823;20107;17.67
MA;8567;TRIZIDELA DO VALE;9;16878;2983;17.67
RN;16330;BOM JESUS;5;9083;1605;17.67
MG;47937;MARAVILHAS;219;6311;1115;17.67
PB;21199;PAULISTA;69;10996;1943;17.67
SC;82376;PALMITOS;41;12297;2172;17.66
RS;86100;ANDRÉ DA ROCHA;75;1399;247;17.66
SP;66397;LIMEIRA;66;109309;19306;17.66
MG;40738;ARAPONGA;107;6500;1147;17.65
MG;48950;NOVA LIMA;194;77107;13608;17.65
PA;4316;BONITO;41;12897;2276;17.65
PR;75140;BOA VENTURA DE SÃO ROQUE;38;5080;896;17.64
GO;92169;MORRO AGUDO DE GOIÁS;77;3067;541;17.64
RS;87530;MUÇUM;67;3973;701;17.64
RN;18139;RIACHO DE SANTANA;65;3843;678;17.64
RN;30031;BARAÚNA;58;22038;3887;17.64
CE;15750;UMARI;15;6522;1150;17.63
SP;66338;LAVRINHAS;42;6102;1076;17.63
AP;6009;PRACUÚBA;1;4022;709;17.63
SC;81795;JOINVILLE;105;68411;12062;17.63
CE;13447;CATUNDA;54;9313;1642;17.63
PE;24872;MORENO;14;48774;8600;17.63
RS;86371;ERECHIM;20;34987;6167;17.63
PA;4103;MÃE DO RIO;49;25345;4468;17.63
MT;90670;CUIABÁ;39;114806;20242;17.63
GO;94234;ITAUÇU;57;7690;1355;17.62
PA;4278;BELÉM;73;130572;23001;17.62
SP;66834;MARINÓPOLIS;232;1754;309;17.62
PR;77399;PALOTINA;124;24632;4339;17.62
CE;13455;BELA CRUZ;96;21553;3798;17.62
PR;74128;ÂNGULO;150;2817;496;17.61
PI;12041;SEBASTIÃO BARROS;22;4633;816;17.61
PI;12386;JOÃO COSTA;20;3918;690;17.61
SP;61352;AMÉRICO DE CAMPOS;138;4769;840;17.61
MG;41335;BETIM;316;170041;29941;17.61
CE;13021;MADALENA;63;14764;2600;17.61
PR;84638;JURANDA;98;6202;1092;17.61
AL;27693;JACUÍPE;14;6044;1064;17.6
PE;25216;PETROLINA;83;81945;14425;17.6
PB;19798;CAMALAÚ;29;6294;1108;17.6
MG;45276;FORTUNA DE MINAS;322;3012;530;17.6
SE;31119;BARRA DOS COQUEIROS;2;31707;5579;17.6
SP;68195;PARANAPUÃ;427;3392;597;17.6
AP;6068;CUTIAS;10;6300;1109;17.6
PA;5312;SANTA MARIA DO PARÁ;4;22313;3928;17.6
RN;16810;GOIANINHA;9;22264;3917;17.59
PR;78417;SANTA CECÍLIA DO PAVÃO;63;3121;549;17.59
RS;85472;BOM RETIRO DO SUL;21;9902;1742;17.59
MG;42072;CAMACHO;296;3110;547;17.59
MG;48658;MONTES CLAROS;184;84891;14927;17.58
MA;8095;JOÃO LISBOA;58;21876;3846;17.58
SE;31011;AMPARO DE SÃO FRANCISCO;19;3095;544;17.58
TO;73083;PALMEIRANTE;8;4317;759;17.58
PB;22055;SÃO SEBASTIÃO DO UMBUZEIRO;29;3304;581;17.58
MG;48658;MONTES CLAROS;185;81822;14382;17.58
PB;20591;JURIPIRANGA;44;9829;1727;17.57
MG;41165;NOVA PORTEIRINHA;147;6102;1072;17.57
RS;84840;TUNAS;154;3346;588;17.57
PR;75973;IMBITUVA;29;23461;4123;17.57
SE;32131;PROPRIÁ;19;20113;3532;17.56
PI;12530;TAMBORIL DO PIAUÍ;36;2989;525;17.56
RN;17795;PARNAMIRIM;50;147649;25930;17.56
DF;97012;BRASÍLIA;3;69831;12265;17.56
MG;46159;INGAÍ;343;2824;496;17.56
PB;20532;JUAREZ TÁVORA;9;7954;1396;17.55
PE;25054;PARANATAMA;92;11943;2096;17.55
RN;16632;DOUTOR SEVERIANO;43;6326;1110;17.55
SC;81787;BRUNÓPOLIS;7;2907;510;17.54
MG;49174;OURO BRANCO;88;30112;5281;17.54
PE;25216;PETROLINA;144;79690;13974;17.54
SC;80462;VARGEM;7;2628;461;17.54
SE;32190;RIBEIRÓPOLIS;26;14762;2588;17.53
TO;94099;ITAGUATINS;11;4717;827;17.53
PI;11436;PADRE MARCOS;68;6038;1058;17.52
AC;1090;MÂNCIO LIMA;4;14657;2568;17.52
RS;89419;TRÊS PASSOS;86;18437;3231;17.52
PE;25933;TACAIMBÓ;44;11013;1930;17.52
TO;73210;CENTENÁRIO;33;1930;338;17.51
SP;68152;PARAÍSO;171;4547;796;17.51
TO;92410;ARAGUAÍNA;34;11139;1950;17.51
MG;53430;SETE LAGOAS;263;49000;8582;17.51
BA;37133;MARAGOGIPE;118;34902;6111;17.51
MG;51659;SANTANA DA VARGEM;273;5973;1045;17.5
RS;88056;PORTO XAVIER;96;7966;1394;17.5
AL;27057;ARAPIRACA;55;79693;13945;17.5
SC;80330;ASCURRA;15;6551;1146;17.49
BA;36617;JEQUIÉ;23;52554;9190;17.49
MG;44296;DESTERRO DO MELO;25;4211;736;17.48
RN;18511;SÃO PEDRO;8;6475;1132;17.48
MG;43192;CHALÉ;158;5275;922;17.48
RS;87688;SANTO EXPEDITO DO SUL;103;2242;392;17.48
PB;19844;APARECIDA;63;7247;1266;17.47
RS;87106;MORMAÇO;54;2764;483;17.47
MG;53490;SIMÃO PEREIRA;173;3145;549;17.46
BA;37850;PEDRO ALEXANDRE;51;10164;1775;17.46
SC;81795;JOINVILLE;96;86305;15070;17.46
SC;83453;SEARA;61;13942;2434;17.46
SP;71390;SEVERÍNIA;80;11642;2033;17.46
BA;34517;CENTRAL;159;13497;2357;17.46
RS;88781;VESPASIANO CORRÊA;67;2485;434;17.46
RS;84832;SÃO DOMINGOS DO SUL;138;2596;453;17.45
PI;11975;SÃO JOÃO DA SERRA;47;6905;1205;17.45
PA;4995;NOVA TIMBOTEUA;33;11967;2088;17.45
SC;81248;CAPÃO ALTO;104;3120;544;17.44
MA;7153;ANAPURUS;24;14136;2466;17.44
GO;93149;GUARAÍTA;77;2781;485;17.44
RS;87815;PANAMBI;115;32201;5616;17.44
BA;33065;ADUSTINA;52;12402;2163;17.44
SC;81957;LONTRAS;102;9347;1630;17.44
RN;16950;ITAÚ;45;5189;905;17.44
PI;11134;LUIS CORREIA;91;27367;4769;17.43
RS;88862;ARARICÁ;131;6414;1118;17.43
AL;27855;MACEIÓ;33;96662;16852;17.43
AL;28312;PAULO JACINTO;28;6620;1154;17.43
PB;21016;NAZAREZINHO;63;7091;1236;17.43
SC;82171;MONTE CASTELO;81;6982;1217;17.43
CE;15539;SÃO LUÍS DO CURU;23;12630;2202;17.43
PE;24732;LAGOA DOS GATOS;86;11190;1950;17.43
CE;13811;COREAÚ;64;19700;3431;17.42
ES;56871;RIO NOVO DO SUL;35;8808;1534;17.42
BA;34193;CAMPO FORMOSO;53;57975;10101;17.42
PR;79855;CAFELÂNDIA;126;13247;2307;17.42
BA;34355;CANSANÇÃO;50;28890;5034;17.42
GO;95850;SANTA ROSA DE GOIÁS;13;3527;614;17.41
BA;39810;PÉ DE SERRA;114;12191;2121;17.4
PA;4855;MARACANÃ;31;27798;4836;17.4
BA;38997;SEBASTIÃO LARANJEIRAS;175;7218;1256;17.4
SC;81221;BELA VISTA DO TOLDO;8;5321;926;17.4
TO;73571;PUGMIL;7;2328;405;17.4
CE;15431;SANTANA DO CARIRI;53;13899;2419;17.4
PI;12696;COCAL DOS ALVES;53;5586;972;17.4
PA;4642;MARITUBA;78;90873;15816;17.4
RJ;58238;CARMO;102;14237;2477;17.4
SC;82619;PONTE ALTA;11;4025;700;17.39
PR;74063;OURO VERDE DO OESTE;148;5332;927;17.39
SC;80861;IRATI;78;2036;354;17.39
BA;35157;FEIRA DE SANTANA;154;117339;20407;17.39
PE;23574;CABO DE SANTO AGOSTINHO;121;102709;17864;17.39
RS;88196;ROCA SALES;67;7666;1333;17.39
MG;52370;SÃO GONÇALO DO RIO ABAIXO;22;11721;2038;17.39
SC;83577;TIMBÓ;32;35846;6235;17.39
BA;33898;BROTAS DE MACAÚBAS;94;9505;1653;17.39
AM;2550;MANAUS;40;126213;21941;17.38
TO;73601;LAVANDEIRA;17;2002;348;17.38
MA;7862;LAJEADO NOVO;46;6682;1161;17.38
MT;90670;CUIABÁ;1;97974;17028;17.38
PI;11770;RIBEIRO GONÇALVES;44;5577;969;17.37
PA;4553;CURRALINHO;86;25964;4511;17.37
BA;36633;JEREMOABO;51;29071;5049;17.37
TO;92045;BURITI DO TOCANTINS;10;6689;1162;17.37
MG;44075;CRISTIANO OTONI;88;4448;772;17.36
RS;86010;CERRO LARGO;96;10195;1770;17.36
RN;18899;UPANEMA;49;12260;2128;17.36
RN;18597;SENADOR ELÓI DE SOUZA;5;5748;998;17.36
PR;74489;LIDIANÓPOLIS;93;3461;601;17.36
PR;74659;CAFEARA;159;2223;386;17.36
PR;78611;SANTO ANTÔNIO DO CAIUÁ;87;2358;409;17.35
BA;33332;ANTÔNIO CARDOSO;143;12130;2105;17.35
TO;94170;ITAPORÃ DO TOCANTINS;16;2703;469;17.35
CE;15440;SALITRE;38;14839;2575;17.35
SC;82759;PRESIDENTE GETÚLIO;14;14268;2474;17.34
PE;23086;VERTENTE DO LÉRIO;34;8292;1438;17.34
PR;79936;TUPÃSSI;148;6257;1085;17.34
PR;78778;SÃO JOÃO DO TRIUNFO;52;11623;2015;17.34
PB;19887;VIEIRÓPOLIS;53;5431;942;17.34
PE;26131;TRIUNFO;67;12186;2113;17.34
MG;41947;CÓRREGO FUNDO;114;5391;934;17.33
BA;36382;ITATIM;107;12954;2245;17.33
MG;49379;PAPAGAIOS;219;11723;2032;17.33
TO;94994;NOVO ACORDO;35;4119;714;17.33
RS;86550;FARROUPILHA;61;57062;9885;17.32
RS;88820;MARQUES DE SOUZA;29;3511;608;17.32
PB;19577;BREJO DO CRUZ;38;10744;1861;17.32
SP;69191;PRADÓPOLIS;197;13603;2355;17.31
PI;12408;JOCA MARQUES;27;5603;970;17.31
RN;17914;PEDRA PRETA;17;3295;570;17.3
RS;87289;NOVO MACHADO;120;3081;533;17.3
SC;80780;SÃO MIGUEL DA BOA VISTA;58;1757;304;17.3
PB;21938;SÃO JOSÉ DO BONFIM;65;4531;784;17.3
MG;50954;RIO ACIMA;194;8371;1448;17.3
PE;24899;NAZARÉ DA MATA;23;25649;4434;17.29
PB;20699;LASTRO;63;4395;760;17.29
PR;75450;ENÉAS MARQUES;69;5490;949;17.29
CE;13633;CARIRIAÇU;71;24954;4312;17.28
RJ;58327;PORTO REAL;183;17925;3097;17.28
PI;11177;MANOEL EMÍDIO;67;4913;849;17.28
RS;87076;ILÓPOLIS;145;3634;628;17.28
SP;62570;BRODOWSKI;204;17196;2971;17.28
BA;38857;SÃO GONÇALO DOS CAMPOS;108;30041;5191;17.28
MA;9032;SANTO ANTÔNIO DOS LOPES;69;15375;2657;17.28
RS;87416;MARIANO MORO;20;2211;382;17.28
TO;96598;SILVANÓPOLIS;3;4865;840;17.27
BA;38822;SÃO FÉLIX DO CORIBE;72;12580;2172;17.27
PR;74381;IGUATU;126;2131;368;17.27
MG;49638;PATROCÍNIO DO MURIAÉ;111;5085;878;17.27
TO;96636;NOVA OLINDA;31;8132;1404;17.27
BA;34037;CAETITÉ;63;42181;7284;17.27
MT;90107;SANTA CARMEM;36;4178;721;17.26
PI;12297;DIRCEU ARCOVERDE;95;6674;1152;17.26
PB;22071;SAPÉ;4;38037;6567;17.26
PB;20893;MOGEIRO;6;11482;1982;17.26
BA;37575;NOVA ITARANA;36;6607;1140;17.25
SE;32433;SIRIRI;5;6787;1171;17.25
PR;74640;PINHAL DE SÃO BENTO;83;2579;445;17.25
RN;16713;EXTREMOZ;64;39504;6816;17.25
BA;35955;ITABERABA;42;48749;8411;17.25
PA;4154;ANANINDEUA;107;118636;20460;17.25
RN;16837;GOVERNADOR DIX-SEPT ROSADO;49;12132;2091;17.24
PA;4278;BELÉM;95;98757;17030;17.24
MT;90018;ACORIZAL;1;7353;1268;17.24
RS;87653;NOVA PALMA;119;5060;872;17.23
PI;10618;CRISTINO CASTRO;59;8594;1481;17.23
SC;83879;XAXIM;48;22987;3961;17.23
RS;85545;ALEGRIA;89;3209;553;17.23
PE;23612;CACHOEIRINHA;44;16068;2768;17.23
BA;38199;QUIJINGUE;102;21197;3652;17.23
RS;87904;SÉRIO;29;2072;357;17.23
CE;13650;CARIÚS;43;15846;2728;17.22
SC;81795;JOINVILLE;19;96813;16672;17.22
PI;12670;CARAÚBAS DO PIAUÍ;33;5366;924;17.22
RS;88293;ROQUE GONZALES;96;5416;932;17.21
CE;14311;ITAPIÚNA;105;16385;2820;17.21
BA;38610;SANTALUZ;145;32102;5525;17.21
SC;82392;PAPANDUVA;81;14658;2523;17.21
BA;35157;FEIRA DE SANTANA;156;122041;21003;17.21
RJ;58351;ENGENHEIRO PAULO DE FRONTIN;74;11116;1913;17.21
PE;26271;VITÓRIA DE SANTO ANTÃO;102;22274;3831;17.2
CE;13552;CANINDÉ;33;60219;10359;17.2
PI;12254;VALENÇA DO PIAUÍ;18;17671;3039;17.2
RS;86649;COXILHA;33;2867;493;17.2
PE;24031;ESCADA;19;48189;8287;17.2
RR;3123;PACARAIMA;7;9762;1678;17.19
AP;6041;ITAUBAL;10;8881;1527;17.19
PB;19160;LOGRADOURO;14;4789;823;17.19
MG;50539;PRADOS;228;7485;1286;17.18
CE;13498;BREJO SANTO;70;36964;6351;17.18
SE;31038;AQUIDABÃ;3;17283;2970;17.18
PI;10260;FARTURA DO PIAUÍ;95;4753;816;17.17
SE;31615;ITABI;8;4734;813;17.17
RN;16268;RIO DO FOGO;64;10982;1885;17.16
PB;20575;JUNCO DO SERIDÓ;56;5990;1028;17.16
TO;92738;BREJINHO DE NAZARÉ;3;4228;725;17.15
RS;88978;SÃO VALENTIM;168;3073;527;17.15
PI;10383;PATOS DO PIAUÍ;19;5568;955;17.15
RS;85677;CAIÇARA;94;4303;738;17.15
AL;27731;JARAMATAIA;44;5223;895;17.14
PB;19259;AROEIRAS;49;16290;2792;17.14
RN;16292;BARCELONA;19;4679;802;17.14
SC;80268;CELSO RAMOS;52;2766;474;17.14
PI;12025;SÃO JOÃO DA VARJOTA;5;4131;708;17.14
PE;25518;SANTA MARIA DA BOA VISTA;81;30641;5253;17.14
DF;97012;BRASÍLIA;15;169854;29118;17.14
MG;40789;SÃO JOSÉ DA LAPA;311;19738;3382;17.13
PI;10316;BENEDITINOS;47;9612;1647;17.13
RN;18074;PUREZA;46;8502;1456;17.13
RS;87300;NOVO TIRADENTES;64;1973;338;17.13
PE;23140;DORMENTES;107;16158;2768;17.13
MG;49034;NOVA SERRANA;298;67377;11542;17.13
PE;23000;QUIXABA;98;6216;1065;17.13
PR;79391;UNIFLOR;71;2155;369;17.12
MA;8796;PRESIDENTE DUTRA;54;32781;5612;17.12
GO;93831;GUARANI DE GOIÁS;47;4796;821;17.12
RN;17256;LAGOA DE PEDRAS;44;7693;1316;17.11
SE;32034;PINHÃO;29;5635;964;17.11
GO;93319;CROMÍNIA;25;3970;679;17.1
SC;83950;CORREIA PINTO;93;12108;2070;17.1
TO;73091;CAMPOS LINDOS;32;6887;1177;17.09
BA;37567;NOVA FÁTIMA;196;7957;1360;17.09
BA;39900;SÍTIO DO QUINTO;51;9929;1697;17.09
PI;10979;ISAÍAS COELHO;57;6463;1104;17.08
SP;70696;SANTÓPOLIS DO AGUAPEÍ;25;3231;552;17.08
PA;5118;PEIXE-BOI;25;9487;1620;17.08
PA;4154;ANANINDEUA;72;118534;20229;17.07
RO;515;NOVO HORIZONTE DO OESTE;15;7035;1200;17.06
PI;10839;FRANCISCO SANTOS;28;7087;1209;17.06
SC;81000;SANGÃO;33;8877;1514;17.06
AM;2135;BENJAMIN CONSTANT;20;24218;4131;17.06
PR;78670;SÃO CARLOS DO IVAÍ;100;5076;866;17.06
PI;10987;SÃO JOÃO DO ARRAIAL;80;7625;1301;17.06
SC;82430;PEDRAS GRANDES;33;4152;708;17.05
PE;23876;CHÃ DE ALEGRIA;21;11584;1975;17.05
PB;19615;CAAPORÃ;73;17081;2912;17.05
RS;86410;ERVAL GRANDE;168;4359;743;17.05
SE;31054;ARACAJU;27;140716;23986;17.05
BA;37931;PINDOBAÇU;115;16173;2757;17.05
SC;80080;DOUTOR PEDRINHO;32;3081;525;17.04
SC;81116;GOVERNADOR CELSO RAMOS;2;16835;2868;17.04
PI;11355;NOSSA SENHORA DOS REMÉDIOS;49;8627;1470;17.04
SC;81060;FORQUILHINHA;98;22444;3825;17.04
RN;16977;JAÇANÃ;68;6324;1077;17.03
PB;19020;SOBRADO;4;8060;1373;17.03
TO;96270;GUARAÍ;6;17602;2998;17.03
PI;10421;QUEIMADA NOVA;38;7227;1231;17.03
SP;63452;CONCHAL;75;20926;3564;17.03
RS;88064;VALE DO SOL;162;8086;1377;17.03
PR;75167;BOM JESUS DO SUL;131;3699;630;17.03
BA;33804;BONITO;69;12270;2090;17.03
CE;14834;MULUNGU;5;9751;1660;17.02
PB;21377;PIRPIRITUBA;47;8201;1396;17.02
SE;32417;SIMÃO DIAS;22;37093;6311;17.01
RS;89249;ITATI;77;3450;587;17.01
AM;2550;MANAUS;1;99443;16911;17.01
SE;31470;GENERAL MAYNARD;14;3345;569;17.01
MA;8850;PRIMEIRA CRUZ;32;11110;1890;17.01
RS;88897;SÃO PAULO DAS MISSÕES;166;5214;887;17.01
GO;94919;NOVA AMÉRICA;76;2769;471;17.01
RS;98213;TEUTÔNIA;125;25631;4361;17.01
RN;16063;SÃO MIGUEL DO GOSTOSO;14;9651;1642;17.01
BA;38814;SÃO FELIPE;184;17802;3029;17.01
RN;17418;MACAÍBA;5;54350;9246;17.01
RS;87408;PINHEIRINHO DO VALE;94;3806;647;17.0
BA;35890;IRAQUARA;89;19044;3237;17.0
RS;85022;ERNESTINA;128;2930;498;17.0
PB;19682;TENÓRIO;56;3314;563;16.99
BA;39470;UIBAÍ;159;12012;2041;16.99
PE;23477;BREJÃO;92;9703;1649;16.99
SC;81345;TREVISO;92;3946;670;16.98
SC;83178;SÃO DOMINGOS;49;7343;1247;16.98
TO;95338;GOIATINS;32;8809;1496;16.98
SC;82350;PALMA SOLA;69;5410;918;16.97
SC;82716;PRAIA GRANDE;54;6688;1135;16.97
RS;88374;SANTA BÁRBARA DO SUL;115;6723;1140;16.96
RN;17876;PAU DOS FERROS;40;21145;3587;16.96
TO;95290;COLMÉIA;16;6526;1107;16.96
PI;12599;PORTO ALEGRE DO PIAUÍ;14;2106;357;16.95
RN;17132;JOÃO CÂMARA;10;27705;4695;16.95
PE;23370;BEZERROS;35;48313;8188;16.95
RS;88285;ESPERANÇA DO SUL;86;3315;562;16.95
PA;4278;BELÉM;98;96825;16414;16.95
AL;28576;SANTA LUZIA DO NORTE;8;6471;1096;16.94
MG;46779;ITAVERAVA;87;5696;965;16.94
PR;75418;DOIS VIZINHOS;115;33146;5616;16.94
RN;18090;RAFAEL FERNANDES;65;4933;835;16.93
PR;75590;FLÓRIDA;150;2410;408;16.93
PI;11991;SÃO JOÃO DO PIAUÍ;20;15077;2552;16.93
RS;86568;CHARRUA;100;2510;425;16.93
RS;85600;VISTA ALEGRE;94;2612;442;16.92
MG;47058;JAPARAÍBA;156;3685;623;16.91
RR;3069;CANTÁ;5;17613;2978;16.91
SC;83496;SOMBRIO;54;22226;3756;16.9
PE;23108;SANTA CRUZ;82;12838;2169;16.9
PR;75124;BELA VISTA DA CAROBA;83;2988;505;16.9
BA;39624;VARZEDO;56;9468;1600;16.9
SE;31852;MURIBECA;5;7511;1269;16.9
TO;96210;TOCANTINÓPOLIS;9;16077;2717;16.9
SC;83038;SALTO VELOSO;36;3446;582;16.89
CE;14630;MAURITI;76;36552;6174;16.89
RN;18856;TOUROS;14;28142;4753;16.89
SC;83712;URUBICI;4;8139;1374;16.88
PA;4910;MOCAJUBA;35;29081;4908;16.88
RS;87599;NOVA ARAÇÁ;138;4136;698;16.88
RJ;58122;QUEIMADOS;138;104602;17653;16.88
SC;81582;BANDEIRANTE;45;2976;502;16.87
SC;80594;CAIBI;41;5294;893;16.87
CE;14680;MIRAÍMA;89;12141;2047;16.86
PB;19232;AREIAL;19;6597;1112;16.86
AL;28398;PINDOBA;5;2895;488;16.86
PR;77470;PARANAPOEMA;91;2106;355;16.86
PA;4936;MOJU;37;56811;9581;16.86
PA;4278;BELÉM;28;98760;16655;16.86
CE;14133;INDEPENDÊNCIA;39;21208;3573;16.85
RJ;58335;DUQUE DE CAXIAS;78;103809;17496;16.85
PE;26093;TRACUNHAÉM;23;12070;2033;16.84
RN;17272;LAGOA DE VELHOS;19;3314;558;16.84
TO;92487;PEQUIZEIRO;16;4371;736;16.84
AL;27855;MACEIÓ;3;118696;19989;16.84
MA;8400;SÃO PEDRO DOS CRENTES;82;4689;789;16.83
PI;12092;SÃO PEDRO DO PIAUÍ;30;11541;1942;16.83
MG;41661;ALTO CAPARAÓ;168;4564;768;16.83
RN;18872;UMARIZAL;39;8842;1487;16.82
SC;81558;IRINEÓPOLIS;25;8228;1384;16.82
BA;30775;BARROCAS;150;14895;2504;16.81
DF;97012;BRASÍLIA;11;76697;12894;16.81
RN;18694;SEVERIANO MELO;45;6813;1145;16.81
PB;20397;ITABAIANA;6;19586;3290;16.8
RS;87793;PALMITINHO;94;5953;1000;16.8
CE;15792;URUOCA;25;11317;1901;16.8
PR;75000;ITAIPULÂNDIA;122;9902;1663;16.79
PB;22012;SÃO MIGUEL DE TAIPU;44;6576;1104;16.79
PE;24252;GRANITO;80;6958;1168;16.79
RN;18996;VILA FLOR;11;3254;546;16.78
SC;82996;ROMELÂNDIA;82;4125;692;16.78
CE;14354;JAGUARETAMA;72;15538;2608;16.78
SC;80381;CERRO NEGRO;52;3206;538;16.78
PI;12653;SANTO ANTÔNIO DOS MILAGRES;30;1955;328;16.78
PB;21415;POCINHOS;50;15440;2589;16.77
MG;44571;DONA EUSÉBIA;79;5779;969;16.77
SC;82791;QUILOMBO;78;8066;1353;16.77
PE;23159;ALTINHO;48;17270;2896;16.77
MA;7560;FORMOSA DA SERRA NEGRA;105;14076;2361;16.77
PA;4235;BAIÃO;35;27595;4628;16.77
AP;6017;AMAPÁ;1;7523;1261;16.76
ES;57916;LARANJA DA TERRA;7;9495;1591;16.76
PA;4472;CASTANHAL;50;82009;13738;16.75
CE;14850;NOVA OLINDA;53;12790;2141;16.74
RJ;58025;QUATIS;183;10505;1759;16.74
RS;87394;MARCELINO RAMOS;3;3896;652;16.74
PI;10030;ÁGUA BRANCA;52;15858;2655;16.74
PB;20214;ESPERANÇA;19;26015;4356;16.74
PB;19186;SERTÃOZINHO;47;5104;854;16.73
CE;13277;ARATUBA;105;12289;2056;16.73
MG;53791;TOCANTINS;275;12649;2116;16.73
RN;16993;JANDAÍRA;62;6396;1070;16.73
TO;96997;BARROLÂNDIA;28;4903;820;16.72
RN;17019;JANDUÍS;31;4474;748;16.72
PR;79472;VITORINO;73;5942;993;16.71
SC;83836;XANXERÊ;43;34911;5832;16.71
CE;15458;SANTA QUITÉRIA;54;33618;5618;16.71
RN;16454;CARAÚBAS;36;18980;3172;16.71
TO;96296;PRESIDENTE KENNEDY;4;2825;472;16.71
SE;31453;FREI PAULO;24;13549;2264;16.71
SE;31054;ARACAJU;1;140403;23446;16.7
RS;89230;TAPERA;4;7887;1317;16.7
TO;92002;BERNARDO SAYÃO;4;3604;602;16.7
SC;81531;IRANI;90;7724;1290;16.7
PA;4278;BELÉM;76;86500;14448;16.7
SC;80551;BRUSQUE;86;68866;11499;16.7
RS;87823;SÃO PEDRO DO BUTIÁ;96;2665;445;16.7
PR;74101;ANAHY;126;2828;472;16.69
TO;96130;SÍTIO NOVO DO TOCANTINS;11;8078;1348;16.69
CE;13420;ARARENDÁ;48;9705;1620;16.69
BA;39918;TANQUE NOVO;168;14688;2452;16.69
PB;21296;PICUÍ;25;15036;2508;16.68
BA;39195;TANHAÇU;58;17984;2999;16.68
MA;8265;SÃO DOMINGOS DO AZEITÃO;62;6763;1128;16.68
RS;98256;PAROBÉ;55;39009;6500;16.66
RN;18171;RODOLFO FERNANDES;45;4641;773;16.66
SP;70777;SÃO CAETANO DO SUL;269;78562;13086;16.66
TO;92240;GOIANORTE;16;4496;749;16.66
RJ;59137;SUMIDOURO;64;14193;2365;16.66
PA;4154;ANANINDEUA;43;121079;20154;16.65
PB;21792;SÃO BENTO;69;29523;4913;16.64
SP;65293;IRACEMÁPOLIS;243;17617;2931;16.64
MG;52752;SÃO MIGUEL DO ANTA;268;6021;1002;16.64
PB;19755;CAJAZEIRAS;68;47827;7958;16.64
CE;15776;URUBURETAMA;23;18709;3114;16.64
RS;88706;SETE DE SETEMBRO;96;1804;300;16.63
MG;49875;PEDRO TEIXEIRA;162;2507;417;16.63
TO;73440;PALMAS;29;219783;36540;16.63
TO;92410;ARAGUAÍNA;1;113031;18798;16.63
PI;12220;LAGOA DO SÍTIO;89;4865;809;16.63
SP;69434;RAFARD;38;7253;1206;16.63
PE;24350;IGARASSU;85;89866;14938;16.62
SE;32115;PORTO DA FOLHA;18;25098;4171;16.62
MA;7994;ICATU;31;23106;3838;16.61
PI;10995;ITAINÓPOLIS;57;9605;1595;16.61
MA;7331;BARREIRINHAS;56;52533;8726;16.61
PB;21512;QUEIMADAS;59;36681;6090;16.6
SC;80063;APIÚNA;15;8375;1390;16.6
PA;5410;SÃO CAETANO DE ODIVELAS;8;15886;2637;16.6
PR;75655;FRANCISCO BELTRÃO;69;66806;11091;16.6
BA;36692;JUAZEIRO;47;75546;12532;16.59
CE;15334;REDENÇÃO;52;24248;4022;16.59
SC;80993;DONA EMMA;14;3429;569;16.59
BA;33030;ABARÉ;158;14734;2445;16.59
RS;89265;JACUIZINHO;154;2056;341;16.59
CE;15059;PARACURU;109;33717;5595;16.59
SC;80969;VARGEM BONITA;63;3962;657;16.58
PE;24074;FEIRA NOVA;135;18025;2988;16.58
SC;82775;PRESIDENTE NEREU;102;2237;371;16.58
CE;15733;UBAJARA;73;27963;4636;16.58
RN;17353;LAJES PINTADAS;68;5230;867;16.58
RN;16675;EQUADOR;24;4769;790;16.57
SC;81400;IBIAM;47;1985;329;16.57
RS;87890;PEJUÇARA;17;3096;513;16.57
PB;19879;CATOLÉ DO ROCHA;36;22557;3738;16.57
SE;31356;NOSSA SENHORA APARECIDA;26;7652;1268;16.57
AM;2550;MANAUS;63;134768;22315;16.56
RS;84867;GUABIJU;75;1395;231;16.56
PE;23256;BARRA DE GUABIRABA;39;10106;1674;16.56
PB;20753;MÃE D ÁGUA;30;3876;642;16.56
BA;36552;JAGUARARI;179;23294;3857;16.56
RN;18155;RIACHUELO;8;6909;1144;16.56
RS;85146;PAVERAMA;125;6036;999;16.55
MG;43656;CONSELHEIRO LAFAIETE;87;94215;15595;16.55
MA;7790;FORTALEZA DOS NOGUEIRAS;105;10569;1749;16.55
RR;3093;MUCAJAÍ;6;14383;2380;16.55
RS;88218;RODEIO BONITO;64;5375;889;16.54
SE;31810;MOITA BONITA;26;9837;1627;16.54
SP;63673;CRUZÁLIA;290;1966;325;16.53
PE;24694;LAGOA DE ITAENGA;135;18474;3053;16.53
PA;5517;SÃO MIGUEL DO GUAMÁ;11;42257;6985;16.53
MG;53457;SILVEIRÂNIA;239;2977;492;16.53
MG;48895;NAZARENO;328;6298;1040;16.51
BA;36730;JUSSIAPE;101;6499;1073;16.51
PB;21113;OLIVEDOS;23;4073;672;16.5
BA;35432;IBICOARA;169;15956;2633;16.5
RS;86509;CAPITÃO;104;2872;474;16.5
RN;17639;NÍSIA FLORESTA;67;23401;3860;16.5
BA;39217;TANQUINHO;160;7717;1273;16.5
PB;20516;JOÃO PESSOA;1;108691;17931;16.5
RS;89052;SEBERI;132;9356;1544;16.5
BA;35939;IRECÊ;95;51249;8458;16.5
PI;10502;SÃO BRAZ DO PIAUÍ;95;4155;685;16.49
SC;81710;JACINTO MACHADO;42;9165;1511;16.49
MG;42579;CAPUTIRA;2;7830;1291;16.49
RS;87556;NÃO-ME-TOQUE;117;13469;2220;16.48
RN;18791;TENENTE ANANIAS;41;8205;1352;16.48
TO;92193;ANANÁS;12;7593;1251;16.48
GO;92665;SÃO MIGUEL DO PASSA QUATRO;31;4211;694;16.48
RS;86924;LINHA NOVA;165;1511;249;16.48
MA;8893;SÃO JOSÉ DE RIBAMAR;47;131324;21624;16.47
PB;21539;QUIXABA;28;2501;412;16.47
BA;34452;CASTRO ALVES;43;22931;3774;16.46
BA;35394;IBIASSUCÊ;93;8476;1395;16.46
BA;33391;ARACATU;90;12568;2069;16.46
TO;73245;BRASILÂNDIA DO TOCANTINS;4;1994;328;16.45
PE;23116;ALAGOINHA;120;12070;1985;16.45
RN;17850;PATU;37;9946;1636;16.45
BA;38237;RETIROLÂNDIA;196;12901;2122;16.45
RS;89303;MATO QUEIMADO;52;1617;266;16.45
GO;94072;ITAGUARU;57;5268;866;16.44
SC;80349;SANTA TEREZINHA;38;6527;1073;16.44
CE;13374;BARBALHA;31;53415;8783;16.44
PB;20516;JOÃO PESSOA;64;106804;17562;16.44
AL;27855;MACEIÓ;1;111053;18261;16.44
SE;32298;SANTA ROSA DE LIMA;26;4659;766;16.44
BA;37656;OLIVEIRA DOS BREJINHOS;94;16618;2732;16.44
MA;9210;SÃO LUÍS;3;120725;19847;16.44
SC;80551;BRUSQUE;5;32697;5372;16.43
BA;30899;FÁTIMA;82;15318;2517;16.43
RS;87696;NOVA PRATA;75;18975;3118;16.43
CE;15296;QUIXERAMOBIM;11;60112;9875;16.43
SC;81485;SÃO BERNARDINO;69;2576;423;16.42
BA;39942;NOVO HORIZONTE;88;9200;1511;16.42
PI;10332;BERTOLÍNIA;67;4969;816;16.42
SE;32476;TOBIAS BARRETO;23;42750;7016;16.41
BA;33260;ANDORINHA;45;13508;2217;16.41
SC;80225;ABDON BATISTA;52;2681;440;16.41
AL;27430;COQUEIRO SECO;8;5554;911;16.4
RN;16470;CARNAÚBA DOS DANTAS;22;6324;1037;16.4
PE;25313;RECIFE;2;108206;17749;16.4
RS;84913;VANINI;138;2018;331;16.4
PB;20435;ITAPOROROCA;60;14182;2325;16.39
TO;73024;RIACHINHO;27;3503;574;16.39
RS;84999;IPÊ;6;5497;901;16.39
SC;80535;BRAÇO DO NORTE;44;25562;4184;16.37
CE;14753;MORADA NOVA;47;56913;9314;16.37
SC;81019;ERVAL VELHO;85;3844;629;16.36
PE;24953;OROCÓ;77;12481;2042;16.36
PE;23299;BELÉM DE MARIA;43;9176;1501;16.36
RN;17736;PARAÚ;54;4339;710;16.36
MA;7218;AXIXÁ;31;11529;1886;16.36
SC;80314;ARROIO TRINTA;36;3124;511;16.36
SC;80152;ANCHIETA;82;4991;816;16.35
AM;2755;SÃO PAULO DE OLIVENÇA;22;21421;3503;16.35
CE;14052;HIDROLÂNDIA;54;16000;2616;16.35
MG;40770;ARAÚJOS;298;6636;1085;16.35
AP;6050;MACAPÁ;10;93219;15237;16.35
RN;18570;SÃO VICENTE;21;5396;882;16.35
CE;14974;PACOTI;5;10776;1761;16.34
SP;62200;SANTA SALETE;427;1836;300;16.34
PA;4693;IRITUIA;11;26388;4311;16.34
BA;35254;GENTIO DO OURO;68;9718;1588;16.34
PE;25895;SURUBIM;34;48477;7920;16.34
PB;19780;BARRA DE SANTANA;49;7793;1273;16.34
RS;89591;VERANÓPOLIS;88;18621;3040;16.33
PA;5819;CONCÓRDIA DO PARÁ;87;24113;3935;16.32
CE;13838;CRATEÚS;20;60099;9807;16.32
PB;20257;FREI MARTINHO;25;2942;480;16.32
SP;68039;PALMARES PAULISTA;111;7352;1199;16.31
SC;81426;ENTRE RIOS;48;3097;505;16.31
PB;19461;MARIZÓPOLIS;35;6301;1028;16.31
MA;8419;MORROS;110;16701;2724;16.31
RS;87092;INDEPENDÊNCIA;89;5501;897;16.31
PA;4030;ACARÁ;94;48817;7955;16.3
PR;76970;MARUMBI;70;3950;644;16.3
BA;35831;IPUPIARA;94;8953;1459;16.3
SE;31739;MACAMBIRA;24;6860;1118;16.3
RS;87351;MACHADINHO;103;4842;789;16.29
TO;73377;SUCUPIRA;20;1762;287;16.29
PB;19623;GADO BRAVO;49;8093;1318;16.29
RR;3018;BOA VISTA;1;127873;20833;16.29
MA;7200;BERNARDO DO MEARIM;67;5015;817;16.29
RN;16373;CAIÇARA DO RIO DO VENTO;17;4196;683;16.28
MG;42587;TOCOS DO MOJI;227;4159;677;16.28
PR;74179;AMPÉRE;130;14532;2365;16.27
RS;85987;PARAÍSO DO SUL;157;5367;873;16.27
PB;19526;POÇO DE JOSÉ DE MOURA;37;4432;721;16.27
PB;21750;SANTA RITA;3;36075;5864;16.26
SC;82317;OURO;37;5678;923;16.26
RJ;58297;CORDEIRO;52;16926;2752;16.26
SC;83658;TROMBUDO CENTRAL;57;5524;898;16.26
BA;33910;BRUMADO;90;53467;8694;16.26
CE;15490;SÃO GONÇALO DO AMARANTE;36;51355;8350;16.26
RS;86894;GUARANI DAS MISSÕES;96;5851;950;16.24
CE;15970;MILHÃ;55;11291;1834;16.24
RS;84743;TRÊS ARROIOS;20;2549;414;16.24
SE;31771;MALHADOR;26;10440;1694;16.23
PR;76554;KALORÉ;70;4004;650;16.23
TO;92401;NOVA ROSALÂNDIA;13;2880;467;16.22
RS;88161;BOA VISTA DO SUL;98;2527;410;16.22
BA;35475;IBIPEBA;176;13655;2215;16.22
PR;77550;PAULO FRONTIN;37;5698;924;16.22
RS;88048;UNIÃO DA SERRA;22;1523;247;16.22
MG;43559;CONCEIÇÃO DOS OUROS;300;9042;1466;16.21
PR;75108;ARAPUÃ;93;3263;529;16.21
RN;18759;TAIPU;46;10547;1710;16.21
PB;20516;JOÃO PESSOA;76;129338;20947;16.2
GO;92312;ARAÇU;57;4172;676;16.2
PI;10952;IPIRANGA DO PIAUÍ;64;7746;1255;16.2
RS;88250;RONDA ALTA;146;7415;1201;16.2
CE;15555;SENADOR POMPEU;12;20302;3287;16.19
RN;18376;SÃO GONÇALO DO AMARANTE;51;77509;12546;16.19
MG;42331;CANAÃ;107;4403;713;16.19
PE;24414;INGAZEIRA;50;4249;688;16.19
RS;89247;SANTA CECÍLIA DO SUL;100;1940;314;16.19
PI;10197;ARRAIAL;61;4367;707;16.19
CE;15989;DEPUTADO IRAPUAN PINHEIRO;55;7474;1209;16.18
PB;20451;ITATUBA;8;9118;1475;16.18
CE;14478;JUAZEIRO DO NORTE;119;119171;19279;16.18
RS;89770;COTIPORÃ;88;3488;564;16.17
BA;37427;MULUNGU DO MORRO;55;10988;1777;16.17
PE;23973;CUMARU;91;14479;2341;16.17
PE;25313;RECIFE;3;114820;18554;16.16
MA;7447;CENTRO DO GUILHERME;101;7966;1287;16.16
PR;84697;MISSAL;114;9671;1563;16.16
TO;92142;COMBINADO;22;3892;629;16.16
BA;38377;RIO DO ANTÔNIO;93;10690;1728;16.16
SE;32158;RIACHÃO DO DANTAS;4;17768;2872;16.16
SC;81442;PAIAL;94;1999;323;16.16
SC;81680;TIGRINHOS;58;2043;330;16.15
RS;85057;ALECRIM;102;5602;905;16.15
SE;32239;SALGADO;31;17916;2894;16.15
BA;33995;CACULÉ;93;18021;2908;16.14
RN;17191;JUCURUTU;27;15421;2489;16.14
MA;8010;IGARAPÉ GRANDE;67;8484;1369;16.14
BA;36897;LICÍNIO DE ALMEIDA;117;10121;1634;16.14
CE;13358;BAIXIO;92;5464;882;16.14
AC;1082;RODRIGUES ALVES;4;12185;1967;16.14
PR;76031;IPIRANGA;36;11267;1818;16.14
RN;16144;FERNANDO PEDROZA;18;3409;550;16.13
RS;87025;MATO CASTELHANO;128;3019;487;16.13
RS;84921;BOQUEIRÃO DO LEÃO;93;5325;859;16.13
SE;31992;PEDRA MOLE;29;3372;544;16.13
TO;73113;LAGOA DO TOCANTINS;35;3307;533;16.12
PB;19127;RIACHÃO DO BACAMARTE;8;4999;806;16.12
RS;87327;PARECI NOVO;31;3442;555;16.12
CE;13412;BATURITÉ;5;28552;4603;16.12
CE;13137;ALTO SANTO;86;12108;1952;16.12
BA;34959;CRUZ DAS ALMAS;142;49209;7931;16.12
RN;16934;IPUEIRA;26;2185;352;16.11
PE;23892;CHÃ GRANDE;31;18860;3038;16.11
PI;10081;BONFIM DO PIAUÍ;95;4967;800;16.11
PA;4456;CAPITÃO POÇO;70;42609;6865;16.11
PB;20516;JOÃO PESSOA;77;130447;21016;16.11
RS;86878;GUAPORÉ;22;18948;3052;16.11
PR;78794;SÃO JORGE DO IVAÍ;102;4820;776;16.1
CE;14150;IPAUMIRIM;92;9459;1523;16.1
MA;7544;FERNANDO FALCÃO;97;9487;1527;16.1
RS;84883;DOUTOR MAURÍCIO CARDOSO;120;3822;615;16.09
SC;80853;CORONEL FREITAS;94;8081;1300;16.09
RS;85138;ANTA GORDA;145;4872;784;16.09
MG;51578;SANTA MARGARIDA;2;12910;2077;16.09
PI;11959;SÃO GONÇALO DO PIAUÍ;30;5172;832;16.09
AP;6050;MACAPÁ;14;92834;14925;16.08
SC;80144;UNIÃO DO OESTE;78;2463;396;16.08
PB;19305;BARAÚNA;25;4663;750;16.08
PB;19704;COXIXOLA;58;2047;329;16.07
PR;75027;NOVA ESPERANÇA DO SUDOESTE;162;5165;830;16.07
PI;11479;PALMEIRA DO PIAUÍ;59;4922;791;16.07
PR;78018;QUITANDINHA;11;14118;2267;16.06
SC;82058;MARAVILHA;58;20395;3275;16.06
MG;46698;ITAPECERICA;139;17090;2744;16.06
PA;4294;BENEVIDES;78;49269;7914;16.06
RS;86339;ENCANTADO;67;16617;2668;16.06
SC;82830;RIO DAS ANTAS;6;5383;864;16.05
PR;76155;ITAMBÉ;81;5052;811;16.05
CE;15156;PENTECOSTE;50;32386;5197;16.05
CE;15130;PENAFORTE;70;8694;1395;16.05
PA;4740;CURUÁ;21;11427;1834;16.05
PB;19593;BREJO DOS SANTOS;36;5994;962;16.05
SC;81388;BOM JESUS;43;2593;416;16.04
RS;88528;CRISTAL DO SUL;64;2662;427;16.04
MS;98051;DOURADINA;18;4920;789;16.04
BA;38350;RIO DE CONTAS;101;12117;1944;16.04
CE;15350;RERIUTABA;79;15853;2541;16.03
CE;13595;CARIDADE;111;17474;2801;16.03
PI;10537;COCAL;53;23420;3755;16.03
RN;17590;MOSSORÓ;33;100751;16153;16.03
PI;12238;URUÇUÍ;14;18909;3029;16.02
MA;9210;SÃO LUÍS;10;132551;21229;16.02
AM;2550;MANAUS;37;96953;15519;16.01
PR;77291;OURIZONA;102;2830;453;16.01
RN;16110;ALMINO AFONSO;37;5166;827;16.01
SC;81337;IBICARÉ;47;3018;483;16.0
RS;89494;TUPARENDI;42;7111;1137;15.99
PE;24910;OLINDA;10;98781;15800;15.99
PB;21830;SÃO JOÃO DO TIGRE;29;3965;634;15.99
BA;34975;CURAÇÁ;85;27548;4406;15.99
CE;13056;ACOPIARA;60;38571;6167;15.99
PR;76210;IVAÍ;36;10656;1703;15.98
PA;4278;BELÉM;96;101695;16253;15.98
SE;31054;ARACAJU;2;141060;22545;15.98
PE;25313;RECIFE;4;109797;17543;15.98
AL;27111;BARRA DE SÃO MIGUEL;26;8063;1288;15.97
PI;10588;VÁRZEA BRANCA;95;4694;749;15.96
RS;89699;VICTOR GRAEFF;117;2531;404;15.96
AL;27979;MAR VERMELHO;5;3653;583;15.96
PA;5037;OEIRAS DO PARÁ;45;25487;4067;15.96
CE;13897;FORTALEZA;3;98123;15653;15.95
RS;84808;ALTO ALEGRE;4;1850;295;15.95
AM;2550;MANAUS;31;82623;13175;15.95
RS;84930;FAGUNDES VARELA;88;2439;389;15.95
MG;52353;SÃO GONÇALO DO PARÁ;103;8689;1385;15.94
BA;34274;CANDEAL;114;7799;1243;15.94
PR;79650;NOVA AURORA;120;9631;1535;15.94
PB;20850;MASSARANDUBA;16;12155;1937;15.94
RS;85170;ARATIBA;20;6202;988;15.93
MA;8150;LAGO DO JUNCO;74;8447;1346;15.93
RS;86592;FELIZ;165;11110;1770;15.93
SE;32395;SÃO MIGUEL DO ALEIXO;17;3982;634;15.92
RN;17833;PASSAGEM;13;4547;724;15.92
RR;3158;SÃO LUIZ;4;6082;968;15.92
SC;81108;CORONEL MARTINS;49;2010;320;15.92
MA;9210;SÃO LUÍS;1;120181;19121;15.91
PI;10901;NOVO SANTO ANTÔNIO;47;4732;753;15.91
PR;74446;ITAPERUÇU;156;21624;3441;15.91
PB;19135;SÃO JOÃO DO RIO DO PEIXE;37;14571;2318;15.91
PI;11630;PIO IX;29;15109;2402;15.9
MG;49913;PEQUI;202;3981;633;15.9
SC;82538;PINHALZINHO;66;15631;2485;15.9
CE;13870;FARIAS BRITO;62;17579;2795;15.9
PR;74144;BOA ESPERANÇA DO IGUAÇU;115;2309;367;15.89
PB;20273;GUARABIRA;10;43618;6931;15.89
RS;86282;ALTO FELIZ;165;2870;456;15.89
PR;78816;SÃO JORGE D OESTE;151;8006;1272;15.89
MG;47473;LAGOA DOURADA;228;10425;1657;15.89
RN;17779;PARELHAS;24;17461;2774;15.89
RN;17590;MOSSORÓ;34;87262;13862;15.89
RN;16071;ÁGUA NOVA;65;3009;478;15.89
PB;20915;MONTADAS;50;5373;853;15.88
CE;98574;VARJOTA;65;15992;2540;15.88
SC;81752;JARAGUÁ DO SUL;87;68817;10929;15.88
PA;4472;CASTANHAL;4;61925;9827;15.87
RS;89370;TRÊS COROAS;149;17414;2764;15.87
CE;13382;BANABUIÚ;6;15673;2488;15.87
RN;17450;MARCELINO VIEIRA;65;7032;1116;15.87
CE;15253;POTENGI;68;8102;1286;15.87
SE;31593;ITABAIANINHA;30;32189;5110;15.87
PB;19003;RIACHÃO DO POÇO;4;4868;772;15.86
PR;77178;NOVA AMÉRICA DA COLINA;35;3349;531;15.86
RS;86070;CIRÍACO;138;3627;575;15.85
SC;81574;ITÁ;61;5888;933;15.85
MG;50776;RAPOSOS;194;12906;2046;15.85
CE;15598;SOBRAL;121;64825;10273;15.85
PA;4278;BELÉM;1;81919;12969;15.83
PB;22233;SOLEDADE;23;11716;1855;15.83
SC;81124;SÃO JOÃO DO ITAPERIÚ;68;4277;677;15.83
PI;10723;CAMPO GRANDE DO PIAUÍ;19;5304;839;15.82
AM;2550;MANAUS;32;120634;19086;15.82
PA;5371;SANTARÉM NOVO;33;6794;1075;15.82
SC;82252;NOVA TRENTO;53;11343;1794;15.82
CE;14796;MORRINHOS;44;19053;3014;15.82
RS;86614;FLORES DA CUNHA;68;25103;3969;15.81
SE;31917;NOSSA SENHORA DAS DORES;16;21460;3391;15.8
PR;77593;PÉROLA D OESTE;107;5285;835;15.8
PI;10430;CAMPO MAIOR;96;16448;2599;15.8
PB;21890;SÃO JOSÉ DE ESPINHARAS;51;4450;703;15.8
SC;81604;FLOR DO SERTÃO;58;1772;280;15.8
RN;17515;FRUTUOSO GOMES;39;4173;659;15.79
RN;16314;BENTO FERNANDES;62;4926;778;15.79
PI;10553;CONCEIÇÃO DO CANINDÉ;90;5002;790;15.79
PI;10391;BURITI DOS LOPES;33;17653;2788;15.79
BA;35157;FEIRA DE SANTANA;155;88539;13981;15.79
RS;85286;ESTAÇÃO;70;4871;769;15.79
RN;16390;CAICÓ;25;45036;7107;15.78
CE;15032;PALMÁCIA;4;9908;1563;15.78
SC;80845;OURO VERDE;71;2040;322;15.78
PI;12190;TERESINA;2;119248;18816;15.78
TO;73105;SÃO FÉLIX DO TOCANTINS;35;1852;292;15.77
AL;28533;RIO LARGO;15;68061;10735;15.77
MG;47732;LUMINÁRIAS;343;4351;686;15.77
PA;4618;GURUPÁ;26;24520;3864;15.76
PI;10820;ILHA GRANDE;4;9354;1474;15.76
SC;80438;BENEDITO NOVO;32;8293;1307;15.76
TO;94838;NAZARÉ;9;4125;650;15.76
PE;25739;SÃO LOURENÇO DA MATA;13;83623;13173;15.75
SC;81094;GALVÃO;49;2750;433;15.75
MA;8320;SÃO JOÃO DO PARAÍSO;46;8599;1354;15.75
RS;85863;VISTA ALEGRE DO PRATA;75;1657;261;15.75
RN;18392;SÃO JOÃO DO SABUGI;26;5309;836;15.75
MA;8168;RAPOSA;93;24288;3822;15.74
PB;21750;SANTA RITA;2;67464;10618;15.74
SC;81035;FAXINAL DOS GUEDES;43;8705;1369;15.73
CE;13919;FRECHEIRINHA;81;13849;2178;15.73
SC;80608;RIO RUFINO;4;2423;381;15.72
SC;83011;SALETE;46;6344;997;15.72
RS;89320;NOVO XINGU;146;1591;250;15.71
SC;81671;ITUPORANGA;39;19872;3121;15.71
CE;13226;EUSÉBIO;88;59877;9404;15.71
PE;24775;LIMOEIRO;24;45789;7188;15.7
PE;25135;PAULISTA;114;84739;13297;15.69
SE;32379;SÃO FRANCISCO;19;3798;596;15.69
PI;11533;PARNAÍBA;3;112895;17709;15.69
PE;23574;CABO DE SANTO AGOSTINHO;15;69431;10897;15.69
RS;84816;NOVA HARTZ;131;14667;2300;15.68
RS;87378;MARAU;62;31646;4963;15.68
AM;2550;MANAUS;59;109078;17097;15.67
MA;9318;SUCUPIRA DO NORTE;72;8257;1294;15.67
CE;15318;QUIXERÉ;29;18875;2956;15.66
PB;19518;BOQUEIRÃO;62;15970;2499;15.65
SC;82279;NOVA VENEZA;98;12429;1945;15.65
SC;82414;PAULO LOPES;107;7411;1160;15.65
SC;83976;OTACÍLIO COSTA;93;12683;1984;15.64
PR;74284;ENTRE RIOS DO OESTE;129;3721;582;15.64
RS;87670;NOVA PETRÓPOLIS;129;18127;2834;15.63
PA;4634;IGARAPÉ-AÇU;5;31175;4874;15.63
PI;10375;BOM JESUS;15;19900;3110;15.63
MA;9210;SÃO LUÍS;76;138059;21576;15.63
RS;85707;SEDE NOVA;91;2508;392;15.63
RS;85405;PROTÁSIO ALVES;75;1939;303;15.63
SC;83232;SÃO JOÃO DO SUL;54;7398;1155;15.61
BA;37915;PINDAÍ;117;12750;1989;15.6
PI;12521;TANQUE DO PIAUÍ;48;2725;425;15.6
PA;5290;SANTA IZABEL DO PARÁ;36;49185;7667;15.59
RS;89036;SARANDI;83;17132;2670;15.58
PE;24554;ITAQUITINGA;125;12828;1999;15.58
TO;73202;ITAPIRATINS;33;3403;530;15.57
TO;73520;LUZINÓPOLIS;9;2601;405;15.57
SC;80128;VITOR MEIRELES;14;4377;681;15.56
RN;17574;MONTE DAS GAMELEIRAS;15;3052;475;15.56
MA;9377;TIMON;19;124767;19409;15.56
RS;87947;SINIMBU;40;6825;1061;15.55
CE;13170;APUIARÉS;50;12696;1974;15.55
CE;13897;FORTALEZA;1;126970;19748;15.55
RS;88838;SÃO MARCOS;137;16687;2595;15.55
PI;12211;UNIÃO;16;38750;6024;15.55
PI;10049;BAIXA GRANDE DO RIBEIRO;44;11444;1779;15.55
RS;87017;IBIRUBÁ;121;16439;2557;15.55
PB;20834;MARI;4;18460;2870;15.55
RS;85731;CAMPINA DAS MISSÕES;166;4989;776;15.55
RS;87262;NOVO BARREIRO;32;3794;590;15.55
PI;10308;JARDIM DO MULATO;43;4530;704;15.54
RS;87629;SANTA TEREZA;8;1750;272;15.54
CE;15091;PARAMOTI;111;10188;1581;15.52
PB;19992;CRUZ DO ESPÍRITO SANTO;3;16431;2549;15.51
SE;32336;SÃO CRISTÓVÃO;21;61859;9592;15.51
PE;25119;PAUDALHO;17;45812;7101;15.5
RS;85235;ARROIO DO TIGRE;154;9941;1541;15.5
PR;74624;PATO BRAGADO;121;4506;698;15.49
BA;38970;SEABRA;88;35799;5547;15.49
PI;12050;SÃO JULIÃO;40;5605;868;15.49
PA;4278;BELÉM;29;98680;15284;15.49
RS;89508;TIO HUGO;117;2707;419;15.48
SC;82074;MASSARANDUBA;60;13335;2064;15.48
RS;84948;ÁGUA SANTA;100;3300;511;15.48
RS;86584;COLINAS;21;2354;364;15.46
RS;88757;SÃO JOSÉ DO OURO;103;5762;891;15.46
PR;75531;FLORAÍ;71;4346;672;15.46
RR;3131;SÃO JOÃO DA BALIZA;4;5728;885;15.45
PB;21571;RIACHO DOS CAVALOS;38;8428;1302;15.45
RS;85340;PINHAL;64;2557;395;15.45
RS;88943;MAMPITUBA;85;3155;487;15.44
RS;87637;NOVA BRÉSCIA;104;2805;433;15.44
SC;80950;DESCANSO;45;7241;1118;15.44
CE;15270;QUIXADÁ;6;61599;9507;15.43
PI;10138;ANÍSIO DE ABREU;79;7166;1105;15.42
PE;25313;RECIFE;6;107143;16525;15.42
AP;6050;MACAPÁ;2;135544;20901;15.42
PR;76457;JARDIM OLINDA;91;1350;208;15.41
PI;12165;CARIDADE DO PIAUÍ;56;5023;774;15.41
BA;36765;LAGOA REAL;63;10624;1637;15.41
PI;12572;CAJUEIRO DA PRAIA;91;7643;1177;15.4
PB;22250;SOUSA;35;48187;7419;15.4
RN;16896;IELMO MARINHO;46;11530;1776;15.4
PR;74500;MARIPÁ;124;5176;797;15.4
RS;89397;TRÊS DE MAIO;89;18415;2834;15.39
RS;87122;MORRINHOS DO SUL;85;3216;495;15.39
RS;88358;SANANDUVA;95;13017;2002;15.38
CE;14230;IRAUÇUBA;41;19467;2994;15.38
CE;14176;IPU;21;33130;5095;15.38
RS;89540;PINTO BANDEIRA;8;2438;375;15.38
RR;3050;ALTO ALEGRE;3;13408;2061;15.37
PE;26298;CAMARAGIBE;127;73713;11332;15.37
SC;82236;NOVA ERECHIM;66;4037;620;15.36
PB;20516;JOÃO PESSOA;70;116470;17891;15.36
PE;25313;RECIFE;7;110834;17020;15.36
TO;73229;RECURSOLÂNDIA;33;2936;451;15.36
PE;24236;GOIANA;25;67037;10292;15.35
PE;23817;CARUARU;106;109248;16775;15.35
SE;31950;NOSSA SENHORA DO SOCORRO;34;123924;19020;15.35
RS;89613;VIADUTOS;3;4028;618;15.34
RS;89079;SELBACH;4;4334;665;15.34
RS;84859;SÃO JOÃO DA URTIGA;95;4198;644;15.34
PR;75426;GUAMIRANGA;29;6603;1012;15.33
SE;32450;TELHA;19;3641;558;15.33
BA;36919;LIVRAMENTO DE NOSSA SENHORA;101;34703;5320;15.33
AM;2917;AMATURÁ;22;7522;1153;15.33
PE;24651;JUPI;92;13003;1992;15.32
PI;11550;PAULISTANA;38;17052;2612;15.32
TO;94056;ITACAJÁ;33;5446;834;15.31
PB;21652;SANTA CRUZ;63;5529;846;15.3
RS;87033;IGREJINHA;149;26693;4084;15.3
ES;56081;VILA PAVÃO;30;7761;1187;15.29
SC;80217;ANITÁPOLIS;67;3343;511;15.29
PB;19950;CONGO;43;5388;824;15.29
RN;18910;VÁRZEA;13;5584;853;15.28
SC;83135;SÃO BONIFÁCIO;67;2932;448;15.28
RS;89087;BOZANO;23;2625;401;15.28
CE;14419;JAGUARUANA;75;28915;4416;15.27
CE;14060;IBARETAMA;6;13532;2066;15.27
SE;31216;CANHOBA;8;4709;719;15.27
CE;14273;ITAPAJÉ;41;39662;6057;15.27
RS;85820;MONTAURI;22;1514;231;15.26
CE;13579;CAPISTRANO;105;16205;2473;15.26
SC;80020;IPORÃ DO OESTE;65;7715;1177;15.26
PE;25615;SÃO CAITANO;44;30888;4714;15.26
SC;81760;BARRA BONITA;82;1855;283;15.26
PE;25313;RECIFE;9;115044;17539;15.25
SC;82570;PIRATUBA;37;5246;800;15.25
PB;19860;SÃO FRANCISCO;63;4138;631;15.25
RS;86258;DOIS IRMÃOS;153;24787;3778;15.24
RS;89214;TAPEJARA;100;17490;2665;15.24
MA;9210;SÃO LUÍS;89;125407;19111;15.24
RS;85952;CASCA;138;7527;1146;15.23
RN;17116;JARDIM DO SERIDÓ;23;10316;1571;15.23
RS;89095;SERAFINA CORRÊA;22;12678;1931;15.23
BA;34657;CONCEIÇÃO DO ALMEIDA;184;14213;2164;15.23
MG;42897;CARMÓPOLIS DE MINAS;208;13900;2115;15.22
SC;83151;SÃO CARLOS;70;8222;1251;15.22
RS;87645;SANTO ANTÔNIO DO PALMA;138;2077;316;15.21
RS;89451;TUCUNDUVA;120;4755;723;15.21
PB;19771;CALDAS BRANDÃO;75;5445;828;15.21
PR;79456;VERÊ;115;6888;1048;15.21
PR;79910;PRANCHITA;83;4649;707;15.21
PE;23795;CARPINA;20;59993;9110;15.19
RS;87084;MONTE BELO DO SUL;8;3034;461;15.19
RS;86991;IBIRAIARAS;28;5419;823;15.19
SC;81302;ALTO BELA VISTA;9;1764;268;15.19
PB;21318;PILAR;44;10756;1634;15.19
PB;21695;SANTA LUZIA;26;12261;1863;15.19
PR;77054;MIRASELVA;65;1851;281;15.18
SP;62871;CAJOBI;171;7437;1129;15.18
PA;5398;SANTO ANTÔNIO DO TAUÁ;36;26159;3972;15.18
RS;86231;DAVID CANABARRO;138;4085;620;15.18
SC;80764;NOVO HORIZONTE;49;2570;390;15.18
PR;74160;BOM SUCESSO DO SUL;73;3020;458;15.17
PI;10561;SÃO LOURENÇO DO PIAUÍ;13;4860;737;15.16
MA;7803;LAGO DOS RODRIGUES;74;8271;1254;15.16
RS;89001;ALMIRANTE TAMANDARÉ DO SUL;15;1979;300;15.16
PB;19585;AMPARO;43;2665;404;15.16
PI;11290;MONSENHOR HIPÓLITO;28;7493;1135;15.15
RS;88560;NOVA RAMADA;23;2039;309;15.15
PI;11894;SANTO INÁCIO DO PIAUÍ;90;3644;552;15.15
SC;80039;AGROLÂNDIA;57;8211;1244;15.15
PR;75647;SERRANÓPOLIS DO IGUAÇU;114;4396;666;15.15
CE;15377;RUSSAS;9;58537;8867;15.15
CE;15717;TRAIRI;97;49869;7553;15.15
RS;86770;GETÚLIO VARGAS;70;12197;1848;15.15
SC;82813;RANCHO QUEIMADO;67;3744;567;15.14
SC;83631;TREZE TÍLIAS;47;6439;975;15.14
CE;14575;MARCO;96;23434;3549;15.14
RS;85642;VILA MARIA;62;3675;556;15.13
TO;92606;SANTA TEREZA DO TOCANTINS;35;3061;463;15.13
PB;19372;BAYEUX;61;74369;11255;15.13
SC;80527;GUATAMBÚ;35;6236;943;15.12
SC;81825;ZORTÉA;37;3214;486;15.12
SC;82066;MAREMA;48;2215;335;15.12
CE;13218;ARACATI;8;57417;8684;15.12
TO;92592;BABAÇULÂNDIA;8;6651;1005;15.11
CE;14591;MARTINÓPOLE;25;10730;1621;15.11
CE;13692;CASCAVEL;7;60466;9131;15.1
RJ;58165;COMENDADOR LEVY GASPARIAN;40;8033;1213;15.1
RN;16209;SERRINHA DOS PINTOS;38;4196;633;15.09
PB;21598;RIO TINTO;55;18838;2842;15.09
PB;20974;MULUNGU;75;9094;1371;15.08
CE;13323;TEJUÇUOCA;41;15973;2408;15.08
BA;37451;MUNIZ FERREIRA;202;8206;1237;15.07
BA;34673;CONCEIÇÃO DO COITÉ;132;54576;8227;15.07
RS;85979;CATUÍPE;23;7517;1132;15.06
RS;85065;BROCHIER;31;3961;596;15.05
MG;50873;RESSAQUINHA;25;4433;667;15.05
PE;26271;VITÓRIA DE SANTO ANTÃO;18;81674;12294;15.05
SC;80748;BELMONTE;45;2400;361;15.04
RN;17213;MESSIAS TARGINO;37;4715;709;15.04
BA;38873;SÃO MIGUEL DAS MATAS;36;9030;1358;15.04
RS;89060;BOA VISTA DO INCRA;17;2195;330;15.03
BA;37397;MUCUGÊ;119;9863;1482;15.03
SC;81540;JUPIÁ;49;2255;339;15.03
RS;88234;ROLANTE;55;16313;2451;15.02
SE;31690;LAGARTO;12;82331;12366;15.02
SC;81213;GRAVATAL;99;9437;1417;15.02
SE;31933;NOSSA SENHORA DE LOURDES;8;6277;943;15.02
RS;85332;BARÃO DE COTEGIPE;148;5354;804;15.02
PI;12190;TERESINA;97;104940;15754;15.01
PE;25259;POMBOS;102;20453;3069;15.01
CE;15016;PALHANO;9;9841;1477;15.01
BA;39896;SÃO GABRIEL;95;16440;2467;15.01
RN;16128;TRIUNFO POTIGUAR;31;4239;636;15.0
RS;86746;GENTIL;62;1673;251;15.0
RS;88854;SÃO MARTINHO;107;4808;721;15.0
RS;87424;PONTÃO;33;3373;506;15.0
RJ;58386;MACUCO;52;7132;1070;15.0
PI;12114;SÃO RAIMUNDO NONATO;13;27458;4119;15.0
RS;85740;RIOZINHO;55;4370;655;14.99
CE;14656;MERUOCA;24;13277;1989;14.98
RS;85367;TRÊS CACHOEIRAS;85;8189;1227;14.98
PI;12394;JATOBÁ DO PIAUÍ;7;6898;1033;14.98
TO;73121;BOM JESUS DO TOCANTINS;23;3672;550;14.98
RN;16179;ANTÔNIO MARTINS;38;5912;885;14.97
SC;83291;SÃO JOSÉ DO CEDRO;50;10947;1638;14.96
CE;15415;SANTANA DO ACARAÚ;44;25778;3856;14.96
PB;19828;RIACHO DE SANTO ANTÔNIO;62;2834;424;14.96
CE;14478;JUAZEIRO DO NORTE;28;81175;12147;14.96
PI;12491;PEDRO LAURENTINO;69;3276;490;14.96
MG;50113;PIRACEMA;208;6032;902;14.95
RS;86908;LINDOLFO COLLOR;118;4683;700;14.95
PI;12726;NAZÁRIA;97;11555;1728;14.95
PB;20672;LAGOA SECA;13;22056;3298;14.95
RS;85294;AUGUSTO PESTANA;155;5869;877;14.94
SC;80560;RIQUEZA;41;3992;596;14.93
PI;12157;SIMPLÍCIO MENDES;37;10329;1542;14.93
RS;88463;DOM PEDRO DE ALCÂNTARA;85;2646;395;14.93
SC;81329;FREI ROGÉRIO;11;2251;336;14.93
PI;10529;SÃO JOSÉ DO DIVINO;21;5071;757;14.93
RS;86606;COQUEIROS DO SUL;15;2451;366;14.93
PI;12190;TERESINA;98;134853;20121;14.92
PB;21814;SÃO JOÃO DO CARIRI;22;4578;683;14.92
MA;9210;SÃO LUÍS;2;124520;18559;14.9
SE;31895;NOSSA SENHORA DA GLÓRIA;17;30467;4539;14.9
PI;11274;MONSENHOR GIL;58;10476;1560;14.89
RN;16772;FRANCISCO DANTAS;40;2868;427;14.89
RN;16730;FELIPE GUERRA;45;7070;1052;14.88
BA;35637;IBITITÁ;104;15648;2328;14.88
PI;12190;TERESINA;1;120783;17972;14.88
SE;31097;AREIA BRANCA;13;15286;2275;14.88
CE;13285;PINDORETAMA;7;21261;3163;14.88
PE;23817;CARUARU;105;121541;18088;14.88
RS;86975;IBIAÇÁ;95;3988;593;14.87
CE;15598;SOBRAL;24;88248;13106;14.85
RS;87190;JACUTINGA;148;2991;444;14.84
BA;39730;LAPÃO;104;22037;3270;14.84
SC;81280;BOCAINA DO SUL;21;3180;472;14.84
CE;15938;ICAPUÍ;8;17718;2629;14.84
PE;25313;RECIFE;150;109628;16255;14.83
PE;25313;RECIFE;5;116736;17312;14.83
SE;31313;CEDRO DE SÃO JOÃO;3;5345;792;14.82
CE;14117;IGUATU;13;71278;10562;14.82
PE;25313;RECIFE;8;107776;15957;14.81
AL;28770;SATUBA;8;15433;2286;14.81
SC;83097;SANTO AMARO DA IMPERATRIZ;67;20294;3005;14.81
AP;6157;SANTANA;6;85900;12723;14.81
SE;31518;GRACCHO CARDOSO;3;6449;955;14.81
PE;26298;CAMARAGIBE;138;53439;7912;14.81
PI;10960;NOVA SANTA RITA;69;4142;613;14.8
PE;25992;TAQUARITINGA DO NORTE;51;22236;3292;14.8
PB;22179;SERRA REDONDA;72;6492;961;14.8
CE;14532;LIMOEIRO DO NORTE;29;46944;6936;14.78
PI;10065;BOM PRINCÍPIO DO PIAUÍ;33;6778;1001;14.77
PA;4790;LIMOEIRO DO AJURU;88;22959;3388;14.76
PE;24910;OLINDA;117;101564;14987;14.76
RS;87580;SALVADOR DAS MISSÕES;96;2746;405;14.75
BA;38270;RIACHÃO DO JACUÍPE;114;27708;4086;14.75
PE;23027;LAGOA DO CARRO;20;15710;2318;14.75
SC;80799;CAXAMBU DO SUL;70;4374;645;14.75
PE;26336;ITAPISSUMA;131;21440;3162;14.75
PI;12580;CURRALINHOS;58;5297;781;14.74
SC;80772;CATANDUVAS;18;8118;1196;14.73
PE;25399;SAIRÉ;132;11278;1661;14.73
BA;35670;ICHU;132;6009;885;14.73
RS;88331;SALVADOR DO SUL;152;5640;831;14.73
RS;89133;SEVERIANO DE ALMEIDA;20;3414;503;14.73
RS;88080;VALE REAL;165;4872;717;14.72
PI;10430;CAMPO MAIOR;7;19416;2858;14.72
MA;9296;SÍTIO NOVO;99;13984;2057;14.71
SC;83313;SÃO JOSÉ DO CERRITO;104;7722;1136;14.71
RS;85960;CAMARGO;62;2637;388;14.71
RS;87360;PICADA CAFÉ;129;4533;667;14.71
RS;87041;MATO LEITÃO;93;4115;605;14.7
RS;87602;SANTA CLARA DO SUL;29;5711;839;14.69
SC;82872;RIO DO OESTE;102;6043;888;14.69
RS;84875;QUINZE DE NOVEMBRO;121;3825;562;14.69
BA;38806;SÃO DOMINGOS;120;7986;1172;14.68
RS;85030;AJURICABA;23;5799;851;14.67
CE;13501;FORTIM;8;17196;2523;14.67
PR;78476;SANTA INÊS;95;1684;247;14.67
PB;19453;BOM JESUS;68;3055;448;14.66
RS;85014;AGUDO;119;12534;1837;14.66
SC;80292;ARMAZÉM;99;7195;1054;14.65
TO;73580;BANDEIRANTES DO TOCANTINS;31;2799;410;14.65
MA;8494;PAÇO DO LUMIAR;93;90287;13221;14.64
CE;13188;HORIZONTE;78;62776;9188;14.64
CE;13730;CAUCAIA;37;96681;14144;14.63
RS;89117;SERTÃO;70;5015;733;14.62
PB;19720;PARARI;58;2403;351;14.61
RN;17078;JARDIM DE ANGICOS;10;3156;461;14.61
RS;87220;NOVA PÁDUA;68;2410;352;14.61
RS;85154;ANTÔNIO PRADO;6;10712;1563;14.59
RS;84760;PROGRESSO;29;4932;719;14.58
SE;31372;CUMBE;16;4501;656;14.57
RS;86037;CHAPADA;15;7697;1121;14.56
RR;3042;AMAJARI;7;7631;1111;14.56
CE;15997;PARAIPABA;109;27584;4016;14.56
RN;16195;APODI;35;30219;4398;14.55
RS;85561;SALDANHA MARINHO;115;2529;368;14.55
RS;86525;CARLOS GOMES;3;1396;203;14.54
PR;78336;SALGADO FILHO;131;3590;522;14.54
RS;89184;CORONEL PILAR;98;1569;228;14.53
RS;88277;RONDINHA;83;4481;651;14.53
PI;10685;DOM INOCÊNCIO;13;7564;1099;14.53
PA;4677;INHANGAPI;4;9354;1359;14.53
AP;6076;MAZAGÃO;5;22212;3223;14.51
SC;83917;MARACAJÁ;1;6447;935;14.5
PE;25135;PAULISTA;12;73902;10714;14.5
RS;85243;IPIRANGA DO SUL;70;2098;304;14.49
BA;38130;PRESIDENTE DUTRA;95;11979;1735;14.48
RS;86169;NOVA ALVORADA;62;2805;406;14.47
PE;24910;OLINDA;100;101598;14680;14.45
RS;87343;PASSO DO SOBRADO;162;5251;759;14.45
PE;26310;ABREU E LIMA;119;79387;11460;14.44
PR;78174;RIO AZUL;62;11268;1625;14.42
PB;21490;PUXINANÃ;50;12878;1857;14.42
PI;10146;CALDEIRÃO GRANDE DO PIAUÍ;40;5176;746;14.41
SC;80543;PLANALTO ALEGRE;70;2907;419;14.41
TO;73180;SÃO MIGUEL DO TOCANTINS;11;9833;1417;14.41
MG;44598;DORES DE CAMPOS;228;8082;1165;14.41
RS;86959;HUMAITÁ;91;4020;579;14.4
RS;86690;GARIBALDI;98;26403;3802;14.4
PI;10324;LAGOA ALEGRE;16;8599;1238;14.4
PI;12416;JUAZEIRO DO PIAUÍ;34;5440;783;14.39
SC;81752;JARAGUÁ DO SUL;17;62637;9015;14.39
PI;11851;SANTA LUZ;59;5273;758;14.38
PI;10340;LAGOA DO BARRO DO PIAUÍ;69;4646;668;14.38
RS;89206;CRUZALTENSE;148;1928;277;14.37
PA;4650;IGARAPÉ-MIRI;6;53657;7701;14.35
SP;62227;VITÓRIA BRASIL;233;1673;240;14.35
PI;11533;PARNAÍBA;4;5528;792;14.33
PI;12378;FRANCISCO MACEDO;68;2841;407;14.33
CE;13897;FORTALEZA;95;106630;15283;14.33
RN;18112;RIACHO DA CRUZ;63;2759;395;14.32
CE;15695;TIANGUÁ;81;59588;8531;14.32
SC;82899;RIO DOS CEDROS;55;8999;1286;14.29
PE;26077;TORITAMA;112;35207;5026;14.28
PA;5479;SÃO FRANCISCO DO PARÁ;5;15923;2274;14.28
SC;80802;ARVOREDO;61;2620;374;14.27
PI;10367;MARCOLÂNDIA;68;8736;1245;14.25
RS;86126;POÇO DAS ANTAS;125;2014;287;14.25
CE;14958;PACATUBA;57;57825;8229;14.23
RN;17094;JARDIM DE PIRANHAS;26;11100;1580;14.23
TO;96970;APARECIDA DO RIO NEGRO;35;4670;664;14.22
SC;83356;SÃO LUDGERO;44;9949;1415;14.22
RS;98272;FORTALEZA DOS VALOS;17;3686;524;14.22
RS;85669;TAQUARUÇU DO SUL;94;2822;401;14.21
CE;13196;AQUIRAZ;66;69632;9885;14.2
PI;10766;CURRAIS;15;6287;893;14.2
PA;4014;ABAETETUBA;7;123890;17568;14.18
PB;20311;GURJÃO;22;3193;452;14.16
PR;79790;NOVA SANTA ROSA;124;7055;998;14.15
PI;12190;TERESINA;63;113150;15983;14.13
PI;11878;SANTO ANTÔNIO DE LISBOA;28;6371;900;14.13
RS;87610;NOVA BASSANO;75;7205;1018;14.13
PI;10928;NOSSA SENHORA DE NAZARÉ;96;6117;863;14.11
RS;86711;GAURAMA;3;5195;733;14.11
RS;88749;VILA LÂNGARO;100;2175;307;14.11
PI;10359;BOCAINA;28;5573;785;14.09
CE;15920;IBICUITINGA;47;12514;1762;14.08
RN;18252;SANTANA DO SERIDÓ;24;2635;371;14.08
SC;83690;TURVO;42;10409;1466;14.08
RS;85197;ARROIO DO MEIO;104;17325;2438;14.07
RS;86622;CORONEL BARROS;23;2668;375;14.06
PB;21237;PEDRA LAVRADA;25;5944;836;14.06
RN;18457;SÃO JOSÉ DO SERIDÓ;22;4515;635;14.06
RN;16853;GROSSOS;32;9557;1343;14.05
RS;84751;NOVA ROMA DO SUL;6;3182;447;14.05
SC;83810;WITMARSUM;14;3494;491;14.05
CE;14257;ITAIÇABA;75;7213;1012;14.03
CE;13080;TURURU;17;15653;2195;14.02
RS;86304;AMETISTA DO SUL;64;6067;850;14.01
RS;86983;MARATÁ;31;2435;341;14.0
RS;88269;CHUVISCA;12;4354;609;13.99
BA;35017;DOM BASÍLIO;101;10634;1484;13.96
RS;85383;SÃO VENDELINO;165;2409;336;13.95
SC;83933;TIMBÉ DO SUL;42;4542;633;13.94
SC;80420;BRAÇO DO TROMBUDO;57;3307;461;13.94
SC;81930;LEOBERTO LEAL;39;3293;459;13.94
SC;80586;LAJEADO GRANDE;48;1593;222;13.94
RN;16020;SERRA DO MEL;58;13225;1842;13.93
SC;82856;RIO DO CAMPO;46;5436;757;13.93
SC;82155;MONDAÍ;41;7441;1036;13.92
SC;80136;ALFREDO WAGNER;4;8139;1132;13.91
RN;18350;SÃO FERNANDO;23;3720;517;13.9
PB;19810;CAMPINA GRANDE;16;75913;10549;13.9
RN;18830;TIMBAÚBA DOS BATISTAS;23;2748;382;13.9
CE;98531;QUIXELÔ;13;14956;2077;13.89
TO;96199;TOCANTÍNIA;5;5453;757;13.88
SC;81647;PRINCESA;50;2564;356;13.88
PI;12181;CURRAL NOVO DO PIAUÍ;56;5409;750;13.87
RS;86886;LAGOA DOS TRÊS CANTOS;117;1717;238;13.86
RS;88765;SENADOR SALGADO FILHO;127;2669;370;13.86
SC;80365;MIRIM DOCE;46;2265;314;13.86
RS;89460;SÃO JOSÉ DO SUL;31;2065;286;13.85
PB;19801;CATURITÉ;59;5518;763;13.83
PI;10073;ALTOS;32;37002;5118;13.83
PI;10650;DEMERVAL LOBÃO;54;13788;1905;13.82
SC;82970;RODEIO;15;9464;1307;13.81
TO;96792;RIO SONO;23;4294;593;13.81
SE;31577;ITABAIANA;9;76645;10580;13.8
CE;13854;CRATO;27;95932;13236;13.8
RS;85936;CARLOS BARBOSA;152;23696;3270;13.8
CE;15911;FORQUILHA;121;19740;2723;13.79
CE;13439;BEBERIBE;84;46979;6478;13.79
MA;7838;GODOFREDO VIANA;64;7329;1010;13.78
PE;24155;FREI MIGUELINHO;46;12929;1782;13.78
CE;13897;FORTALEZA;93;91803;12653;13.78
RS;89346;PAULO BENTO;148;2280;314;13.77
PI;12688;CAXINGÓ;33;5777;795;13.76
PI;12122;BETÂNIA DO PIAUÍ;38;5865;807;13.76
PI;11258;MIGUEL LEÃO;58;1890;260;13.76
RS;86061;VILA FLORES;88;3442;473;13.74
RS;85758;CAMPINAS DO SUL;148;4618;634;13.73
PB;19240;CARAÚBAS;22;4534;622;13.72
PI;11096;JOSÉ DE FREITAS;24;35332;4847;13.72
CE;13161;CHOROZINHO;49;18301;2511;13.72
SC;80519;BOTUVERÁ;5;4908;673;13.71
PE;26239;VERTENTES;46;16698;2290;13.71
SC;81183;SÃO PEDRO DE ALCÂNTARA;29;4795;657;13.7
PB;19810;CAMPINA GRANDE;17;125003;17087;13.67
RS;98230;BOM PRINCÍPIO;11;10683;1459;13.66
PE;25496;SANTA CRUZ DO CAPIBARIBE;109;66108;9022;13.65
SC;81361;IOMERÊ;36;2888;394;13.64
RS;89222;FORQUETINHA;29;2588;353;13.64
CE;13129;BARREIRA;52;19586;2671;13.64
PI;10103;BURITI DOS MONTES;34;6972;950;13.63
PB;21130;OURO VELHO;43;3098;422;13.62
PI;10707;CAPITÃO GERVÁSIO OLIVEIRA;69;4054;552;13.62
CE;13730;CAUCAIA;120;55886;7611;13.62
RR;3115;NORMANDIA;9;9686;1319;13.62
SC;83852;XAVANTINA;61;3388;461;13.61
SC;83437;SCHROEDER;17;14004;1906;13.61
PR;74560;MERCEDES;121;4929;671;13.61
CE;15571;SENADOR SÁ;45;7038;958;13.61
PB;19810;CAMPINA GRANDE;72;104342;14202;13.61
PB;19631;CABACEIRAS;62;5237;712;13.6
BA;39594;VALENTE;120;20175;2744;13.6
RS;85430;BOA VISTA DO BURICÁ;89;5645;767;13.59
SC;80870;CORUPÁ;87;11990;1629;13.59
CE;13897;FORTALEZA;112;117143;15893;13.57
RR;3000;CAROEBE;4;7649;1037;13.56
CE;13897;FORTALEZA;2;108339;14693;13.56
PB;19283;SOSSÊGO;24;3672;498;13.56
PB;19356;BARRA DE SÃO MIGUEL;62;6048;820;13.56
CE;14290;ITAPIPOCA;17;103228;13985;13.55
PI;10545;SIGEFREDO PACHECO;7;9278;1256;13.54
PI;10480;SANTANA DO PIAUÍ;62;4214;570;13.53
CE;14370;JAGUARIBARA;72;8993;1215;13.51
PA;4375;BUJARU;87;21846;2947;13.49
PR;77615;PIÊN;144;10850;1461;13.47
RS;89575;VERA CRUZ;162;19445;2620;13.47
PI;10057;ALTO LONGÁ;47;12857;1728;13.44
CE;14613;MASSAPÊ;45;31825;4276;13.44
SC;83771;VIDAL RAMOS;39;5308;713;13.43
PB;19763;ALCANTIL;18;5001;670;13.4
PE;23817;CARUARU;41;24481;3275;13.38
CE;13145;ACARAPE;52;12546;1678;13.37
RN;17370;LUCRÉCIA;39;3467;463;13.35
MA;7498;CÂNDIDO MENDES;64;14853;1981;13.34
RS;89109;CANUDOS DO VALE;29;1944;259;13.32
PI;12319;ALAGOINHA DO PIAUÍ;29;6145;818;13.31
PI;10243;CORONEL JOSÉ DIAS;13;5395;716;13.27
SC;80233;ANTÔNIO CARLOS;2;9356;1240;13.25
SC;80918;CUNHA PORÃ;83;8864;1173;13.23
CE;13242;GUAIÚBA;57;20884;2759;13.21
RS;87742;SÃO JOSÉ DO INHACORÁ;89;2244;296;13.19
CE;13480;ITAITINGA;78;38235;5040;13.18
RR;3107;UIRAMUTÃ;7;9128;1202;13.17
SC;81230;GUABIRUBA;5;17162;2261;13.17
SC;80489;ARABUTÃ;90;3907;514;13.16
SE;31437;FEIRA NOVA;16;6299;829;13.16
PB;22438;VÁRZEA;26;2845;374;13.15
CE;13048;PIRES FERREIRA;21;8610;1131;13.14
SC;81256;GUARACIABA;82;8880;1165;13.12
SC;81043;CORDILHEIRA ALTA;35;4131;542;13.12
BA;33553;BARRA DA ESTIVA;169;21065;2761;13.11
PA;4413;CAMETÁ;12;106190;13897;13.09
SC;81493;IPIRA;37;3857;505;13.09
RS;85723;TUPANDI;11;4296;562;13.08
SC;81698;JABORÁ;18;3843;501;13.04
SC;83615;TREZE DE MAIO;33;6518;849;13.03
PE;25330;RIACHO DAS ALMAS;41;20962;2731;13.03
RS;89524;WESTFALIA;125;2689;350;13.02
SC;81086;MORRO GRANDE;42;2721;354;13.01
SC;80187;IRACEMINHA;58;3717;483;12.99
PB;20001;SANTA CECÍLIA;18;7090;920;12.98
CE;13897;FORTALEZA;118;106091;13704;12.92
SC;80110;ÁGUAS MORNAS;67;6493;839;12.92
RS;87831;PARAÍ;138;5977;772;12.92
RS;87149;MORRO REUTER;153;5415;698;12.89
RS;86401;BARRA FUNDA;83;2716;350;12.89
RS;88609;UBIRETAMA;96;1894;244;12.88
CE;13730;CAUCAIA;123;97055;12451;12.83
RS;88617;SANTO CRISTO;102;12562;1610;12.82
CE;14559;MARANGUAPE;4;83544;10710;12.82
PI;12718;PAU D ARCO DO PIAUÍ;32;5401;690;12.78
CE;13234;ARACOIABA;67;24943;3179;12.75
PI;11592;PICOS;10;54212;6905;12.74
CE;13269;POTIRETAMA;86;5834;743;12.74
CE;13897;FORTALEZA;114;105957;13494;12.74
SC;82139;MODELO;83;3479;443;12.73
CE;13897;FORTALEZA;117;106813;13595;12.73
RS;85324;SÃO JOSÉ DO HORTÊNCIO;11;3728;474;12.71
RS;87173;IVOTI;118;17002;2158;12.69
SC;81167;ERMO;42;2711;343;12.65
RS;86223;BARÃO;152;5073;641;12.64
SC;80357;ATALANTA;57;2919;369;12.64
PI;12513;SUSSUAPARA;62;6735;848;12.59
PI;12505;SÃO FRANCISCO DE ASSIS DO PIAUÍ;90;4780;602;12.59
CE;15857;MARACANAÚ;104;86568;10900;12.59
PI;12424;LAGOA DO PIAUÍ;54;5239;659;12.58
SC;81973;LUIZ ALVES;106;10211;1284;12.57
CE;14931;PACAJUS;49;54458;6848;12.57
CE;13897;FORTALEZA;116;113112;14194;12.55
SC;80179;ANGELINA;67;5017;627;12.5
SC;81450;IMBUIA;39;5201;649;12.48
SC;81469;BOM JESUS DO OESTE;83;1876;234;12.47
SC;80721;SANTA HELENA;45;2208;275;12.45
SC;83925;PESCARIA BRAVA;20;8428;1045;12.4
RS;84735;ÁUREA;3;3213;397;12.36
PB;19941;BOA VISTA;22;6123;754;12.31
SC;81140;JARDINÓPOLIS;78;1699;209;12.3
SC;82112;MELEIRO;42;5868;722;12.3
SC;80322;NOVA ITABERABA;66;3921;479;12.22
PI;12351;CAMPO ALEGRE DO FIDALGO;69;4536;554;12.21
CE;15857;MARACANAÚ;122;92920;11338;12.2
RS;85189;HARMONIA;11;4102;500;12.19
CE;13897;FORTALEZA;80;99154;12079;12.18
SC;81817;LACERDÓPOLIS;85;1979;241;12.18
RS;87505;PRESIDENTE LUCENA;118;2670;324;12.13
SC;83070;SANTA ROSA DE LIMA;44;2019;245;12.13
CE;13897;FORTALEZA;113;107345;12984;12.1
CE;13897;FORTALEZA;83;108700;13147;12.09
PI;10782;GEMINIANO;62;6469;781;12.07
SC;83410;SAUDADES;66;7589;915;12.06
RS;89028;ARROIO DO PADRE;34;2775;334;12.04
RS;86541;CENTENÁRIO;3;2650;319;12.04
PI;11819;SANTA CRUZ DO PIAUÍ;62;5902;710;12.03
SC;81191;GRÃO-PARÁ;44;5610;675;12.03
RS;87661;SANTO ANTÔNIO DO PLANALTO;15;2163;260;12.02
RS;87807;SÃO PEDRO DA SERRA;152;3188;383;12.01
PI;10944;PAQUETÁ;10;4173;501;12.01
RS;87980;TRAVESSEIRO;104;1983;238;12.0
SC;82490;PETROLÂNDIA;39;5523;662;11.99
RS;84794;SÃO JORGE;75;2437;292;11.98
SC;80500;ÁGUAS FRIAS;66;2566;307;11.96
PR;74683;QUATRO PONTES;121;4065;485;11.93
SC;80640;SÃO JOÃO DO OESTE;65;5102;608;11.92
SC;80284;SERRA ALTA;83;2818;336;11.92
PI;10677;DOM EXPEDITO LOPES;62;6542;779;11.91
SC;80373;AURORA;102;5541;660;11.91
CE;13897;FORTALEZA;85;93346;11102;11.89
SC;80055;AGRONÔMICA;102;4554;535;11.75
CE;13897;FORTALEZA;115;106110;12453;11.74
CE;13897;FORTALEZA;82;99881;11638;11.65
PB;21075;NOVA PALMEIRA;25;3681;429;11.65
CE;13307;OCARA;67;25191;2933;11.64
SC;81809;LUZERNA;18;4829;562;11.64
SC;82732;PRESIDENTE CASTELLO BRANCO;9;1670;194;11.62
RS;85839;CÂNDIDO GODÓI;166;5545;641;11.56
SC;81620;CUNHATAÍ;70;1868;216;11.56
CE;13897;FORTALEZA;94;100196;11546;11.52
SC;81876;LAURENTINO;102;6020;693;11.51
SC;81701;CHAPADÃO DO LAGEADO;39;2708;311;11.48
PI;12068;SEBASTIÃO LEAL;67;4234;483;11.41
MA;7080;AMAPÁ DO MARANHÃO;64;4953;565;11.41
RS;87203;NOVA BOA VISTA;83;2028;231;11.39
SC;80446;SUL BRASIL;83;2414;275;11.39
SC;82473;PERITIBA;9;2879;325;11.29
RS;87440;PONTE PRETA;148;1828;204;11.16
SC;83372;SÃO MARTINHO;99;3230;359;11.11
PI;12564;WALL FERRAZ;62;4305;477;11.08
SC;83682;TUNÁPOLIS;65;4043;447;11.06
PI;10189;COIVARAS;32;5672;624;11.0
RS;86207;SANTA MARIA DO HERVAL;153;5271;571;10.83
RS;88226;NOVA CANDELÁRIA;89;2588;270;10.43
RS;86380;BARRA DO RIO AZUL;20;1751;182;10.39
PI;12548;VILA NOVA DO PIAUÍ;68;3001;307;10.23
PI;12335;BELÉM DO PIAUÍ;68;3328;338;10.16
PI;12327;ACAUÃ;38;6390;643;10.06
PI;12734;AROEIRAS DO ITAIM;10;4352;424;9.74
PB;21954;SÃO JOSÉ DO SABUGI;26;4227;400;9.46
PI;10286;JACOBINA DO PIAUÍ;38;5231;467;8.93
SC;82937;RIO FORTUNA;44;4372;388;8.87
PI;10626;BELA VISTA DO PIAUÍ;37;3462;253;7.31
ZZ;29424;BRIDGETOWN;1;22;0;0.0
ZZ;99198;ABUJA;1;3;0;0.0
ZZ;99210;COBIJA;1;1;0;0.0
ZZ;99236;PUERTO QUIJARRO;1;8;0;0.0
ZZ;99244;RIVERA;1;19;0;0.0
ZZ;99279;SANTA ELENA DE UAIRÉN;1;1;0;0.0
ZZ;99287;LUSACA;1;25;0;0.0
ZZ;99295;PYONGYANG;1;1;0;0.0
ZZ;99350;BAMAKO;1;5;0;0.0
ZZ;99325;ADIS ABEBA;1;3;0;0.0
ZZ;99333;ST GEORGES DE LOYAPOCK;1;10;0;0.0
ZZ;99341;LILONGUE;1;6;0;0.0
ZZ;99171;BAGDÁ;1;10;0;0.0
ZZ;99376;YANGON;1;6;0;0.0
ZZ;99384;CASTRIES;1;7;0;0.0
ZZ;29769;HARARE;1;7;0;0.0
ZZ;29629;DACCA;1;1;0;0.0
ZZ;29521;CHUY;1;27;0;0.0
ZZ;29815;IAUNDÊ;1;14;0;0.0
ZZ;30929;COLOMBO;1;12;0;0.0
ZZ;29823;IQUITOS;1;17;0;0.0
ZZ;99147;SAINT JOHNS;1;1;0;0.0
ZZ;38881;BELMOPAN;1;13;0;0.0
ZZ;38903;CONACRI;1;5;0;0.0
ZZ;38920;COTONOU;1;8;0;0.0
ZZ;30669;GABORONE;1;10;0;0.0
ZZ;38989;IEREVAN;1;13;0;0.0
ZZ;39128;BAKU;1;5;0;0.0
ZZ;29963;LOMÉ;1;7;0;0.0
ZZ;39187;BRAZZAVILLE;1;2;0;0.0
ZZ;29939;LIBREVILLE;1;18;0;0.0
ZZ;39225;SÃO TOMÉ;1;18;0;0.0
ZZ;39241;ASTANA;1;13;0;0.0
ZZ;39263;MALABO;1;5;0;0.0
ZZ;39284;UAGADUGU;1;6;0;0.0
ZZ;29874;KINSHASA;1;27;0;0.0
ZZ;29831;ISLAMABADE;1;18;0;0.0
ZZ;99104;TBILISI;1;29;0;0.0
ZZ;30988;SARAJEVO;1;11;0;0.0
ZZ;99139;TIRANA;1;9;0;0.0
